-- MySQL dump 10.13  Distrib 5.6.19, for linux-glibc2.5 (x86_64)
--
-- Host: 127.0.0.1    Database: bento
-- ------------------------------------------------------
-- Server version	5.6.22

/*!40101 SET @OLD_CHARACTER_SET_CLIENT=@@CHARACTER_SET_CLIENT */;
/*!40101 SET @OLD_CHARACTER_SET_RESULTS=@@CHARACTER_SET_RESULTS */;
/*!40101 SET @OLD_COLLATION_CONNECTION=@@COLLATION_CONNECTION */;
/*!40101 SET NAMES utf8 */;
/*!40103 SET @OLD_TIME_ZONE=@@TIME_ZONE */;
/*!40103 SET TIME_ZONE='+00:00' */;
/*!40014 SET @OLD_UNIQUE_CHECKS=@@UNIQUE_CHECKS, UNIQUE_CHECKS=0 */;
/*!40014 SET @OLD_FOREIGN_KEY_CHECKS=@@FOREIGN_KEY_CHECKS, FOREIGN_KEY_CHECKS=0 */;
/*!40101 SET @OLD_SQL_MODE=@@SQL_MODE, SQL_MODE='NO_AUTO_VALUE_ON_ZERO' */;
/*!40111 SET @OLD_SQL_NOTES=@@SQL_NOTES, SQL_NOTES=0 */;

--
-- Table structure for table `Coupon`
--

DROP TABLE IF EXISTS `Coupon`;
/*!40101 SET @saved_cs_client     = @@character_set_client */;
/*!40101 SET character_set_client = utf8 */;
CREATE TABLE `Coupon` (
  `pk_Coupon` varchar(25) NOT NULL,
  `created_at` timestamp NULL DEFAULT CURRENT_TIMESTAMP,
  `updated_at` timestamp NULL DEFAULT NULL ON UPDATE CURRENT_TIMESTAMP,
  `description` text,
  `type_off` enum('percent','amount') DEFAULT 'amount',
  `give_amount` decimal(5,2) DEFAULT NULL,
  `get_amount` decimal(5,2) DEFAULT NULL,
  `type` enum('give','give-get') DEFAULT 'give',
  `is_expired` tinyint(1) DEFAULT '0',
  PRIMARY KEY (`pk_Coupon`)
) ENGINE=InnoDB DEFAULT CHARSET=utf8;
/*!40101 SET character_set_client = @saved_cs_client */;

--
-- Dumping data for table `Coupon`
--

LOCK TABLES `Coupon` WRITE;
/*!40000 ALTER TABLE `Coupon` DISABLE KEYS */;
INSERT INTO `Coupon` VALUES ('1121113370998kkk7','2015-03-12 22:08:05','2015-03-12 22:30:34',NULL,'amount',12.00,NULL,'give',0),('test_vincent','2015-03-18 20:06:00','2015-03-18 20:44:56',NULL,'amount',5.00,NULL,'give',0),('test_vincent_expired','2015-03-18 20:48:29','2015-03-18 20:52:30',NULL,'amount',5.00,NULL,'give',1);
/*!40000 ALTER TABLE `Coupon` ENABLE KEYS */;
UNLOCK TABLES;

--
-- Table structure for table `CouponRedemption`
--

DROP TABLE IF EXISTS `CouponRedemption`;
/*!40101 SET @saved_cs_client     = @@character_set_client */;
/*!40101 SET character_set_client = utf8 */;
CREATE TABLE `CouponRedemption` (
  `pk_CouponRedemption` int(11) NOT NULL AUTO_INCREMENT,
  `fk_User` int(11) DEFAULT NULL,
  `fk_Coupon` varchar(25) DEFAULT NULL,
  `fk_Order` int(11) DEFAULT NULL,
  `fk_CouponWaiting` int(11) DEFAULT NULL,
  `created_at` timestamp NULL DEFAULT CURRENT_TIMESTAMP,
  `updated_at` timestamp NULL DEFAULT NULL,
  `type` enum('Coupon','UserCoupon') DEFAULT 'Coupon',
  PRIMARY KEY (`pk_CouponRedemption`)
) ENGINE=InnoDB AUTO_INCREMENT=50 DEFAULT CHARSET=latin1;
/*!40101 SET character_set_client = @saved_cs_client */;

--
-- Dumping data for table `CouponRedemption`
--

LOCK TABLES `CouponRedemption` WRITE;
/*!40000 ALTER TABLE `CouponRedemption` DISABLE KEYS */;
INSERT INTO `CouponRedemption` VALUES (40,1,'1121113370998kkk7',NULL,NULL,'2015-08-17 20:45:09',NULL,'Coupon'),(41,1,'VINCENT2',NULL,NULL,'2015-08-17 20:45:09',NULL,'UserCoupon'),(47,2,'1121113370998kkk7',NULL,NULL,'2015-08-17 20:45:09',NULL,'Coupon'),(48,2,'VINCENT2',NULL,NULL,'2015-08-17 20:45:09',NULL,'UserCoupon');
/*!40000 ALTER TABLE `CouponRedemption` ENABLE KEYS */;
UNLOCK TABLES;

--
-- Table structure for table `CouponRequest`
--

DROP TABLE IF EXISTS `CouponRequest`;
/*!40101 SET @saved_cs_client     = @@character_set_client */;
/*!40101 SET character_set_client = utf8 */;
CREATE TABLE `CouponRequest` (
  `pk_CouponRequest` int(11) NOT NULL AUTO_INCREMENT,
  `fk_User` int(11) DEFAULT NULL,
  `reason` varchar(45) COLLATE utf8_unicode_ci DEFAULT NULL,
  `email` varchar(100) COLLATE utf8_unicode_ci DEFAULT NULL,
  `created_at` timestamp NULL DEFAULT CURRENT_TIMESTAMP,
  `updated_at` timestamp NULL DEFAULT NULL ON UPDATE CURRENT_TIMESTAMP,
  PRIMARY KEY (`pk_CouponRequest`),
  KEY `index2` (`fk_User`)
) ENGINE=InnoDB AUTO_INCREMENT=520 DEFAULT CHARSET=utf8 COLLATE=utf8_unicode_ci;
/*!40101 SET character_set_client = @saved_cs_client */;

--
-- Dumping data for table `CouponRequest`
--

LOCK TABLES `CouponRequest` WRITE;
/*!40000 ALTER TABLE `CouponRequest` DISABLE KEYS */;
INSERT INTO `CouponRequest` VALUES (1,7,'sold out','me@me.com','2015-01-24 05:31:01','2015-01-24 05:31:01'),(2,7,'sold out','me@me.com','2015-01-24 05:31:15','2015-01-24 05:31:15'),(3,NULL,'sold out','me@me.com','2015-01-24 05:32:52','2015-01-24 05:32:52'),(4,NULL,'sold out','me@me.com','2015-01-27 04:19:46','2015-01-27 04:19:46'),(5,NULL,'sold out','me@me.com','2015-02-10 11:51:36','2015-02-10 11:51:36'),(6,NULL,'sold out','me@me.com','2015-02-10 11:52:21','2015-02-10 11:52:21'),(7,6,'sold out','me@me.com','2015-02-10 11:53:49','2015-02-10 11:53:49'),(8,6,'sold out','me@me.com','2015-02-10 11:55:30','2015-02-10 11:55:30'),(9,NULL,'outside of delivery zone','vcardillo@gmail.com','2015-02-12 10:27:20','2015-02-12 10:27:20'),(10,NULL,'outside of delivery zone','vcardillo@gmail.com','2015-02-12 10:30:03','2015-02-12 10:30:03'),(11,6,'outside of delivery zone','vcardillo@gmail.com','2015-02-12 10:31:00','2015-02-12 10:31:00'),(12,NULL,'outside of delivery zone','vcardillo@gmail.com','2015-02-12 10:31:00','2015-02-12 10:31:00'),(13,6,'outside of delivery zone','vcardillo@gmail.com','2015-02-12 10:32:44','2015-02-12 10:32:44'),(14,NULL,'outside of delivery zone','vcardillo@gmail.com','2015-02-12 10:32:44','2015-02-12 10:32:44'),(15,6,'outside of delivery zone','vcardillo@gmail.com','2015-02-12 11:22:47','2015-02-12 11:22:47'),(16,NULL,'outside of delivery zone','vcardillo@gmail.com','2015-02-12 11:22:47','2015-02-12 11:22:47'),(17,6,'outside of delivery zone','vcardillo@gmail.com','2015-02-12 11:36:39','2015-02-12 11:36:39'),(18,NULL,'outside of delivery zone','vcardillo@gmail.com','2015-02-12 11:36:39','2015-02-12 11:36:39'),(19,6,'outside of delivery zone','vcardillo@gmail.com','2015-02-12 11:37:45','2015-02-12 11:37:45'),(20,NULL,'outside of delivery zone','vcardillo@gmail.com','2015-02-12 11:37:45','2015-02-12 11:37:45'),(21,6,'outside of delivery zone','vcardillo@gmail.com','2015-02-13 00:19:13','2015-02-13 00:19:13'),(22,NULL,'outside of delivery zone','vcardillo@gmail.com','2015-02-13 00:19:13','2015-02-13 00:19:13'),(23,6,'outside of delivery zone','vcardillo@gmail.com','2015-02-13 07:29:48','2015-02-13 07:29:48'),(24,NULL,'outside of delivery zone','vcardillo@gmail.com','2015-02-13 07:29:48','2015-02-13 07:29:48'),(25,6,'outside of delivery zone','vcardillo@gmail.com','2015-02-13 07:48:48','2015-02-13 07:48:48'),(26,NULL,'outside of delivery zone','vcardillo@gmail.com','2015-02-13 07:48:48','2015-02-13 07:48:48'),(27,6,'outside of delivery zone','vcardillo@gmail.com','2015-02-13 07:48:53','2015-02-13 07:48:53'),(28,NULL,'outside of delivery zone','vcardillo@gmail.com','2015-02-13 07:48:53','2015-02-13 07:48:53'),(29,6,'outside of delivery zone','vcardillo@gmail.com','2015-02-13 07:53:22','2015-02-13 07:53:22'),(30,NULL,'outside of delivery zone','vcardillo@gmail.com','2015-02-13 07:53:22','2015-02-13 07:53:22'),(31,6,'outside of delivery zone','vcardillo@gmail.com','2015-02-13 07:55:28','2015-02-13 07:55:28'),(32,NULL,'outside of delivery zone','vcardillo@gmail.com','2015-02-13 07:55:28','2015-02-13 07:55:28'),(33,6,'outside of delivery zone','vcardillo@gmail.com','2015-02-13 07:57:36','2015-02-13 07:57:36'),(34,NULL,'outside of delivery zone','vcardillo@gmail.com','2015-02-13 07:57:36','2015-02-13 07:57:36'),(35,6,'outside of delivery zone','vcardillo@gmail.com','2015-02-13 08:56:59','2015-02-13 08:56:59'),(36,NULL,'outside of delivery zone','vcardillo@gmail.com','2015-02-13 08:56:59','2015-02-13 08:56:59'),(37,6,'outside of delivery zone','vcardillo@gmail.com','2015-02-13 08:58:22','2015-02-13 08:58:22'),(38,NULL,'outside of delivery zone','vcardillo@gmail.com','2015-02-13 08:58:22','2015-02-13 08:58:22'),(39,6,'outside of delivery zone','vcardillo@gmail.com','2015-02-13 08:59:37','2015-02-13 08:59:37'),(40,NULL,'outside of delivery zone','vcardillo@gmail.com','2015-02-13 08:59:37','2015-02-13 08:59:37'),(41,6,'outside of delivery zone','vcardillo@gmail.com','2015-02-13 09:07:54','2015-02-13 09:07:54'),(42,NULL,'outside of delivery zone','vcardillo@gmail.com','2015-02-13 09:07:54','2015-02-13 09:07:54'),(43,6,'outside of delivery zone','vcardillo@gmail.com','2015-02-13 09:12:12','2015-02-13 09:12:12'),(44,NULL,'outside of delivery zone','vcardillo@gmail.com','2015-02-13 09:12:12','2015-02-13 09:12:12'),(45,6,'outside of delivery zone','vcardillo@gmail.com','2015-02-13 09:26:28','2015-02-13 09:26:28'),(46,NULL,'outside of delivery zone','vcardillo@gmail.com','2015-02-13 09:26:28','2015-02-13 09:26:28'),(47,6,'outside of delivery zone','vcardillo@gmail.com','2015-02-13 09:26:45','2015-02-13 09:26:45'),(48,NULL,'outside of delivery zone','vcardillo@gmail.com','2015-02-13 09:26:45','2015-02-13 09:26:45'),(49,6,'outside of delivery zone','vcardillo@gmail.com','2015-02-13 09:41:49','2015-02-13 09:41:49'),(50,NULL,'outside of delivery zone','vcardillo@gmail.com','2015-02-13 09:41:49','2015-02-13 09:41:49'),(51,6,'outside of delivery zone','vcardillo@gmail.com','2015-02-13 09:49:04','2015-02-13 09:49:04'),(52,NULL,'outside of delivery zone','vcardillo@gmail.com','2015-02-13 09:49:04','2015-02-13 09:49:04'),(53,6,'outside of delivery zone','vcardillo@gmail.com','2015-02-13 09:51:31','2015-02-13 09:51:31'),(54,NULL,'outside of delivery zone','vcardillo@gmail.com','2015-02-13 09:51:31','2015-02-13 09:51:31'),(55,6,'outside of delivery zone','vcardillo@gmail.com','2015-02-13 09:51:44','2015-02-13 09:51:44'),(56,NULL,'outside of delivery zone','vcardillo@gmail.com','2015-02-13 09:51:44','2015-02-13 09:51:44'),(57,6,'outside of delivery zone','vcardillo@gmail.com','2015-02-13 09:56:05','2015-02-13 09:56:05'),(58,NULL,'outside of delivery zone','vcardillo@gmail.com','2015-02-13 09:56:05','2015-02-13 09:56:05'),(59,6,'outside of delivery zone','vcardillo@gmail.com','2015-02-13 09:56:36','2015-02-13 09:56:36'),(60,NULL,'outside of delivery zone','vcardillo@gmail.com','2015-02-13 09:56:37','2015-02-13 09:56:37'),(61,6,'outside of delivery zone','vcardillo@gmail.com','2015-02-13 10:09:51','2015-02-13 10:09:51'),(62,NULL,'outside of delivery zone','vcardillo@gmail.com','2015-02-13 10:09:51','2015-02-13 10:09:51'),(63,6,'outside of delivery zone','vcardillo@gmail.com','2015-02-13 10:13:04','2015-02-13 10:13:04'),(64,NULL,'outside of delivery zone','vcardillo@gmail.com','2015-02-13 10:13:04','2015-02-13 10:13:04'),(65,6,'outside of delivery zone','vcardillo@gmail.com','2015-02-14 06:04:42','2015-02-14 06:04:42'),(66,NULL,'outside of delivery zone','vcardillo@gmail.com','2015-02-14 06:04:42','2015-02-14 06:04:42'),(67,6,'outside of delivery zone','vcardillo@gmail.com','2015-02-14 11:52:49','2015-02-14 11:52:49'),(68,NULL,'outside of delivery zone','vcardillo@gmail.com','2015-02-14 11:52:49','2015-02-14 11:52:49'),(69,6,'outside of delivery zone','vcardillo@gmail.com','2015-02-16 01:46:33','2015-02-16 01:46:33'),(70,NULL,'outside of delivery zone','vcardillo@gmail.com','2015-02-16 01:46:33','2015-02-16 01:46:33'),(71,6,'outside of delivery zone','vcardillo@gmail.com','2015-02-16 01:54:39','2015-02-16 01:54:39'),(72,NULL,'outside of delivery zone','vcardillo@gmail.com','2015-02-16 01:54:39','2015-02-16 01:54:39'),(73,6,'outside of delivery zone','vcardillo@gmail.com','2015-02-16 01:55:04','2015-02-16 01:55:04'),(74,NULL,'outside of delivery zone','vcardillo@gmail.com','2015-02-16 01:55:04','2015-02-16 01:55:04'),(75,6,'outside of delivery zone','vcardillo@gmail.com','2015-02-16 02:24:44','2015-02-16 02:24:44'),(76,NULL,'outside of delivery zone','vcardillo@gmail.com','2015-02-16 02:24:44','2015-02-16 02:24:44'),(77,6,'outside of delivery zone','vcardillo@gmail.com','2015-02-18 04:52:09','2015-02-18 04:52:09'),(78,NULL,'outside of delivery zone','vcardillo@gmail.com','2015-02-18 04:52:09','2015-02-18 04:52:09'),(79,6,'outside of delivery zone','vcardillo@gmail.com','2015-02-18 04:53:15','2015-02-18 04:53:15'),(80,NULL,'outside of delivery zone','vcardillo@gmail.com','2015-02-18 04:53:15','2015-02-18 04:53:15'),(81,6,'outside of delivery zone','vcardillo@gmail.com','2015-02-18 04:54:38','2015-02-18 04:54:38'),(82,NULL,'outside of delivery zone','vcardillo@gmail.com','2015-02-18 04:54:38','2015-02-18 04:54:38'),(83,6,'outside of delivery zone','vcardillo@gmail.com','2015-02-18 04:56:58','2015-02-18 04:56:58'),(84,NULL,'outside of delivery zone','vcardillo@gmail.com','2015-02-18 04:56:58','2015-02-18 04:56:58'),(85,6,'outside of delivery zone','vcardillo@gmail.com','2015-02-18 04:57:26','2015-02-18 04:57:26'),(86,NULL,'outside of delivery zone','vcardillo@gmail.com','2015-02-18 04:57:26','2015-02-18 04:57:26'),(87,6,'outside of delivery zone','vcardillo@gmail.com','2015-02-18 04:57:58','2015-02-18 04:57:58'),(88,NULL,'outside of delivery zone','vcardillo@gmail.com','2015-02-18 04:57:58','2015-02-18 04:57:58'),(89,6,'outside of delivery zone','vcardillo@gmail.com','2015-02-18 05:23:53','2015-02-18 05:23:53'),(90,NULL,'outside of delivery zone','vcardillo@gmail.com','2015-02-18 05:23:53','2015-02-18 05:23:53'),(91,6,'outside of delivery zone','vcardillo@gmail.com','2015-02-18 05:28:39','2015-02-18 05:28:39'),(92,NULL,'outside of delivery zone','vcardillo@gmail.com','2015-02-18 05:28:39','2015-02-18 05:28:39'),(93,6,'outside of delivery zone','vcardillo@gmail.com','2015-02-19 06:14:20','2015-02-19 06:14:20'),(94,NULL,'outside of delivery zone','vcardillo@gmail.com','2015-02-19 06:14:20','2015-02-19 06:14:20'),(95,6,'outside of delivery zone','vcardillo@gmail.com','2015-02-19 06:17:31','2015-02-19 06:17:31'),(96,NULL,'outside of delivery zone','vcardillo@gmail.com','2015-02-19 06:17:31','2015-02-19 06:17:31'),(97,6,'outside of delivery zone','vcardillo@gmail.com','2015-02-22 03:45:26','2015-02-22 03:45:26'),(98,NULL,'outside of delivery zone','vcardillo@gmail.com','2015-02-22 03:45:26','2015-02-22 03:45:26'),(99,6,'outside of delivery zone','vcardillo@gmail.com','2015-02-22 03:49:02','2015-02-22 03:49:02'),(100,NULL,'outside of delivery zone','vcardillo@gmail.com','2015-02-22 03:49:02','2015-02-22 03:49:02'),(101,6,'outside of delivery zone','vcardillo@gmail.com','2015-02-22 03:49:28','2015-02-22 03:49:28'),(102,NULL,'outside of delivery zone','vcardillo@gmail.com','2015-02-22 03:49:28','2015-02-22 03:49:28'),(103,6,'outside of delivery zone','vcardillo@gmail.com','2015-02-23 16:23:23','2015-02-23 16:23:23'),(104,NULL,'outside of delivery zone','vcardillo@gmail.com','2015-02-23 16:23:23','2015-02-23 16:23:23'),(105,6,'outside of delivery zone','vcardillo@gmail.com','2015-02-23 16:25:15','2015-02-23 16:25:15'),(106,NULL,'outside of delivery zone','vcardillo@gmail.com','2015-02-23 16:25:15','2015-02-23 16:25:15'),(107,6,'outside of delivery zone','vcardillo@gmail.com','2015-02-27 02:24:34','2015-02-27 02:24:34'),(108,NULL,'outside of delivery zone','vcardillo@gmail.com','2015-02-27 02:24:34','2015-02-27 02:24:34'),(109,6,'outside of delivery zone','vcardillo@gmail.com','2015-02-27 02:25:41','2015-02-27 02:25:41'),(110,NULL,'outside of delivery zone','vcardillo@gmail.com','2015-02-27 02:25:41','2015-02-27 02:25:41'),(111,6,'outside of delivery zone','vcardillo@gmail.com','2015-02-27 02:30:19','2015-02-27 02:30:19'),(112,NULL,'outside of delivery zone','vcardillo@gmail.com','2015-02-27 02:30:19','2015-02-27 02:30:19'),(113,6,'outside of delivery zone','vcardillo@gmail.com','2015-02-27 02:30:56','2015-02-27 02:30:56'),(114,NULL,'outside of delivery zone','vcardillo@gmail.com','2015-02-27 02:30:56','2015-02-27 02:30:56'),(115,6,'outside of delivery zone','vcardillo@gmail.com','2015-02-27 08:05:26','2015-02-27 08:05:26'),(116,NULL,'outside of delivery zone','vcardillo@gmail.com','2015-02-27 08:05:27','2015-02-27 08:05:27'),(117,6,'outside of delivery zone','vcardillo@gmail.com','2015-02-27 14:57:08','2015-02-27 14:57:08'),(118,NULL,'outside of delivery zone','vcardillo@gmail.com','2015-02-27 14:57:08','2015-02-27 14:57:08'),(119,6,'outside of delivery zone','vcardillo@gmail.com','2015-03-01 01:27:15','2015-03-01 01:27:15'),(120,NULL,'outside of delivery zone','vcardillo@gmail.com','2015-03-01 01:27:15','2015-03-01 01:27:15'),(121,6,'outside of delivery zone','vcardillo@gmail.com','2015-03-07 07:32:20','2015-03-07 07:32:20'),(122,NULL,'outside of delivery zone','vcardillo@gmail.com','2015-03-07 07:32:20','2015-03-07 07:32:20'),(123,6,'outside of delivery zone','vcardillo@gmail.com','2015-03-13 06:37:09','2015-03-13 06:37:09'),(124,NULL,'outside of delivery zone','vcardillo@gmail.com','2015-03-13 06:37:09','2015-03-13 06:37:09'),(125,6,'outside of delivery zone','vcardillo@gmail.com','2015-03-13 06:39:24','2015-03-13 06:39:24'),(126,NULL,'outside of delivery zone','vcardillo@gmail.com','2015-03-13 06:39:24','2015-03-13 06:39:24'),(127,6,'outside of delivery zone','vcardillo@gmail.com','2015-03-14 04:38:04','2015-03-14 04:38:04'),(128,NULL,'outside of delivery zone','vcardillo@gmail.com','2015-03-14 04:38:04','2015-03-14 04:38:04'),(129,6,'outside of delivery zone','vcardillo@gmail.com','2015-03-14 04:45:54','2015-03-14 04:45:54'),(130,NULL,'outside of delivery zone','vcardillo@gmail.com','2015-03-14 04:45:54','2015-03-14 04:45:54'),(131,6,'outside of delivery zone','vcardillo@gmail.com','2015-03-14 04:48:42','2015-03-14 04:48:42'),(132,NULL,'outside of delivery zone','vcardillo@gmail.com','2015-03-14 04:48:43','2015-03-14 04:48:43'),(133,6,'outside of delivery zone','vcardillo@gmail.com','2015-03-14 04:51:00','2015-03-14 04:51:00'),(134,NULL,'outside of delivery zone','vcardillo@gmail.com','2015-03-14 04:51:00','2015-03-14 04:51:00'),(135,6,'outside of delivery zone','vcardillo@gmail.com','2015-03-17 05:08:48','2015-03-17 05:08:48'),(136,NULL,'outside of delivery zone','vcardillo@gmail.com','2015-03-17 05:08:48','2015-03-17 05:08:48'),(137,6,'outside of delivery zone','vcardillo@gmail.com','2015-03-19 03:47:06','2015-03-19 03:47:06'),(138,NULL,'outside of delivery zone','vcardillo@gmail.com','2015-03-19 03:47:06','2015-03-19 03:47:06'),(139,6,'outside of delivery zone','vcardillo@gmail.com','2015-03-19 03:48:33','2015-03-19 03:48:33'),(140,NULL,'outside of delivery zone','vcardillo@gmail.com','2015-03-19 03:48:33','2015-03-19 03:48:33'),(141,6,'outside of delivery zone','vcardillo@gmail.com','2015-03-19 03:49:21','2015-03-19 03:49:21'),(142,NULL,'outside of delivery zone','vcardillo@gmail.com','2015-03-19 03:49:21','2015-03-19 03:49:21'),(143,6,'outside of delivery zone','vcardillo@gmail.com','2015-03-19 03:51:28','2015-03-19 03:51:28'),(144,NULL,'outside of delivery zone','vcardillo@gmail.com','2015-03-19 03:51:28','2015-03-19 03:51:28'),(145,6,'outside of delivery zone','vcardillo@gmail.com','2015-03-19 03:52:20','2015-03-19 03:52:20'),(146,NULL,'outside of delivery zone','vcardillo@gmail.com','2015-03-19 03:52:20','2015-03-19 03:52:20'),(147,6,'outside of delivery zone','vcardillo@gmail.com','2015-03-19 03:53:01','2015-03-19 03:53:01'),(148,NULL,'outside of delivery zone','vcardillo@gmail.com','2015-03-19 03:53:01','2015-03-19 03:53:01'),(149,6,'outside of delivery zone','vcardillo@gmail.com','2015-03-19 03:58:05','2015-03-19 03:58:05'),(150,NULL,'outside of delivery zone','vcardillo@gmail.com','2015-03-19 03:58:05','2015-03-19 03:58:05'),(151,6,'outside of delivery zone','vcardillo@gmail.com','2015-03-19 03:59:07','2015-03-19 03:59:07'),(152,NULL,'outside of delivery zone','vcardillo@gmail.com','2015-03-19 03:59:07','2015-03-19 03:59:07'),(153,6,'outside of delivery zone','vcardillo@gmail.com','2015-03-19 04:20:34','2015-03-19 04:20:34'),(154,NULL,'outside of delivery zone','vcardillo@gmail.com','2015-03-19 04:20:34','2015-03-19 04:20:34'),(155,6,'outside of delivery zone','vcardillo@gmail.com','2015-03-19 04:23:06','2015-03-19 04:23:06'),(156,NULL,'outside of delivery zone','vcardillo@gmail.com','2015-03-19 04:23:06','2015-03-19 04:23:06'),(157,6,'outside of delivery zone','vcardillo@gmail.com','2015-03-19 04:24:24','2015-03-19 04:24:24'),(158,NULL,'outside of delivery zone','vcardillo@gmail.com','2015-03-19 04:24:24','2015-03-19 04:24:24'),(159,6,'outside of delivery zone','vcardillo@gmail.com','2015-03-19 05:09:36','2015-03-19 05:09:36'),(160,NULL,'outside of delivery zone','vcardillo@gmail.com','2015-03-19 05:09:36','2015-03-19 05:09:36'),(161,6,'outside of delivery zone','vcardillo@gmail.com','2015-03-19 05:13:29','2015-03-19 05:13:29'),(162,NULL,'outside of delivery zone','vcardillo@gmail.com','2015-03-19 05:13:29','2015-03-19 05:13:29'),(163,6,'outside of delivery zone','vcardillo@gmail.com','2015-03-19 05:13:49','2015-03-19 05:13:49'),(164,NULL,'outside of delivery zone','vcardillo@gmail.com','2015-03-19 05:13:49','2015-03-19 05:13:49'),(165,6,'outside of delivery zone','vcardillo@gmail.com','2015-03-31 01:45:52','2015-03-31 01:45:52'),(166,NULL,'outside of delivery zone','vcardillo@gmail.com','2015-03-31 01:45:52','2015-03-31 01:45:52'),(167,6,'outside of delivery zone','vcardillo@gmail.com','2015-03-31 01:55:28','2015-03-31 01:55:28'),(168,NULL,'outside of delivery zone','vcardillo@gmail.com','2015-03-31 01:55:28','2015-03-31 01:55:28'),(169,6,'outside of delivery zone','vcardillo@gmail.com','2015-03-31 01:57:42','2015-03-31 01:57:42'),(170,NULL,'outside of delivery zone','vcardillo@gmail.com','2015-03-31 01:57:42','2015-03-31 01:57:42'),(171,6,'outside of delivery zone','vcardillo@gmail.com','2015-03-31 01:59:13','2015-03-31 01:59:13'),(172,NULL,'outside of delivery zone','vcardillo@gmail.com','2015-03-31 01:59:13','2015-03-31 01:59:13'),(173,6,'outside of delivery zone','vcardillo@gmail.com','2015-03-31 02:03:56','2015-03-31 02:03:56'),(174,NULL,'outside of delivery zone','vcardillo@gmail.com','2015-03-31 02:03:56','2015-03-31 02:03:56'),(175,6,'outside of delivery zone','vcardillo@gmail.com','2015-03-31 02:06:49','2015-03-31 02:06:49'),(176,NULL,'outside of delivery zone','vcardillo@gmail.com','2015-03-31 02:06:49','2015-03-31 02:06:49'),(177,6,'outside of delivery zone','vcardillo@gmail.com','2015-03-31 08:44:09','2015-03-31 08:44:09'),(178,NULL,'outside of delivery zone','vcardillo@gmail.com','2015-03-31 08:44:09','2015-03-31 08:44:09'),(179,6,'outside of delivery zone','vcardillo@gmail.com','2015-03-31 08:44:54','2015-03-31 08:44:54'),(180,NULL,'outside of delivery zone','vcardillo@gmail.com','2015-03-31 08:44:54','2015-03-31 08:44:54'),(181,6,'outside of delivery zone','vcardillo@gmail.com','2015-03-31 08:50:10','2015-03-31 08:50:10'),(182,NULL,'outside of delivery zone','vcardillo@gmail.com','2015-03-31 08:50:10','2015-03-31 08:50:10'),(183,6,'outside of delivery zone','vcardillo@gmail.com','2015-03-31 09:24:49','2015-03-31 09:24:49'),(184,NULL,'outside of delivery zone','vcardillo@gmail.com','2015-03-31 09:24:49','2015-03-31 09:24:49'),(185,6,'outside of delivery zone','vcardillo@gmail.com','2015-03-31 11:12:45','2015-03-31 11:12:45'),(186,NULL,'outside of delivery zone','vcardillo@gmail.com','2015-03-31 11:12:45','2015-03-31 11:12:45'),(187,6,'outside of delivery zone','vcardillo@gmail.com','2015-03-31 13:33:23','2015-03-31 13:33:23'),(188,NULL,'outside of delivery zone','vcardillo@gmail.com','2015-03-31 13:33:24','2015-03-31 13:33:24'),(189,6,'outside of delivery zone','vcardillo@gmail.com','2015-03-31 13:33:59','2015-03-31 13:33:59'),(190,NULL,'outside of delivery zone','vcardillo@gmail.com','2015-03-31 13:33:59','2015-03-31 13:33:59'),(191,6,'outside of delivery zone','vcardillo@gmail.com','2015-03-31 13:34:51','2015-03-31 13:34:51'),(192,NULL,'outside of delivery zone','vcardillo@gmail.com','2015-03-31 13:34:51','2015-03-31 13:34:51'),(193,6,'outside of delivery zone','vcardillo@gmail.com','2015-03-31 13:35:58','2015-03-31 13:35:58'),(194,NULL,'outside of delivery zone','vcardillo@gmail.com','2015-03-31 13:35:58','2015-03-31 13:35:58'),(195,6,'outside of delivery zone','vcardillo@gmail.com','2015-03-31 13:38:17','2015-03-31 13:38:17'),(196,NULL,'outside of delivery zone','vcardillo@gmail.com','2015-03-31 13:38:17','2015-03-31 13:38:17'),(197,6,'outside of delivery zone','vcardillo@gmail.com','2015-03-31 15:00:28','2015-03-31 15:00:28'),(198,NULL,'outside of delivery zone','vcardillo@gmail.com','2015-03-31 15:00:28','2015-03-31 15:00:28'),(199,6,'outside of delivery zone','vcardillo@gmail.com','2015-04-01 03:01:19','2015-04-01 03:01:19'),(200,NULL,'outside of delivery zone','vcardillo@gmail.com','2015-04-01 03:01:19','2015-04-01 03:01:19'),(201,6,'outside of delivery zone','vcardillo@gmail.com','2015-04-01 03:08:14','2015-04-01 03:08:14'),(202,NULL,'outside of delivery zone','vcardillo@gmail.com','2015-04-01 03:08:14','2015-04-01 03:08:14'),(203,6,'outside of delivery zone','vcardillo@gmail.com','2015-04-01 03:09:19','2015-04-01 03:09:19'),(204,NULL,'outside of delivery zone','vcardillo@gmail.com','2015-04-01 03:09:19','2015-04-01 03:09:19'),(205,6,'outside of delivery zone','vcardillo@gmail.com','2015-04-01 03:35:41','2015-04-01 03:35:41'),(206,NULL,'outside of delivery zone','vcardillo@gmail.com','2015-04-01 03:35:41','2015-04-01 03:35:41'),(207,6,'outside of delivery zone','vcardillo@gmail.com','2015-04-01 03:38:19','2015-04-01 03:38:19'),(208,NULL,'outside of delivery zone','vcardillo@gmail.com','2015-04-01 03:38:19','2015-04-01 03:38:19'),(209,6,'outside of delivery zone','vcardillo@gmail.com','2015-04-01 03:39:36','2015-04-01 03:39:36'),(210,NULL,'outside of delivery zone','vcardillo@gmail.com','2015-04-01 03:39:36','2015-04-01 03:39:36'),(211,6,'outside of delivery zone','vcardillo@gmail.com','2015-04-03 03:09:40','2015-04-03 03:09:40'),(212,NULL,'outside of delivery zone','vcardillo@gmail.com','2015-04-03 03:09:40','2015-04-03 03:09:40'),(213,6,'outside of delivery zone','vcardillo@gmail.com','2015-04-03 03:11:03','2015-04-03 03:11:03'),(214,NULL,'outside of delivery zone','vcardillo@gmail.com','2015-04-03 03:11:03','2015-04-03 03:11:03'),(215,6,'outside of delivery zone','vcardillo@gmail.com','2015-04-03 03:12:10','2015-04-03 03:12:10'),(216,NULL,'outside of delivery zone','vcardillo@gmail.com','2015-04-03 03:12:10','2015-04-03 03:12:10'),(217,6,'outside of delivery zone','vcardillo@gmail.com','2015-04-03 03:39:50','2015-04-03 03:39:50'),(218,NULL,'outside of delivery zone','vcardillo@gmail.com','2015-04-03 03:39:50','2015-04-03 03:39:50'),(219,6,'outside of delivery zone','vcardillo@gmail.com','2015-04-03 04:03:47','2015-04-03 04:03:47'),(220,NULL,'outside of delivery zone','vcardillo@gmail.com','2015-04-03 04:03:47','2015-04-03 04:03:47'),(221,6,'outside of delivery zone','vcardillo@gmail.com','2015-04-03 04:09:22','2015-04-03 04:09:22'),(222,NULL,'outside of delivery zone','vcardillo@gmail.com','2015-04-03 04:09:22','2015-04-03 04:09:22'),(223,NULL,'outside of delivery zone','vcardillo@gmail.com','2015-04-04 06:42:49','2015-04-04 06:42:49'),(224,6,'outside of delivery zone','vcardillo@gmail.com','2015-04-04 06:43:41','2015-04-04 06:43:41'),(225,NULL,'outside of delivery zone','vcardillo@gmail.com','2015-04-04 06:43:41','2015-04-04 06:43:41'),(226,6,'outside of delivery zone','vcardillo@gmail.com','2015-04-04 06:44:28','2015-04-04 06:44:28'),(227,NULL,'outside of delivery zone','vcardillo@gmail.com','2015-04-04 06:44:28','2015-04-04 06:44:28'),(228,6,'outside of delivery zone','vcardillo@gmail.com','2015-04-04 07:06:49','2015-04-04 07:06:49'),(229,NULL,'outside of delivery zone','vcardillo@gmail.com','2015-04-04 07:06:49','2015-04-04 07:06:49'),(230,6,'outside of delivery zone','vcardillo@gmail.com','2015-04-04 07:53:44','2015-04-04 07:53:44'),(231,NULL,'outside of delivery zone','vcardillo@gmail.com','2015-04-04 07:53:44','2015-04-04 07:53:44'),(232,6,'outside of delivery zone','vcardillo@gmail.com','2015-04-07 15:25:11','2015-04-07 15:25:11'),(233,NULL,'outside of delivery zone','vcardillo@gmail.com','2015-04-07 15:25:11','2015-04-07 15:25:11'),(234,6,'outside of delivery zone','vcardillo@gmail.com','2015-04-09 12:31:34','2015-04-09 12:31:34'),(235,NULL,'outside of delivery zone','vcardillo@gmail.com','2015-04-09 12:31:34','2015-04-09 12:31:34'),(236,6,'outside of delivery zone','vcardillo@gmail.com','2015-04-09 12:49:39','2015-04-09 12:49:39'),(237,NULL,'outside of delivery zone','vcardillo@gmail.com','2015-04-09 12:49:39','2015-04-09 12:49:39'),(238,6,'outside of delivery zone','vcardillo@gmail.com','2015-04-09 12:55:25','2015-04-09 12:55:25'),(239,NULL,'outside of delivery zone','vcardillo@gmail.com','2015-04-09 12:55:25','2015-04-09 12:55:25'),(240,6,'outside of delivery zone','vcardillo@gmail.com','2015-04-09 13:04:59','2015-04-09 13:04:59'),(241,NULL,'outside of delivery zone','vcardillo@gmail.com','2015-04-09 13:04:59','2015-04-09 13:04:59'),(242,6,'outside of delivery zone','vcardillo@gmail.com','2015-04-09 13:07:23','2015-04-09 13:07:23'),(243,NULL,'outside of delivery zone','vcardillo@gmail.com','2015-04-09 13:07:24','2015-04-09 13:07:24'),(244,6,'outside of delivery zone','vcardillo@gmail.com','2015-04-09 13:15:02','2015-04-09 13:15:02'),(245,NULL,'outside of delivery zone','vcardillo@gmail.com','2015-04-09 13:15:02','2015-04-09 13:15:02'),(246,6,'outside of delivery zone','vcardillo@gmail.com','2015-04-09 13:17:45','2015-04-09 13:17:45'),(247,NULL,'outside of delivery zone','vcardillo@gmail.com','2015-04-09 13:17:46','2015-04-09 13:17:46'),(248,6,'outside of delivery zone','vcardillo@gmail.com','2015-04-09 13:19:13','2015-04-09 13:19:13'),(249,NULL,'outside of delivery zone','vcardillo@gmail.com','2015-04-09 13:19:13','2015-04-09 13:19:13'),(250,6,'outside of delivery zone','vcardillo@gmail.com','2015-04-09 13:26:28','2015-04-09 13:26:28'),(251,NULL,'outside of delivery zone','vcardillo@gmail.com','2015-04-09 13:26:28','2015-04-09 13:26:28'),(252,6,'outside of delivery zone','vcardillo@gmail.com','2015-04-10 05:46:53','2015-04-10 05:46:53'),(253,NULL,'outside of delivery zone','vcardillo@gmail.com','2015-04-10 05:46:53','2015-04-10 05:46:53'),(254,6,'outside of delivery zone','vcardillo@gmail.com','2015-04-10 05:47:37','2015-04-10 05:47:37'),(255,NULL,'outside of delivery zone','vcardillo@gmail.com','2015-04-10 05:47:37','2015-04-10 05:47:37'),(256,6,'outside of delivery zone','vcardillo@gmail.com','2015-04-10 05:49:30','2015-04-10 05:49:30'),(257,NULL,'outside of delivery zone','vcardillo@gmail.com','2015-04-10 05:49:30','2015-04-10 05:49:30'),(258,6,'outside of delivery zone','vcardillo@gmail.com','2015-04-10 05:50:45','2015-04-10 05:50:45'),(259,NULL,'outside of delivery zone','vcardillo@gmail.com','2015-04-10 05:50:45','2015-04-10 05:50:45'),(260,6,'outside of delivery zone','vcardillo@gmail.com','2015-04-10 05:52:34','2015-04-10 05:52:34'),(261,NULL,'outside of delivery zone','vcardillo@gmail.com','2015-04-10 05:52:34','2015-04-10 05:52:34'),(262,6,'outside of delivery zone','vcardillo@gmail.com','2015-04-10 08:29:09','2015-04-10 08:29:09'),(263,NULL,'outside of delivery zone','vcardillo@gmail.com','2015-04-10 08:29:09','2015-04-10 08:29:09'),(264,6,'outside of delivery zone','vcardillo@gmail.com','2015-04-10 08:30:15','2015-04-10 08:30:15'),(265,NULL,'outside of delivery zone','vcardillo@gmail.com','2015-04-10 08:30:15','2015-04-10 08:30:15'),(266,6,'outside of delivery zone','vcardillo@gmail.com','2015-04-10 08:31:25','2015-04-10 08:31:25'),(267,NULL,'outside of delivery zone','vcardillo@gmail.com','2015-04-10 08:31:25','2015-04-10 08:31:25'),(268,6,'outside of delivery zone','vcardillo@gmail.com','2015-04-10 08:32:12','2015-04-10 08:32:12'),(269,NULL,'outside of delivery zone','vcardillo@gmail.com','2015-04-10 08:32:12','2015-04-10 08:32:12'),(270,6,'outside of delivery zone','vcardillo@gmail.com','2015-04-10 08:37:00','2015-04-10 08:37:00'),(271,NULL,'outside of delivery zone','vcardillo@gmail.com','2015-04-10 08:37:00','2015-04-10 08:37:00'),(272,6,'outside of delivery zone','vcardillo@gmail.com','2015-04-10 08:39:27','2015-04-10 08:39:27'),(273,NULL,'outside of delivery zone','vcardillo@gmail.com','2015-04-10 08:39:27','2015-04-10 08:39:27'),(274,6,'outside of delivery zone','vcardillo@gmail.com','2015-04-11 01:45:13','2015-04-11 01:45:13'),(275,NULL,'outside of delivery zone','vcardillo@gmail.com','2015-04-11 01:45:13','2015-04-11 01:45:13'),(276,6,'outside of delivery zone','vcardillo@gmail.com','2015-04-15 06:57:10','2015-04-15 06:57:10'),(277,NULL,'outside of delivery zone','vcardillo@gmail.com','2015-04-15 06:57:10','2015-04-15 06:57:10'),(278,6,'outside of delivery zone','vcardillo@gmail.com','2015-04-15 06:58:28','2015-04-15 06:58:28'),(279,NULL,'outside of delivery zone','vcardillo@gmail.com','2015-04-15 06:58:28','2015-04-15 06:58:28'),(280,6,'outside of delivery zone','vcardillo@gmail.com','2015-04-15 11:22:33','2015-04-15 11:22:33'),(281,NULL,'outside of delivery zone','vcardillo@gmail.com','2015-04-15 11:22:33','2015-04-15 11:22:33'),(282,6,'outside of delivery zone','vcardillo@gmail.com','2015-04-15 11:24:18','2015-04-15 11:24:18'),(283,NULL,'outside of delivery zone','vcardillo@gmail.com','2015-04-15 11:24:18','2015-04-15 11:24:18'),(284,6,'outside of delivery zone','vcardillo@gmail.com','2015-04-15 11:24:59','2015-04-15 11:24:59'),(285,NULL,'outside of delivery zone','vcardillo@gmail.com','2015-04-15 11:24:59','2015-04-15 11:24:59'),(286,6,'outside of delivery zone','vcardillo@gmail.com','2015-04-15 11:26:37','2015-04-15 11:26:37'),(287,NULL,'outside of delivery zone','vcardillo@gmail.com','2015-04-15 11:26:37','2015-04-15 11:26:37'),(288,6,'outside of delivery zone','vcardillo@gmail.com','2015-04-15 11:27:24','2015-04-15 11:27:24'),(289,NULL,'outside of delivery zone','vcardillo@gmail.com','2015-04-15 11:27:24','2015-04-15 11:27:24'),(290,6,'outside of delivery zone','vcardillo@gmail.com','2015-04-15 11:48:20','2015-04-15 11:48:20'),(291,NULL,'outside of delivery zone','vcardillo@gmail.com','2015-04-15 11:48:20','2015-04-15 11:48:20'),(292,6,'outside of delivery zone','vcardillo@gmail.com','2015-04-16 05:36:39','2015-04-16 05:36:39'),(293,NULL,'outside of delivery zone','vcardillo@gmail.com','2015-04-16 05:36:39','2015-04-16 05:36:39'),(294,6,'outside of delivery zone','vcardillo@gmail.com','2015-04-16 05:50:46','2015-04-16 05:50:46'),(295,NULL,'outside of delivery zone','vcardillo@gmail.com','2015-04-16 05:50:46','2015-04-16 05:50:46'),(296,6,'outside of delivery zone','vcardillo@gmail.com','2015-04-17 05:18:50','2015-04-17 05:18:50'),(297,NULL,'outside of delivery zone','vcardillo@gmail.com','2015-04-17 05:18:50','2015-04-17 05:18:50'),(298,6,'outside of delivery zone','vcardillo@gmail.com','2015-04-17 05:20:59','2015-04-17 05:20:59'),(299,NULL,'outside of delivery zone','vcardillo@gmail.com','2015-04-17 05:20:59','2015-04-17 05:20:59'),(300,6,'outside of delivery zone','vcardillo@gmail.com','2015-04-17 05:25:16','2015-04-17 05:25:16'),(301,NULL,'outside of delivery zone','vcardillo@gmail.com','2015-04-17 05:25:16','2015-04-17 05:25:16'),(302,6,'outside of delivery zone','vcardillo@gmail.com','2015-04-18 07:47:14','2015-04-18 07:47:14'),(303,NULL,'outside of delivery zone','vcardillo@gmail.com','2015-04-18 07:47:14','2015-04-18 07:47:14'),(304,6,'outside of delivery zone','vcardillo@gmail.com','2015-04-18 08:03:17','2015-04-18 08:03:17'),(305,NULL,'outside of delivery zone','vcardillo@gmail.com','2015-04-18 08:03:17','2015-04-18 08:03:17'),(306,6,'outside of delivery zone','vcardillo@gmail.com','2015-04-18 08:07:50','2015-04-18 08:07:50'),(307,NULL,'outside of delivery zone','vcardillo@gmail.com','2015-04-18 08:07:51','2015-04-18 08:07:51'),(308,6,'outside of delivery zone','vcardillo@gmail.com','2015-04-21 08:52:26','2015-04-21 08:52:26'),(309,NULL,'outside of delivery zone','vcardillo@gmail.com','2015-04-21 08:52:26','2015-04-21 08:52:26'),(310,6,'outside of delivery zone','vcardillo@gmail.com','2015-04-22 03:20:26','2015-04-22 03:20:26'),(311,NULL,'outside of delivery zone','vcardillo@gmail.com','2015-04-22 03:20:26','2015-04-22 03:20:26'),(312,6,'outside of delivery zone','vcardillo@gmail.com','2015-04-22 03:24:09','2015-04-22 03:24:09'),(313,NULL,'outside of delivery zone','vcardillo@gmail.com','2015-04-22 03:24:09','2015-04-22 03:24:09'),(314,6,'outside of delivery zone','vcardillo@gmail.com','2015-04-22 03:30:37','2015-04-22 03:30:37'),(315,NULL,'outside of delivery zone','vcardillo@gmail.com','2015-04-22 03:30:37','2015-04-22 03:30:37'),(316,6,'outside of delivery zone','vcardillo@gmail.com','2015-04-22 03:54:46','2015-04-22 03:54:46'),(317,NULL,'outside of delivery zone','vcardillo@gmail.com','2015-04-22 03:54:46','2015-04-22 03:54:46'),(318,6,'outside of delivery zone','vcardillo@gmail.com','2015-04-22 04:49:22','2015-04-22 04:49:22'),(319,NULL,'outside of delivery zone','vcardillo@gmail.com','2015-04-22 04:49:22','2015-04-22 04:49:22'),(320,6,'outside of delivery zone','vcardillo@gmail.com','2015-04-22 05:30:31','2015-04-22 05:30:31'),(321,NULL,'outside of delivery zone','vcardillo@gmail.com','2015-04-22 05:30:31','2015-04-22 05:30:31'),(322,6,'outside of delivery zone','vcardillo@gmail.com','2015-04-22 05:53:18','2015-04-22 05:53:18'),(323,NULL,'outside of delivery zone','vcardillo@gmail.com','2015-04-22 05:53:18','2015-04-22 05:53:18'),(324,6,'outside of delivery zone','vcardillo@gmail.com','2015-04-22 05:54:07','2015-04-22 05:54:07'),(325,NULL,'outside of delivery zone','vcardillo@gmail.com','2015-04-22 05:54:07','2015-04-22 05:54:07'),(326,6,'outside of delivery zone','vcardillo@gmail.com','2015-04-22 05:55:54','2015-04-22 05:55:54'),(327,NULL,'outside of delivery zone','vcardillo@gmail.com','2015-04-22 05:55:54','2015-04-22 05:55:54'),(328,6,'outside of delivery zone','vcardillo@gmail.com','2015-04-22 05:57:05','2015-04-22 05:57:05'),(329,NULL,'outside of delivery zone','vcardillo@gmail.com','2015-04-22 05:57:05','2015-04-22 05:57:05'),(330,6,'outside of delivery zone','vcardillo@gmail.com','2015-04-22 06:07:04','2015-04-22 06:07:04'),(331,NULL,'outside of delivery zone','vcardillo@gmail.com','2015-04-22 06:07:05','2015-04-22 06:07:05'),(332,6,'outside of delivery zone','vcardillo@gmail.com','2015-04-22 07:13:50','2015-04-22 07:13:50'),(333,NULL,'outside of delivery zone','vcardillo@gmail.com','2015-04-22 07:13:50','2015-04-22 07:13:50'),(334,6,'outside of delivery zone','vcardillo@gmail.com','2015-04-22 07:19:45','2015-04-22 07:19:45'),(335,NULL,'outside of delivery zone','vcardillo@gmail.com','2015-04-22 07:19:45','2015-04-22 07:19:45'),(336,6,'outside of delivery zone','vcardillo@gmail.com','2015-04-22 07:26:18','2015-04-22 07:26:18'),(337,NULL,'outside of delivery zone','vcardillo@gmail.com','2015-04-22 07:26:18','2015-04-22 07:26:18'),(338,6,'outside of delivery zone','vcardillo@gmail.com','2015-04-25 06:49:03','2015-04-25 06:49:03'),(339,NULL,'outside of delivery zone','vcardillo@gmail.com','2015-04-25 06:49:03','2015-04-25 06:49:03'),(340,6,'outside of delivery zone','vcardillo@gmail.com','2015-04-25 06:50:06','2015-04-25 06:50:06'),(341,NULL,'outside of delivery zone','vcardillo@gmail.com','2015-04-25 06:50:06','2015-04-25 06:50:06'),(342,6,'outside of delivery zone','vcardillo@gmail.com','2015-04-25 06:53:04','2015-04-25 06:53:04'),(343,NULL,'outside of delivery zone','vcardillo@gmail.com','2015-04-25 06:53:04','2015-04-25 06:53:04'),(344,6,'outside of delivery zone','vcardillo@gmail.com','2015-04-25 06:57:21','2015-04-25 06:57:21'),(345,NULL,'outside of delivery zone','vcardillo@gmail.com','2015-04-25 06:57:21','2015-04-25 06:57:21'),(346,6,'outside of delivery zone','vcardillo@gmail.com','2015-04-25 07:23:01','2015-04-25 07:23:01'),(347,NULL,'outside of delivery zone','vcardillo@gmail.com','2015-04-25 07:23:01','2015-04-25 07:23:01'),(348,6,'outside of delivery zone','vcardillo@gmail.com','2015-04-25 08:02:26','2015-04-25 08:02:26'),(349,NULL,'outside of delivery zone','vcardillo@gmail.com','2015-04-25 08:02:26','2015-04-25 08:02:26'),(350,6,'outside of delivery zone','vcardillo@gmail.com','2015-04-28 11:01:01','2015-04-28 11:01:01'),(351,NULL,'outside of delivery zone','vcardillo@gmail.com','2015-04-28 11:01:01','2015-04-28 11:01:01'),(352,6,'outside of delivery zone','vcardillo@gmail.com','2015-04-29 06:30:35','2015-04-29 06:30:35'),(353,NULL,'outside of delivery zone','vcardillo@gmail.com','2015-04-29 06:30:35','2015-04-29 06:30:35'),(354,6,'outside of delivery zone','vcardillo@gmail.com','2015-05-05 04:11:11','2015-05-05 04:11:11'),(355,NULL,'outside of delivery zone','vcardillo@gmail.com','2015-05-05 04:11:11','2015-05-05 04:11:11'),(356,6,'outside of delivery zone','vcardillo@gmail.com','2015-05-05 05:31:02','2015-05-05 05:31:02'),(357,NULL,'outside of delivery zone','vcardillo@gmail.com','2015-05-05 05:31:02','2015-05-05 05:31:02'),(358,6,'outside of delivery zone','vcardillo@gmail.com','2015-05-05 08:45:37','2015-05-05 08:45:37'),(359,NULL,'outside of delivery zone','vcardillo@gmail.com','2015-05-05 08:45:37','2015-05-05 08:45:37'),(360,6,'outside of delivery zone','vcardillo@gmail.com','2015-05-05 08:47:54','2015-05-05 08:47:54'),(361,NULL,'outside of delivery zone','vcardillo@gmail.com','2015-05-05 08:47:54','2015-05-05 08:47:54'),(362,6,'outside of delivery zone','vcardillo@gmail.com','2015-05-05 08:48:31','2015-05-05 08:48:31'),(363,NULL,'outside of delivery zone','vcardillo@gmail.com','2015-05-05 08:48:32','2015-05-05 08:48:32'),(364,6,'outside of delivery zone','vcardillo@gmail.com','2015-05-05 09:02:06','2015-05-05 09:02:06'),(365,NULL,'outside of delivery zone','vcardillo@gmail.com','2015-05-05 09:02:06','2015-05-05 09:02:06'),(366,6,'outside of delivery zone','vcardillo@gmail.com','2015-05-05 09:02:30','2015-05-05 09:02:30'),(367,NULL,'outside of delivery zone','vcardillo@gmail.com','2015-05-05 09:02:30','2015-05-05 09:02:30'),(368,6,'outside of delivery zone','vcardillo@gmail.com','2015-05-05 09:04:03','2015-05-05 09:04:03'),(369,NULL,'outside of delivery zone','vcardillo@gmail.com','2015-05-05 09:04:03','2015-05-05 09:04:03'),(370,6,'outside of delivery zone','vcardillo@gmail.com','2015-05-05 09:11:45','2015-05-05 09:11:45'),(371,NULL,'outside of delivery zone','vcardillo@gmail.com','2015-05-05 09:11:45','2015-05-05 09:11:45'),(372,6,'outside of delivery zone','vcardillo@gmail.com','2015-05-05 09:16:01','2015-05-05 09:16:01'),(373,NULL,'outside of delivery zone','vcardillo@gmail.com','2015-05-05 09:16:01','2015-05-05 09:16:01'),(374,6,'outside of delivery zone','vcardillo@gmail.com','2015-05-05 10:15:04','2015-05-05 10:15:04'),(375,NULL,'outside of delivery zone','vcardillo@gmail.com','2015-05-05 10:15:04','2015-05-05 10:15:04'),(376,6,'outside of delivery zone','vcardillo@gmail.com','2015-05-05 10:15:27','2015-05-05 10:15:27'),(377,NULL,'outside of delivery zone','vcardillo@gmail.com','2015-05-05 10:15:27','2015-05-05 10:15:27'),(378,6,'outside of delivery zone','vcardillo@gmail.com','2015-05-07 06:33:07','2015-05-07 06:33:07'),(379,NULL,'outside of delivery zone','vcardillo@gmail.com','2015-05-07 06:33:07','2015-05-07 06:33:07'),(380,6,'outside of delivery zone','vcardillo@gmail.com','2015-05-07 06:34:42','2015-05-07 06:34:42'),(381,NULL,'outside of delivery zone','vcardillo@gmail.com','2015-05-07 06:34:42','2015-05-07 06:34:42'),(382,6,'outside of delivery zone','vcardillo@gmail.com','2015-05-07 08:32:29','2015-05-07 08:32:29'),(383,NULL,'outside of delivery zone','vcardillo@gmail.com','2015-05-07 08:32:29','2015-05-07 08:32:29'),(384,6,'outside of delivery zone','vcardillo@gmail.com','2015-05-07 09:18:39','2015-05-07 09:18:39'),(385,NULL,'outside of delivery zone','vcardillo@gmail.com','2015-05-07 09:18:39','2015-05-07 09:18:39'),(386,6,'outside of delivery zone','vcardillo@gmail.com','2015-05-09 05:02:03','2015-05-09 05:02:03'),(387,NULL,'outside of delivery zone','vcardillo@gmail.com','2015-05-09 05:02:03','2015-05-09 05:02:03'),(388,6,'outside of delivery zone','vcardillo@gmail.com','2015-05-09 05:33:01','2015-05-09 05:33:01'),(389,NULL,'outside of delivery zone','vcardillo@gmail.com','2015-05-09 05:33:01','2015-05-09 05:33:01'),(390,6,'outside of delivery zone','vcardillo@gmail.com','2015-05-12 00:59:13','2015-05-12 00:59:13'),(391,NULL,'outside of delivery zone','vcardillo@gmail.com','2015-05-12 00:59:13','2015-05-12 00:59:13'),(392,6,'outside of delivery zone','vcardillo@gmail.com','2015-05-12 01:24:20','2015-05-12 01:24:20'),(393,NULL,'outside of delivery zone','vcardillo@gmail.com','2015-05-12 01:24:20','2015-05-12 01:24:20'),(394,6,'outside of delivery zone','vcardillo@gmail.com','2015-05-11 22:38:55','2015-05-11 22:38:55'),(395,NULL,'outside of delivery zone','vcardillo@gmail.com','2015-05-11 22:38:55','2015-05-11 22:38:55'),(396,6,'outside of delivery zone','vcardillo@gmail.com','2015-05-11 23:13:49','2015-05-11 23:13:49'),(397,NULL,'outside of delivery zone','vcardillo@gmail.com','2015-05-11 23:13:49','2015-05-11 23:13:49'),(398,6,'outside of delivery zone','vcardillo@gmail.com','2015-05-12 03:02:23','2015-05-12 03:02:23'),(399,NULL,'outside of delivery zone','vcardillo@gmail.com','2015-05-12 03:02:23','2015-05-12 03:02:23'),(400,6,'outside of delivery zone','vcardillo@gmail.com','2015-05-12 03:04:26','2015-05-12 03:04:26'),(401,NULL,'outside of delivery zone','vcardillo@gmail.com','2015-05-12 03:04:26','2015-05-12 03:04:26'),(402,6,'outside of delivery zone','vcardillo@gmail.com','2015-05-15 02:28:51','2015-05-15 02:28:51'),(403,NULL,'outside of delivery zone','vcardillo@gmail.com','2015-05-15 02:28:51','2015-05-15 02:28:51'),(404,6,'outside of delivery zone','vcardillo@gmail.com','2015-05-15 02:30:15','2015-05-15 02:30:15'),(405,NULL,'outside of delivery zone','vcardillo@gmail.com','2015-05-15 02:30:15','2015-05-15 02:30:15'),(406,6,'outside of delivery zone','vcardillo@gmail.com','2015-05-24 22:52:37','2015-05-24 22:52:37'),(407,NULL,'outside of delivery zone','vcardillo@gmail.com','2015-05-24 22:52:37','2015-05-24 22:52:37'),(408,6,'outside of delivery zone','vcardillo@gmail.com','2015-05-26 23:04:19','2015-05-26 23:04:19'),(409,NULL,'outside of delivery zone','vcardillo@gmail.com','2015-05-26 23:04:19','2015-05-26 23:04:19'),(410,6,'outside of delivery zone','vcardillo@gmail.com','2015-05-26 23:28:11','2015-05-26 23:28:11'),(411,NULL,'outside of delivery zone','vcardillo@gmail.com','2015-05-26 23:28:11','2015-05-26 23:28:11'),(412,6,'outside of delivery zone','vcardillo@gmail.com','2015-05-26 23:29:00','2015-05-26 23:29:00'),(413,NULL,'outside of delivery zone','vcardillo@gmail.com','2015-05-26 23:29:00','2015-05-26 23:29:00'),(414,6,'outside of delivery zone','vcardillo@gmail.com','2015-05-26 23:29:36','2015-05-26 23:29:36'),(415,NULL,'outside of delivery zone','vcardillo@gmail.com','2015-05-26 23:29:36','2015-05-26 23:29:36'),(416,6,'outside of delivery zone','vcardillo@gmail.com','2015-05-27 06:07:44','2015-05-27 06:07:44'),(417,NULL,'outside of delivery zone','vcardillo@gmail.com','2015-05-27 06:07:44','2015-05-27 06:07:44'),(418,6,'outside of delivery zone','vcardillo@gmail.com','2015-05-27 18:10:49','2015-05-27 18:10:49'),(419,NULL,'outside of delivery zone','vcardillo@gmail.com','2015-05-27 18:10:49','2015-05-27 18:10:49'),(420,6,'outside of delivery zone','vcardillo@gmail.com','2015-05-28 23:43:14','2015-05-28 23:43:14'),(421,NULL,'outside of delivery zone','vcardillo@gmail.com','2015-05-28 23:43:14','2015-05-28 23:43:14'),(422,6,'outside of delivery zone','vcardillo@gmail.com','2015-06-02 21:58:28','2015-06-02 21:58:28'),(423,NULL,'outside of delivery zone','vcardillo@gmail.com','2015-06-02 21:58:28','2015-06-02 21:58:28'),(424,6,'outside of delivery zone','vcardillo@gmail.com','2015-06-15 20:38:52','2015-06-15 20:38:52'),(425,NULL,'outside of delivery zone','vcardillo@gmail.com','2015-06-15 20:38:52','2015-06-15 20:38:52'),(426,6,'outside of delivery zone','vcardillo@gmail.com','2015-06-15 20:44:17','2015-06-15 20:44:17'),(427,NULL,'outside of delivery zone','vcardillo@gmail.com','2015-06-15 20:44:17','2015-06-15 20:44:17'),(428,6,'outside of delivery zone','vcardillo@gmail.com','2015-06-15 20:58:21','2015-06-15 20:58:21'),(429,NULL,'outside of delivery zone','vcardillo@gmail.com','2015-06-15 20:58:21','2015-06-15 20:58:21'),(430,6,'outside of delivery zone','vcardillo@gmail.com','2015-06-15 21:54:09','2015-06-15 21:54:09'),(431,NULL,'outside of delivery zone','vcardillo@gmail.com','2015-06-15 21:54:09','2015-06-15 21:54:09'),(432,6,'outside of delivery zone','vcardillo@gmail.com','2015-06-15 22:39:39','2015-06-15 22:39:39'),(433,NULL,'outside of delivery zone','vcardillo@gmail.com','2015-06-15 22:39:39','2015-06-15 22:39:39'),(434,6,'outside of delivery zone','vcardillo@gmail.com','2015-06-20 21:07:00','2015-06-20 21:07:00'),(435,NULL,'outside of delivery zone','vcardillo@gmail.com','2015-06-20 21:07:00','2015-06-20 21:07:00'),(436,6,'outside of delivery zone','vcardillo@gmail.com','2015-06-20 21:08:55','2015-06-20 21:08:55'),(437,NULL,'outside of delivery zone','vcardillo@gmail.com','2015-06-20 21:08:55','2015-06-20 21:08:55'),(438,6,'outside of delivery zone','vcardillo@gmail.com','2015-06-20 21:12:44','2015-06-20 21:12:44'),(439,NULL,'outside of delivery zone','vcardillo@gmail.com','2015-06-20 21:12:44','2015-06-20 21:12:44'),(440,6,'outside of delivery zone','vcardillo@gmail.com','2015-07-20 20:51:15','2015-07-20 20:51:15'),(441,NULL,'outside of delivery zone','vcardillo@gmail.com','2015-07-20 20:51:15','2015-07-20 20:51:15'),(442,6,'outside of delivery zone','vcardillo@gmail.com','2015-07-20 21:54:58','2015-07-20 21:54:58'),(443,NULL,'outside of delivery zone','vcardillo@gmail.com','2015-07-20 21:54:58','2015-07-20 21:54:58'),(444,6,'outside of delivery zone','vcardillo@gmail.com','2015-07-20 21:57:04','2015-07-20 21:57:04'),(445,NULL,'outside of delivery zone','vcardillo@gmail.com','2015-07-20 21:57:05','2015-07-20 21:57:05'),(446,6,'outside of delivery zone','vcardillo@gmail.com','2015-07-20 21:58:12','2015-07-20 21:58:12'),(447,NULL,'outside of delivery zone','vcardillo@gmail.com','2015-07-20 21:58:12','2015-07-20 21:58:12'),(448,6,'outside of delivery zone','vcardillo@gmail.com','2015-07-20 22:11:44','2015-07-20 22:11:44'),(449,NULL,'outside of delivery zone','vcardillo@gmail.com','2015-07-20 22:11:44','2015-07-20 22:11:44'),(450,6,'outside of delivery zone','vcardillo@gmail.com','2015-07-20 22:17:00','2015-07-20 22:17:00'),(451,NULL,'outside of delivery zone','vcardillo@gmail.com','2015-07-20 22:17:00','2015-07-20 22:17:00'),(452,6,'outside of delivery zone','vcardillo@gmail.com','2015-07-20 22:22:50','2015-07-20 22:22:50'),(453,NULL,'outside of delivery zone','vcardillo@gmail.com','2015-07-20 22:22:51','2015-07-20 22:22:51'),(454,6,'outside of delivery zone','vcardillo@gmail.com','2015-07-20 22:36:00','2015-07-20 22:36:00'),(455,NULL,'outside of delivery zone','vcardillo@gmail.com','2015-07-20 22:36:00','2015-07-20 22:36:00'),(456,6,'outside of delivery zone','vcardillo@gmail.com','2015-07-22 22:40:27','2015-07-22 22:40:27'),(457,NULL,'outside of delivery zone','vcardillo@gmail.com','2015-07-22 22:40:27','2015-07-22 22:40:27'),(458,6,'outside of delivery zone','vcardillo@gmail.com','2015-07-22 22:44:19','2015-07-22 22:44:19'),(459,NULL,'outside of delivery zone','vcardillo@gmail.com','2015-07-22 22:44:19','2015-07-22 22:44:19'),(460,6,'outside of delivery zone','vcardillo@gmail.com','2015-07-23 23:02:19','2015-07-23 23:02:19'),(461,NULL,'outside of delivery zone','vcardillo@gmail.com','2015-07-23 23:02:19','2015-07-23 23:02:19'),(462,6,'outside of delivery zone','vcardillo@gmail.com','2015-07-23 23:22:11','2015-07-23 23:22:11'),(463,NULL,'outside of delivery zone','vcardillo@gmail.com','2015-07-23 23:22:11','2015-07-23 23:22:11'),(464,6,'outside of delivery zone','vcardillo@gmail.com','2015-07-23 23:24:30','2015-07-23 23:24:30'),(465,NULL,'outside of delivery zone','vcardillo@gmail.com','2015-07-23 23:24:30','2015-07-23 23:24:30'),(466,6,'outside of delivery zone','vcardillo@gmail.com','2015-07-23 23:30:41','2015-07-23 23:30:41'),(467,NULL,'outside of delivery zone','vcardillo@gmail.com','2015-07-23 23:30:41','2015-07-23 23:30:41'),(468,6,'outside of delivery zone','vcardillo@gmail.com','2015-07-23 23:54:12','2015-07-23 23:54:12'),(469,NULL,'outside of delivery zone','vcardillo@gmail.com','2015-07-23 23:54:12','2015-07-23 23:54:12'),(470,6,'outside of delivery zone','vcardillo@gmail.com','2015-07-30 00:26:57','2015-07-30 00:26:57'),(471,NULL,'outside of delivery zone','vcardillo@gmail.com','2015-07-30 00:26:57','2015-07-30 00:26:57'),(472,6,'outside of delivery zone','vcardillo@gmail.com','2015-07-30 17:42:14','2015-07-30 17:42:14'),(473,NULL,'outside of delivery zone','vcardillo@gmail.com','2015-07-30 17:42:14','2015-07-30 17:42:14'),(474,6,'outside of delivery zone','vcardillo@gmail.com','2015-08-12 19:20:27','2015-08-12 19:20:27'),(475,NULL,'outside of delivery zone','vcardillo@gmail.com','2015-08-12 19:20:27','2015-08-12 19:20:27'),(476,6,'outside of delivery zone','vcardillo@gmail.com','2015-08-12 19:48:29','2015-08-12 19:48:29'),(477,NULL,'outside of delivery zone','vcardillo@gmail.com','2015-08-12 19:48:29','2015-08-12 19:48:29'),(478,6,'outside of delivery zone','vcardillo@gmail.com','2015-08-12 19:53:05','2015-08-12 19:53:05'),(479,NULL,'outside of delivery zone','vcardillo@gmail.com','2015-08-12 19:53:05','2015-08-12 19:53:05'),(480,6,'outside of delivery zone','vcardillo@gmail.com','2015-08-12 20:16:30','2015-08-12 20:16:30'),(481,NULL,'outside of delivery zone','vcardillo@gmail.com','2015-08-12 20:16:30','2015-08-12 20:16:30'),(482,6,'outside of delivery zone','vcardillo@gmail.com','2015-08-12 20:34:17','2015-08-12 20:34:17'),(483,NULL,'outside of delivery zone','vcardillo@gmail.com','2015-08-12 20:34:17','2015-08-12 20:34:17'),(484,6,'outside of delivery zone','vcardillo@gmail.com','2015-08-14 18:53:47','2015-08-14 18:53:47'),(485,NULL,'outside of delivery zone','vcardillo@gmail.com','2015-08-14 18:53:47','2015-08-14 18:53:47'),(486,6,'outside of delivery zone','vcardillo@gmail.com','2015-08-14 19:02:24','2015-08-14 19:02:24'),(487,NULL,'outside of delivery zone','vcardillo@gmail.com','2015-08-14 19:02:24','2015-08-14 19:02:24'),(488,6,'outside of delivery zone','vcardillo@gmail.com','2015-08-14 22:36:14','2015-08-14 22:36:14'),(489,NULL,'outside of delivery zone','vcardillo@gmail.com','2015-08-14 22:36:14','2015-08-14 22:36:14'),(490,6,'outside of delivery zone','vcardillo@gmail.com','2015-08-14 23:19:22','2015-08-14 23:19:22'),(491,NULL,'outside of delivery zone','vcardillo@gmail.com','2015-08-14 23:19:22','2015-08-14 23:19:22'),(492,6,'outside of delivery zone','vcardillo@gmail.com','2015-08-14 23:19:30','2015-08-14 23:19:30'),(493,NULL,'outside of delivery zone','vcardillo@gmail.com','2015-08-14 23:19:30','2015-08-14 23:19:30'),(494,6,'outside of delivery zone','vcardillo@gmail.com','2015-08-15 00:46:26','2015-08-15 00:46:26'),(495,NULL,'outside of delivery zone','vcardillo@gmail.com','2015-08-15 00:46:26','2015-08-15 00:46:26'),(496,6,'outside of delivery zone','vcardillo@gmail.com','2015-08-15 00:48:50','2015-08-15 00:48:50'),(497,NULL,'outside of delivery zone','vcardillo@gmail.com','2015-08-15 00:48:50','2015-08-15 00:48:50'),(498,6,'outside of delivery zone','vcardillo@gmail.com','2015-08-15 00:51:50','2015-08-15 00:51:50'),(499,NULL,'outside of delivery zone','vcardillo@gmail.com','2015-08-15 00:51:50','2015-08-15 00:51:50'),(500,6,'outside of delivery zone','vcardillo@gmail.com','2015-08-15 00:56:34','2015-08-15 00:56:34'),(501,NULL,'outside of delivery zone','vcardillo@gmail.com','2015-08-15 00:56:34','2015-08-15 00:56:34'),(502,6,'outside of delivery zone','vcardillo@gmail.com','2015-08-15 00:58:34','2015-08-15 00:58:34'),(503,NULL,'outside of delivery zone','vcardillo@gmail.com','2015-08-15 00:58:34','2015-08-15 00:58:34'),(504,6,'outside of delivery zone','vcardillo@gmail.com','2015-08-17 18:56:01','2015-08-17 18:56:01'),(505,NULL,'outside of delivery zone','vcardillo@gmail.com','2015-08-17 18:56:01','2015-08-17 18:56:01'),(506,6,'outside of delivery zone','vcardillo@gmail.com','2015-08-17 20:19:15','2015-08-17 20:19:15'),(507,NULL,'outside of delivery zone','vcardillo@gmail.com','2015-08-17 20:19:15','2015-08-17 20:19:15'),(508,6,'outside of delivery zone','vcardillo@gmail.com','2015-08-17 20:38:20','2015-08-17 20:38:20'),(509,NULL,'outside of delivery zone','vcardillo@gmail.com','2015-08-17 20:38:20','2015-08-17 20:38:20'),(510,6,'outside of delivery zone','vcardillo@gmail.com','2015-08-17 20:52:59','2015-08-17 20:52:59'),(511,NULL,'outside of delivery zone','vcardillo@gmail.com','2015-08-17 20:52:59','2015-08-17 20:52:59'),(512,6,'outside of delivery zone','vcardillo@gmail.com','2015-08-17 21:26:22','2015-08-17 21:26:22'),(513,NULL,'outside of delivery zone','vcardillo@gmail.com','2015-08-17 21:26:22','2015-08-17 21:26:22'),(514,6,'outside of delivery zone','vcardillo@gmail.com','2015-08-17 21:32:36','2015-08-17 21:32:36'),(515,NULL,'outside of delivery zone','vcardillo@gmail.com','2015-08-17 21:32:36','2015-08-17 21:32:36'),(516,6,'outside of delivery zone','vcardillo@gmail.com','2015-08-17 21:36:22','2015-08-17 21:36:22'),(517,NULL,'outside of delivery zone','vcardillo@gmail.com','2015-08-17 21:36:22','2015-08-17 21:36:22'),(518,6,'outside of delivery zone','vcardillo@gmail.com','2015-08-17 21:39:48','2015-08-17 21:39:48'),(519,NULL,'outside of delivery zone','vcardillo@gmail.com','2015-08-17 21:39:48','2015-08-17 21:39:48');
/*!40000 ALTER TABLE `CouponRequest` ENABLE KEYS */;
UNLOCK TABLES;

--
-- Table structure for table `CouponUserHash`
--

DROP TABLE IF EXISTS `CouponUserHash`;
/*!40101 SET @saved_cs_client     = @@character_set_client */;
/*!40101 SET character_set_client = utf8 */;
CREATE TABLE `CouponUserHash` (
  `pk_CouponUserHash` varchar(20) COLLATE utf8_unicode_ci NOT NULL,
  `count` int(11) DEFAULT NULL,
  `created_at` timestamp NULL DEFAULT CURRENT_TIMESTAMP,
  `updated_at` timestamp NULL DEFAULT NULL ON UPDATE CURRENT_TIMESTAMP,
  PRIMARY KEY (`pk_CouponUserHash`)
) ENGINE=InnoDB DEFAULT CHARSET=utf8 COLLATE=utf8_unicode_ci;
/*!40101 SET character_set_client = @saved_cs_client */;

--
-- Dumping data for table `CouponUserHash`
--

LOCK TABLES `CouponUserHash` WRITE;
/*!40000 ALTER TABLE `CouponUserHash` DISABLE KEYS */;
INSERT INTO `CouponUserHash` VALUES ('JASON',4,'2015-04-01 03:37:29','2015-04-03 22:53:18'),('JIMMY',5,'2015-04-01 03:37:30','2015-04-03 22:53:18'),('JIMMYWIMBL',4,'2015-04-01 03:37:30','2015-04-03 22:53:18'),('JOHN',5,'2015-04-01 03:37:30','2015-04-03 22:53:18'),('JOHNJ',158,'2015-04-01 03:37:30','2015-08-17 21:40:22'),('TESTJOHNJ',1,'2015-04-04 06:25:39','2015-04-04 06:25:39'),('VINCENT',6,'2015-04-01 03:37:30','2015-04-03 22:53:18'),('VINCENTT1',4,'2015-04-01 03:37:30','2015-04-03 22:53:18'),('VINCENTT2',4,'2015-04-01 03:37:30','2015-04-03 22:53:18'),('VINCENTT3',4,'2015-04-01 03:37:30','2015-04-03 22:53:18');
/*!40000 ALTER TABLE `CouponUserHash` ENABLE KEYS */;
UNLOCK TABLES;

--
-- Table structure for table `CouponWaiting`
--

DROP TABLE IF EXISTS `CouponWaiting`;
/*!40101 SET @saved_cs_client     = @@character_set_client */;
/*!40101 SET character_set_client = utf8 */;
CREATE TABLE `CouponWaiting` (
  `pk_CouponWaiting` int(11) NOT NULL AUTO_INCREMENT,
  `fk_Coupon` int(11) DEFAULT NULL,
  `user_from` varchar(45) DEFAULT NULL,
  `user_to` varchar(45) DEFAULT NULL,
  `expires` varchar(45) DEFAULT NULL,
  PRIMARY KEY (`pk_CouponWaiting`)
) ENGINE=InnoDB DEFAULT CHARSET=latin1;
/*!40101 SET character_set_client = @saved_cs_client */;

--
-- Dumping data for table `CouponWaiting`
--

LOCK TABLES `CouponWaiting` WRITE;
/*!40000 ALTER TABLE `CouponWaiting` DISABLE KEYS */;
/*!40000 ALTER TABLE `CouponWaiting` ENABLE KEYS */;
UNLOCK TABLES;

--
-- Table structure for table `CustomerBentoBox`
--

DROP TABLE IF EXISTS `CustomerBentoBox`;
/*!40101 SET @saved_cs_client     = @@character_set_client */;
/*!40101 SET character_set_client = utf8 */;
CREATE TABLE `CustomerBentoBox` (
  `pk_CustomerBentoBox` int(11) NOT NULL AUTO_INCREMENT,
  `fk_Order` int(11) DEFAULT NULL,
  `created_at` timestamp NULL DEFAULT CURRENT_TIMESTAMP,
  `updated_at` timestamp NULL DEFAULT NULL ON UPDATE CURRENT_TIMESTAMP,
  `fk_main` int(11) DEFAULT NULL,
  `fk_side1` int(11) DEFAULT NULL,
  `fk_side2` int(11) DEFAULT NULL,
  `fk_side3` int(11) DEFAULT NULL,
  `fk_side4` int(11) DEFAULT NULL,
  PRIMARY KEY (`pk_CustomerBentoBox`),
  KEY `fk_Order_idx` (`fk_Order`)
) ENGINE=InnoDB AUTO_INCREMENT=286 DEFAULT CHARSET=utf8 COLLATE=utf8_unicode_ci COMMENT='This is used for *customer* defined bento boxes.';
/*!40101 SET character_set_client = @saved_cs_client */;

--
-- Dumping data for table `CustomerBentoBox`
--

LOCK TABLES `CustomerBentoBox` WRITE;
/*!40000 ALTER TABLE `CustomerBentoBox` DISABLE KEYS */;
INSERT INTO `CustomerBentoBox` VALUES (1,1,'2015-07-22 22:40:29','2015-07-22 22:40:29',1,2,NULL,NULL,NULL),(2,1,'2015-07-22 22:40:29','2015-07-22 22:40:29',1,2,NULL,NULL,NULL),(3,2,'2015-07-22 22:40:31','2015-07-22 22:40:31',1,2,NULL,NULL,NULL),(4,3,'2015-07-22 22:40:34','2015-07-22 22:40:34',1,2,NULL,NULL,NULL),(5,4,'2015-07-22 22:40:37','2015-07-22 22:40:37',1,2,NULL,NULL,NULL),(6,5,'2015-07-22 22:40:39','2015-07-22 22:40:39',1,2,NULL,NULL,NULL),(7,6,'2015-07-22 22:40:41','2015-07-22 22:40:41',1,2,NULL,NULL,NULL),(8,7,'2015-07-22 22:40:43','2015-07-22 22:40:43',1,2,NULL,NULL,NULL),(9,8,'2015-07-22 22:44:21','2015-07-22 22:44:21',1,2,NULL,NULL,NULL),(10,8,'2015-07-22 22:44:21','2015-07-22 22:44:21',1,2,NULL,NULL,NULL),(11,9,'2015-07-22 22:44:23','2015-07-22 22:44:23',1,2,NULL,NULL,NULL),(12,10,'2015-07-22 22:44:26','2015-07-22 22:44:26',1,2,NULL,NULL,NULL),(13,11,'2015-07-22 22:44:28','2015-07-22 22:44:28',1,2,NULL,NULL,NULL),(14,12,'2015-07-22 22:44:30','2015-07-22 22:44:30',1,2,NULL,NULL,NULL),(15,13,'2015-07-22 22:44:32','2015-07-22 22:44:32',1,2,NULL,NULL,NULL),(16,14,'2015-07-22 22:44:35','2015-07-22 22:44:35',1,2,NULL,NULL,NULL),(17,15,'2015-07-23 23:02:21','2015-07-23 23:02:21',1,2,NULL,NULL,NULL),(18,15,'2015-07-23 23:02:21','2015-07-23 23:02:21',1,2,NULL,NULL,NULL),(19,16,'2015-07-23 23:02:24','2015-07-23 23:02:24',1,2,NULL,NULL,NULL),(20,17,'2015-07-23 23:02:26','2015-07-23 23:02:26',1,2,NULL,NULL,NULL),(21,18,'2015-07-23 23:02:29','2015-07-23 23:02:29',1,2,NULL,NULL,NULL),(22,19,'2015-07-23 23:02:32','2015-07-23 23:02:32',1,2,NULL,NULL,NULL),(23,20,'2015-07-23 23:02:34','2015-07-23 23:02:34',1,2,NULL,NULL,NULL),(24,21,'2015-07-23 23:02:36','2015-07-23 23:02:36',1,2,NULL,NULL,NULL),(25,22,'2015-07-23 23:22:13','2015-07-23 23:22:13',1,2,NULL,NULL,NULL),(26,22,'2015-07-23 23:22:13','2015-07-23 23:22:13',1,2,NULL,NULL,NULL),(27,23,'2015-07-23 23:22:15','2015-07-23 23:22:15',1,2,NULL,NULL,NULL),(28,24,'2015-07-23 23:22:18','2015-07-23 23:22:18',1,2,NULL,NULL,NULL),(29,25,'2015-07-23 23:22:20','2015-07-23 23:22:20',1,2,NULL,NULL,NULL),(30,26,'2015-07-23 23:22:22','2015-07-23 23:22:22',1,2,NULL,NULL,NULL),(31,27,'2015-07-23 23:22:25','2015-07-23 23:22:25',1,2,NULL,NULL,NULL),(32,28,'2015-07-23 23:22:27','2015-07-23 23:22:27',1,2,NULL,NULL,NULL),(33,29,'2015-07-23 23:24:31','2015-07-23 23:24:31',1,2,NULL,NULL,NULL),(34,29,'2015-07-23 23:24:31','2015-07-23 23:24:31',1,2,NULL,NULL,NULL),(35,30,'2015-07-23 23:24:34','2015-07-23 23:24:34',1,2,NULL,NULL,NULL),(36,31,'2015-07-23 23:24:36','2015-07-23 23:24:36',1,2,NULL,NULL,NULL),(37,32,'2015-07-23 23:24:39','2015-07-23 23:24:39',1,2,NULL,NULL,NULL),(38,33,'2015-07-23 23:24:41','2015-07-23 23:24:41',1,2,NULL,NULL,NULL),(39,34,'2015-07-23 23:24:43','2015-07-23 23:24:43',1,2,NULL,NULL,NULL),(40,35,'2015-07-23 23:24:46','2015-07-23 23:24:46',1,2,NULL,NULL,NULL),(41,36,'2015-07-23 23:30:43','2015-07-23 23:30:43',1,2,NULL,NULL,NULL),(42,36,'2015-07-23 23:30:43','2015-07-23 23:30:43',1,2,NULL,NULL,NULL),(43,37,'2015-07-23 23:30:45','2015-07-23 23:30:45',1,2,NULL,NULL,NULL),(44,38,'2015-07-23 23:30:50','2015-07-23 23:30:50',1,2,NULL,NULL,NULL),(45,39,'2015-07-23 23:30:56','2015-07-23 23:30:56',1,2,NULL,NULL,NULL),(46,40,'2015-07-23 23:30:59','2015-07-23 23:30:59',1,2,NULL,NULL,NULL),(47,41,'2015-07-23 23:31:01','2015-07-23 23:31:01',1,2,NULL,NULL,NULL),(48,42,'2015-07-23 23:31:03','2015-07-23 23:31:03',1,2,NULL,NULL,NULL),(49,43,'2015-07-23 23:54:14','2015-07-23 23:54:14',1,2,NULL,NULL,NULL),(50,43,'2015-07-23 23:54:14','2015-07-23 23:54:14',1,2,NULL,NULL,NULL),(51,44,'2015-07-23 23:54:18','2015-07-23 23:54:18',1,2,NULL,NULL,NULL),(52,45,'2015-07-23 23:54:21','2015-07-23 23:54:21',1,2,NULL,NULL,NULL),(53,46,'2015-07-23 23:54:23','2015-07-23 23:54:23',1,2,NULL,NULL,NULL),(54,47,'2015-07-23 23:54:26','2015-07-23 23:54:26',1,2,NULL,NULL,NULL),(55,48,'2015-07-23 23:54:28','2015-07-23 23:54:28',1,2,NULL,NULL,NULL),(56,49,'2015-07-23 23:54:30','2015-07-23 23:54:30',1,2,NULL,NULL,NULL),(57,50,'2015-07-30 00:26:59','2015-07-30 00:26:59',1,2,NULL,NULL,NULL),(58,50,'2015-07-30 00:26:59','2015-07-30 00:26:59',1,2,NULL,NULL,NULL),(59,51,'2015-07-30 00:27:01','2015-07-30 00:27:01',1,2,NULL,NULL,NULL),(60,52,'2015-07-30 00:27:04','2015-07-30 00:27:04',1,2,NULL,NULL,NULL),(61,53,'2015-07-30 00:27:06','2015-07-30 00:27:06',1,2,NULL,NULL,NULL),(62,54,'2015-07-30 00:27:09','2015-07-30 00:27:09',1,2,NULL,NULL,NULL),(63,55,'2015-07-30 00:27:11','2015-07-30 00:27:11',1,2,NULL,NULL,NULL),(64,56,'2015-07-30 00:27:13','2015-07-30 00:27:13',1,2,NULL,NULL,NULL),(65,57,'2015-07-30 17:42:16','2015-07-30 17:42:16',1,2,NULL,NULL,NULL),(66,57,'2015-07-30 17:42:16','2015-07-30 17:42:16',1,2,NULL,NULL,NULL),(67,58,'2015-07-30 17:42:18','2015-07-30 17:42:18',1,2,NULL,NULL,NULL),(68,59,'2015-07-30 17:42:21','2015-07-30 17:42:21',1,2,NULL,NULL,NULL),(69,60,'2015-07-30 17:42:23','2015-07-30 17:42:23',1,2,NULL,NULL,NULL),(70,61,'2015-07-30 17:42:26','2015-07-30 17:42:26',1,2,NULL,NULL,NULL),(71,62,'2015-07-30 17:42:28','2015-07-30 17:42:28',1,2,NULL,NULL,NULL),(72,63,'2015-07-30 17:42:30','2015-07-30 17:42:30',1,2,NULL,NULL,NULL),(73,64,'2015-08-12 19:20:29','2015-08-12 19:20:29',1,2,NULL,NULL,NULL),(74,64,'2015-08-12 19:20:29','2015-08-12 19:20:29',1,2,NULL,NULL,NULL),(75,65,'2015-08-12 19:20:32','2015-08-12 19:20:32',1,2,NULL,NULL,NULL),(76,66,'2015-08-12 19:20:35','2015-08-12 19:20:35',1,2,NULL,NULL,NULL),(77,67,'2015-08-12 19:20:36','2015-08-12 19:20:36',1,2,NULL,NULL,NULL),(78,68,'2015-08-12 19:20:39','2015-08-12 19:20:39',1,2,NULL,NULL,NULL),(79,69,'2015-08-12 19:20:42','2015-08-12 19:20:42',1,2,NULL,NULL,NULL),(80,70,'2015-08-12 19:20:44','2015-08-12 19:20:44',1,2,NULL,NULL,NULL),(81,71,'2015-08-12 19:20:47','2015-08-12 19:20:47',1,2,NULL,NULL,NULL),(82,72,'2015-08-12 19:48:32','2015-08-12 19:48:32',1,2,NULL,NULL,NULL),(83,72,'2015-08-12 19:48:32','2015-08-12 19:48:32',1,2,NULL,NULL,NULL),(84,73,'2015-08-12 19:48:37','2015-08-12 19:48:37',1,2,NULL,NULL,NULL),(85,74,'2015-08-12 19:48:40','2015-08-12 19:48:40',1,2,NULL,NULL,NULL),(86,75,'2015-08-12 19:48:42','2015-08-12 19:48:42',1,2,NULL,NULL,NULL),(87,76,'2015-08-12 19:48:46','2015-08-12 19:48:46',1,2,NULL,NULL,NULL),(88,77,'2015-08-12 19:48:49','2015-08-12 19:48:49',1,2,NULL,NULL,NULL),(89,78,'2015-08-12 19:48:51','2015-08-12 19:48:51',1,2,NULL,NULL,NULL),(90,79,'2015-08-12 19:48:54','2015-08-12 19:48:54',1,2,NULL,NULL,NULL),(91,80,'2015-08-12 19:53:09','2015-08-12 19:53:09',1,2,NULL,NULL,NULL),(92,80,'2015-08-12 19:53:09','2015-08-12 19:53:09',1,2,NULL,NULL,NULL),(93,81,'2015-08-12 19:53:13','2015-08-12 19:53:13',1,2,NULL,NULL,NULL),(94,82,'2015-08-12 19:53:18','2015-08-12 19:53:18',1,2,NULL,NULL,NULL),(95,83,'2015-08-12 19:53:20','2015-08-12 19:53:20',1,2,NULL,NULL,NULL),(96,84,'2015-08-12 19:53:25','2015-08-12 19:53:25',1,2,NULL,NULL,NULL),(97,85,'2015-08-12 19:53:29','2015-08-12 19:53:29',1,2,NULL,NULL,NULL),(98,86,'2015-08-12 19:53:32','2015-08-12 19:53:32',1,2,NULL,NULL,NULL),(99,87,'2015-08-12 19:53:36','2015-08-12 19:53:36',1,2,NULL,NULL,NULL),(100,88,'2015-08-12 20:16:33','2015-08-12 20:16:33',1,2,NULL,NULL,NULL),(101,88,'2015-08-12 20:16:33','2015-08-12 20:16:33',1,2,NULL,NULL,NULL),(102,89,'2015-08-12 20:16:36','2015-08-12 20:16:36',1,2,NULL,NULL,NULL),(103,90,'2015-08-12 20:16:40','2015-08-12 20:16:40',1,2,NULL,NULL,NULL),(104,91,'2015-08-12 20:16:43','2015-08-12 20:16:43',1,2,NULL,NULL,NULL),(105,92,'2015-08-12 20:16:46','2015-08-12 20:16:46',1,2,NULL,NULL,NULL),(106,93,'2015-08-12 20:16:48','2015-08-12 20:16:48',1,2,NULL,NULL,NULL),(107,94,'2015-08-12 20:16:51','2015-08-12 20:16:51',1,2,NULL,NULL,NULL),(108,95,'2015-08-12 20:16:53','2015-08-12 20:16:53',1,2,NULL,NULL,NULL),(109,96,'2015-08-12 20:34:19','2015-08-12 20:34:19',1,2,NULL,NULL,NULL),(110,96,'2015-08-12 20:34:19','2015-08-12 20:34:19',1,2,NULL,NULL,NULL),(111,97,'2015-08-12 20:34:24','2015-08-12 20:34:24',1,2,NULL,NULL,NULL),(112,98,'2015-08-12 20:34:27','2015-08-12 20:34:27',1,2,NULL,NULL,NULL),(113,99,'2015-08-12 20:34:30','2015-08-12 20:34:30',1,2,NULL,NULL,NULL),(114,100,'2015-08-12 20:34:33','2015-08-12 20:34:33',1,2,NULL,NULL,NULL),(115,101,'2015-08-12 20:34:36','2015-08-12 20:34:36',1,2,NULL,NULL,NULL),(116,102,'2015-08-12 20:34:39','2015-08-12 20:34:39',1,2,NULL,NULL,NULL),(117,103,'2015-08-12 20:34:42','2015-08-12 20:34:42',1,2,NULL,NULL,NULL),(118,104,'2015-08-14 18:53:48','2015-08-14 18:53:48',1,2,NULL,NULL,NULL),(119,104,'2015-08-14 18:53:48','2015-08-14 18:53:48',1,2,NULL,NULL,NULL),(120,105,'2015-08-14 18:53:51','2015-08-14 18:53:51',1,2,NULL,NULL,NULL),(121,106,'2015-08-14 18:53:53','2015-08-14 18:53:53',1,2,NULL,NULL,NULL),(122,107,'2015-08-14 18:53:55','2015-08-14 18:53:55',1,2,NULL,NULL,NULL),(123,108,'2015-08-14 18:53:58','2015-08-14 18:53:58',1,2,NULL,NULL,NULL),(124,109,'2015-08-14 18:54:01','2015-08-14 18:54:01',1,2,NULL,NULL,NULL),(125,110,'2015-08-14 18:54:03','2015-08-14 18:54:03',1,2,NULL,NULL,NULL),(126,111,'2015-08-14 18:54:05','2015-08-14 18:54:05',1,2,NULL,NULL,NULL),(127,112,'2015-08-14 19:02:26','2015-08-14 19:02:26',1,2,NULL,NULL,NULL),(128,112,'2015-08-14 19:02:26','2015-08-14 19:02:26',1,2,NULL,NULL,NULL),(129,113,'2015-08-14 19:02:28','2015-08-14 19:02:28',1,2,NULL,NULL,NULL),(130,114,'2015-08-14 19:02:31','2015-08-14 19:02:31',1,2,NULL,NULL,NULL),(131,115,'2015-08-14 19:02:33','2015-08-14 19:02:33',1,2,NULL,NULL,NULL),(132,116,'2015-08-14 19:02:35','2015-08-14 19:02:35',1,2,NULL,NULL,NULL),(133,117,'2015-08-14 19:02:37','2015-08-14 19:02:37',1,2,NULL,NULL,NULL),(134,118,'2015-08-14 19:02:39','2015-08-14 19:02:39',1,2,NULL,NULL,NULL),(135,119,'2015-08-14 19:02:41','2015-08-14 19:02:41',1,2,NULL,NULL,NULL),(136,120,'2015-08-14 22:36:15','2015-08-14 22:36:15',1,2,NULL,NULL,NULL),(137,120,'2015-08-14 22:36:15','2015-08-14 22:36:15',1,2,NULL,NULL,NULL),(138,121,'2015-08-14 22:36:18','2015-08-14 22:36:18',1,2,NULL,NULL,NULL),(139,122,'2015-08-14 22:36:20','2015-08-14 22:36:20',1,2,NULL,NULL,NULL),(140,123,'2015-08-14 22:36:22','2015-08-14 22:36:22',1,2,NULL,NULL,NULL),(141,124,'2015-08-14 22:36:24','2015-08-14 22:36:24',1,2,NULL,NULL,NULL),(142,125,'2015-08-14 22:36:27','2015-08-14 22:36:27',1,2,NULL,NULL,NULL),(143,126,'2015-08-14 22:36:30','2015-08-14 22:36:30',1,2,NULL,NULL,NULL),(144,127,'2015-08-14 22:36:32','2015-08-14 22:36:32',1,2,NULL,NULL,NULL),(145,128,'2015-08-14 23:19:25','2015-08-14 23:19:25',1,2,NULL,NULL,NULL),(146,128,'2015-08-14 23:19:25','2015-08-14 23:19:25',1,2,NULL,NULL,NULL),(147,129,'2015-08-14 23:19:34','2015-08-14 23:19:34',1,2,NULL,NULL,NULL),(148,129,'2015-08-14 23:19:34','2015-08-14 23:19:34',1,2,NULL,NULL,NULL),(149,130,'2015-08-14 23:19:39','2015-08-14 23:19:39',1,2,NULL,NULL,NULL),(150,131,'2015-08-14 23:19:44','2015-08-14 23:19:44',1,2,NULL,NULL,NULL),(151,132,'2015-08-14 23:19:48','2015-08-14 23:19:48',1,2,NULL,NULL,NULL),(152,133,'2015-08-14 23:19:53','2015-08-14 23:19:53',1,2,NULL,NULL,NULL),(153,134,'2015-08-14 23:19:59','2015-08-14 23:19:59',1,2,NULL,NULL,NULL),(154,135,'2015-08-14 23:20:03','2015-08-14 23:20:03',1,2,NULL,NULL,NULL),(155,136,'2015-08-14 23:20:08','2015-08-14 23:20:08',1,2,NULL,NULL,NULL),(156,137,'2015-08-15 00:46:28','2015-08-15 00:46:28',1,2,NULL,NULL,NULL),(157,137,'2015-08-15 00:46:28','2015-08-15 00:46:28',1,2,NULL,NULL,NULL),(158,138,'2015-08-15 00:48:52','2015-08-15 00:48:52',1,2,NULL,NULL,NULL),(159,138,'2015-08-15 00:48:52','2015-08-15 00:48:52',1,2,NULL,NULL,NULL),(160,139,'2015-08-15 00:48:54','2015-08-15 00:48:54',1,2,NULL,NULL,NULL),(161,140,'2015-08-15 00:48:57','2015-08-15 00:48:57',1,2,NULL,NULL,NULL),(162,141,'2015-08-15 00:48:59','2015-08-15 00:48:59',1,2,NULL,NULL,NULL),(163,142,'2015-08-15 00:49:01','2015-08-15 00:49:01',1,2,NULL,NULL,NULL),(164,143,'2015-08-15 00:49:04','2015-08-15 00:49:04',1,2,NULL,NULL,NULL),(165,144,'2015-08-15 00:49:06','2015-08-15 00:49:06',1,2,NULL,NULL,NULL),(166,145,'2015-08-15 00:49:08','2015-08-15 00:49:08',1,2,NULL,NULL,NULL),(167,146,'2015-08-15 00:51:52','2015-08-15 00:51:52',1,2,NULL,NULL,NULL),(168,146,'2015-08-15 00:51:52','2015-08-15 00:51:52',1,2,NULL,NULL,NULL),(169,147,'2015-08-15 00:51:55','2015-08-15 00:51:55',1,2,NULL,NULL,NULL),(170,148,'2015-08-15 00:51:59','2015-08-15 00:51:59',1,2,NULL,NULL,NULL),(171,149,'2015-08-15 00:52:01','2015-08-15 00:52:01',1,2,NULL,NULL,NULL),(172,150,'2015-08-15 00:52:03','2015-08-15 00:52:03',1,2,NULL,NULL,NULL),(173,151,'2015-08-15 00:52:06','2015-08-15 00:52:06',1,2,NULL,NULL,NULL),(174,152,'2015-08-15 00:52:08','2015-08-15 00:52:08',1,2,NULL,NULL,NULL),(175,153,'2015-08-15 00:52:10','2015-08-15 00:52:10',1,2,NULL,NULL,NULL),(176,154,'2015-08-15 00:56:36','2015-08-15 00:56:36',1,2,NULL,NULL,NULL),(177,154,'2015-08-15 00:56:36','2015-08-15 00:56:36',1,2,NULL,NULL,NULL),(178,155,'2015-08-15 00:56:39','2015-08-15 00:56:39',1,2,NULL,NULL,NULL),(179,156,'2015-08-15 00:56:41','2015-08-15 00:56:41',1,2,NULL,NULL,NULL),(180,157,'2015-08-15 00:56:43','2015-08-15 00:56:43',1,2,NULL,NULL,NULL),(181,158,'2015-08-15 00:56:46','2015-08-15 00:56:46',1,2,NULL,NULL,NULL),(182,159,'2015-08-15 00:56:49','2015-08-15 00:56:49',1,2,NULL,NULL,NULL),(183,160,'2015-08-15 00:56:51','2015-08-15 00:56:51',1,2,NULL,NULL,NULL),(184,161,'2015-08-15 00:56:53','2015-08-15 00:56:53',1,2,NULL,NULL,NULL),(185,162,'2015-08-15 00:58:35','2015-08-15 00:58:35',1,2,NULL,NULL,NULL),(186,162,'2015-08-15 00:58:36','2015-08-15 00:58:36',1,2,NULL,NULL,NULL),(187,163,'2015-08-15 00:58:38','2015-08-15 00:58:38',1,2,NULL,NULL,NULL),(188,164,'2015-08-15 00:58:40','2015-08-15 00:58:40',1,2,NULL,NULL,NULL),(189,165,'2015-08-15 00:58:42','2015-08-15 00:58:42',1,2,NULL,NULL,NULL),(190,166,'2015-08-15 00:58:45','2015-08-15 00:58:45',1,2,NULL,NULL,NULL),(191,167,'2015-08-15 00:58:47','2015-08-15 00:58:47',1,2,NULL,NULL,NULL),(192,168,'2015-08-15 00:58:49','2015-08-15 00:58:49',1,2,NULL,NULL,NULL),(193,169,'2015-08-15 00:58:52','2015-08-15 00:58:52',1,2,NULL,NULL,NULL),(194,170,'2015-08-15 00:58:54','2015-08-15 00:58:54',1,2,NULL,NULL,NULL),(195,170,'2015-08-15 00:58:54','2015-08-15 00:58:54',1,2,NULL,NULL,NULL),(196,171,'2015-08-17 18:56:03','2015-08-17 18:56:03',1,2,NULL,NULL,NULL),(197,171,'2015-08-17 18:56:03','2015-08-17 18:56:03',1,2,NULL,NULL,NULL),(198,172,'2015-08-17 18:56:05','2015-08-17 18:56:05',1,2,NULL,NULL,NULL),(199,173,'2015-08-17 18:56:08','2015-08-17 18:56:08',1,2,NULL,NULL,NULL),(200,174,'2015-08-17 18:56:10','2015-08-17 18:56:10',1,2,NULL,NULL,NULL),(201,175,'2015-08-17 18:56:13','2015-08-17 18:56:13',1,2,NULL,NULL,NULL),(202,176,'2015-08-17 18:56:15','2015-08-17 18:56:15',1,2,NULL,NULL,NULL),(203,177,'2015-08-17 18:56:17','2015-08-17 18:56:17',1,2,NULL,NULL,NULL),(204,178,'2015-08-17 18:56:20','2015-08-17 18:56:20',1,2,NULL,NULL,NULL),(205,179,'2015-08-17 18:56:24','2015-08-17 18:56:24',1,2,NULL,NULL,NULL),(206,179,'2015-08-17 18:56:24','2015-08-17 18:56:24',1,2,NULL,NULL,NULL),(207,180,'2015-08-17 20:19:17','2015-08-17 20:19:17',1,2,NULL,NULL,NULL),(208,180,'2015-08-17 20:19:17','2015-08-17 20:19:17',1,2,NULL,NULL,NULL),(209,181,'2015-08-17 20:19:20','2015-08-17 20:19:20',1,2,NULL,NULL,NULL),(210,182,'2015-08-17 20:19:24','2015-08-17 20:19:24',1,2,NULL,NULL,NULL),(211,183,'2015-08-17 20:19:26','2015-08-17 20:19:26',1,2,NULL,NULL,NULL),(212,184,'2015-08-17 20:19:28','2015-08-17 20:19:28',1,2,NULL,NULL,NULL),(213,185,'2015-08-17 20:19:31','2015-08-17 20:19:31',1,2,NULL,NULL,NULL),(214,186,'2015-08-17 20:19:33','2015-08-17 20:19:33',1,2,NULL,NULL,NULL),(215,187,'2015-08-17 20:19:35','2015-08-17 20:19:35',1,2,NULL,NULL,NULL),(216,188,'2015-08-17 20:19:38','2015-08-17 20:19:38',1,2,NULL,NULL,NULL),(217,188,'2015-08-17 20:19:38','2015-08-17 20:19:38',1,2,NULL,NULL,NULL),(218,189,'2015-08-17 20:38:22','2015-08-17 20:38:22',1,2,NULL,NULL,NULL),(219,189,'2015-08-17 20:38:22','2015-08-17 20:38:22',1,2,NULL,NULL,NULL),(220,190,'2015-08-17 20:38:25','2015-08-17 20:38:25',1,2,NULL,NULL,NULL),(221,191,'2015-08-17 20:38:28','2015-08-17 20:38:28',1,2,NULL,NULL,NULL),(222,192,'2015-08-17 20:38:29','2015-08-17 20:38:29',1,2,NULL,NULL,NULL),(223,193,'2015-08-17 20:38:33','2015-08-17 20:38:33',1,2,NULL,NULL,NULL),(224,194,'2015-08-17 20:38:35','2015-08-17 20:38:35',1,2,NULL,NULL,NULL),(225,195,'2015-08-17 20:38:37','2015-08-17 20:38:37',1,2,NULL,NULL,NULL),(226,196,'2015-08-17 20:38:40','2015-08-17 20:38:40',1,2,NULL,NULL,NULL),(227,197,'2015-08-17 20:38:43','2015-08-17 20:38:43',1,2,NULL,NULL,NULL),(228,197,'2015-08-17 20:38:43','2015-08-17 20:38:43',1,2,NULL,NULL,NULL),(229,198,'2015-08-17 20:53:00','2015-08-17 20:53:00',1,2,NULL,NULL,NULL),(230,198,'2015-08-17 20:53:00','2015-08-17 20:53:00',1,2,NULL,NULL,NULL),(231,199,'2015-08-17 20:53:03','2015-08-17 20:53:03',1,2,NULL,NULL,NULL),(232,200,'2015-08-17 20:53:05','2015-08-17 20:53:05',1,2,NULL,NULL,NULL),(233,201,'2015-08-17 20:53:07','2015-08-17 20:53:07',1,2,NULL,NULL,NULL),(234,202,'2015-08-17 20:53:11','2015-08-17 20:53:11',1,2,NULL,NULL,NULL),(235,203,'2015-08-17 20:53:14','2015-08-17 20:53:14',1,2,NULL,NULL,NULL),(236,204,'2015-08-17 20:53:17','2015-08-17 20:53:17',1,2,NULL,NULL,NULL),(237,205,'2015-08-17 20:53:19','2015-08-17 20:53:19',1,2,NULL,NULL,NULL),(238,206,'2015-08-17 20:53:22','2015-08-17 20:53:22',1,2,NULL,NULL,NULL),(239,206,'2015-08-17 20:53:22','2015-08-17 20:53:22',1,2,NULL,NULL,NULL),(240,207,'2015-08-17 21:06:08','2015-08-17 21:06:08',11,1,1,5,3),(241,207,'2015-08-17 21:06:08','2015-08-17 21:06:08',9,5,4,6,5),(242,208,'2015-08-17 21:26:23','2015-08-17 21:26:23',1,2,NULL,NULL,NULL),(243,208,'2015-08-17 21:26:23','2015-08-17 21:26:23',1,2,NULL,NULL,NULL),(244,209,'2015-08-17 21:26:26','2015-08-17 21:26:26',1,2,NULL,NULL,NULL),(245,210,'2015-08-17 21:26:28','2015-08-17 21:26:28',1,2,NULL,NULL,NULL),(246,211,'2015-08-17 21:26:30','2015-08-17 21:26:30',1,2,NULL,NULL,NULL),(247,212,'2015-08-17 21:26:34','2015-08-17 21:26:34',1,2,NULL,NULL,NULL),(248,213,'2015-08-17 21:26:36','2015-08-17 21:26:36',1,2,NULL,NULL,NULL),(249,214,'2015-08-17 21:26:39','2015-08-17 21:26:39',1,2,NULL,NULL,NULL),(250,215,'2015-08-17 21:26:41','2015-08-17 21:26:41',1,2,NULL,NULL,NULL),(251,216,'2015-08-17 21:26:44','2015-08-17 21:26:44',1,2,NULL,NULL,NULL),(252,216,'2015-08-17 21:26:44','2015-08-17 21:26:44',1,2,NULL,NULL,NULL),(253,217,'2015-08-17 21:32:38','2015-08-17 21:32:38',1,2,NULL,NULL,NULL),(254,217,'2015-08-17 21:32:38','2015-08-17 21:32:38',1,2,NULL,NULL,NULL),(255,218,'2015-08-17 21:32:41','2015-08-17 21:32:41',1,2,NULL,NULL,NULL),(256,219,'2015-08-17 21:32:44','2015-08-17 21:32:44',1,2,NULL,NULL,NULL),(257,220,'2015-08-17 21:32:46','2015-08-17 21:32:46',1,2,NULL,NULL,NULL),(258,221,'2015-08-17 21:32:51','2015-08-17 21:32:51',1,2,NULL,NULL,NULL),(259,222,'2015-08-17 21:32:54','2015-08-17 21:32:54',1,2,NULL,NULL,NULL),(260,223,'2015-08-17 21:32:56','2015-08-17 21:32:56',1,2,NULL,NULL,NULL),(261,224,'2015-08-17 21:32:59','2015-08-17 21:32:59',1,2,NULL,NULL,NULL),(262,225,'2015-08-17 21:33:03','2015-08-17 21:33:03',1,2,NULL,NULL,NULL),(263,225,'2015-08-17 21:33:03','2015-08-17 21:33:03',1,2,NULL,NULL,NULL),(264,226,'2015-08-17 21:36:24','2015-08-17 21:36:24',1,2,NULL,NULL,NULL),(265,226,'2015-08-17 21:36:24','2015-08-17 21:36:24',1,2,NULL,NULL,NULL),(266,227,'2015-08-17 21:36:37','2015-08-17 21:36:37',1,2,NULL,NULL,NULL),(267,228,'2015-08-17 21:36:49','2015-08-17 21:36:49',1,2,NULL,NULL,NULL),(268,229,'2015-08-17 21:36:51','2015-08-17 21:36:51',1,2,NULL,NULL,NULL),(269,230,'2015-08-17 21:36:53','2015-08-17 21:36:53',1,2,NULL,NULL,NULL),(270,231,'2015-08-17 21:36:56','2015-08-17 21:36:56',1,2,NULL,NULL,NULL),(271,232,'2015-08-17 21:36:58','2015-08-17 21:36:58',1,2,NULL,NULL,NULL),(272,233,'2015-08-17 21:37:01','2015-08-17 21:37:01',1,2,NULL,NULL,NULL),(273,234,'2015-08-17 21:37:08','2015-08-17 21:37:08',1,2,NULL,NULL,NULL),(274,234,'2015-08-17 21:37:08','2015-08-17 21:37:08',1,2,NULL,NULL,NULL),(275,235,'2015-08-17 21:39:50','2015-08-17 21:39:50',1,2,NULL,NULL,NULL),(276,235,'2015-08-17 21:39:50','2015-08-17 21:39:50',1,2,NULL,NULL,NULL),(277,236,'2015-08-17 21:39:52','2015-08-17 21:39:52',1,2,NULL,NULL,NULL),(278,237,'2015-08-17 21:39:55','2015-08-17 21:39:55',1,2,NULL,NULL,NULL),(279,238,'2015-08-17 21:39:57','2015-08-17 21:39:57',1,2,NULL,NULL,NULL),(280,239,'2015-08-17 21:40:02','2015-08-17 21:40:02',1,2,NULL,NULL,NULL),(281,240,'2015-08-17 21:40:08','2015-08-17 21:40:08',1,2,NULL,NULL,NULL),(282,241,'2015-08-17 21:40:11','2015-08-17 21:40:11',1,2,NULL,NULL,NULL),(283,242,'2015-08-17 21:40:15','2015-08-17 21:40:15',1,2,NULL,NULL,NULL),(284,243,'2015-08-17 21:40:19','2015-08-17 21:40:19',1,2,NULL,NULL,NULL),(285,243,'2015-08-17 21:40:19','2015-08-17 21:40:19',1,2,NULL,NULL,NULL);
/*!40000 ALTER TABLE `CustomerBentoBox` ENABLE KEYS */;
UNLOCK TABLES;

--
-- Table structure for table `Dish`
--

DROP TABLE IF EXISTS `Dish`;
/*!40101 SET @saved_cs_client     = @@character_set_client */;
/*!40101 SET character_set_client = utf8 */;
CREATE TABLE `Dish` (
  `pk_Dish` int(11) NOT NULL AUTO_INCREMENT,
  `parent_pk_Dish` int(11) DEFAULT NULL COMMENT 'Used if copied.',
  `created_at` timestamp NULL DEFAULT CURRENT_TIMESTAMP,
  `updated_at` timestamp NULL DEFAULT NULL ON UPDATE CURRENT_TIMESTAMP,
  `name` varchar(255) DEFAULT NULL,
  `short_name` varchar(5) DEFAULT NULL,
  `description` varchar(255) DEFAULT NULL,
  `type` enum('main','side') DEFAULT NULL,
  `price` decimal(4,2) DEFAULT NULL,
  `label` varchar(20) DEFAULT NULL,
  `temp` enum('hot','cold') DEFAULT NULL,
  `image1` varchar(255) DEFAULT NULL,
  `email_image1` varchar(255) DEFAULT NULL,
  `max_per_order` tinyint(4) DEFAULT NULL,
  `i_notes` text COMMENT 'Internal notes.',
  PRIMARY KEY (`pk_Dish`)
) ENGINE=InnoDB AUTO_INCREMENT=20 DEFAULT CHARSET=utf8 COMMENT='Dish: An individual item that would go onto a plate.';
/*!40101 SET character_set_client = @saved_cs_client */;

--
-- Dumping data for table `Dish`
--

LOCK TABLES `Dish` WRITE;
/*!40000 ALTER TABLE `Dish` DISABLE KEYS */;
INSERT INTO `Dish` VALUES (1,NULL,'2015-01-08 20:14:58','2015-04-18 01:00:00','\"Eggplant\"','ep','Delicous eggplant','side',NULL,'A','hot','https://d1pztqdeuocb8t.cloudfront.net/sample.png',NULL,2,NULL),(2,NULL,'2015-01-08 20:27:35','2015-02-15 07:29:43','Kimchi','kc','Delicious kimchi','side',NULL,'B','hot','https://d1pztqdeuocb8t.cloudfront.net/sample.png',NULL,2,NULL),(3,NULL,'2015-01-08 20:27:35','2015-02-15 07:29:43','Noodles','nd','Delicious noodles','side',NULL,'C','hot','https://d1pztqdeuocb8t.cloudfront.net/sample.png',NULL,NULL,NULL),(4,NULL,'2015-01-08 20:27:35','2015-02-15 07:29:43','Rice','rc','Delicious rice','side',NULL,'D','hot','https://d1pztqdeuocb8t.cloudfront.net/sample.png',NULL,2,NULL),(5,NULL,'2015-01-08 20:27:35','2015-02-15 07:29:43','Udon','ud','Delicious udon','side',NULL,'E','hot','https://d1pztqdeuocb8t.cloudfront.net/sample.png',NULL,2,NULL),(6,NULL,'2015-01-08 20:27:35','2015-02-15 07:29:43','Broccoli','br','Delicious broccoli','side',NULL,'F','hot','https://d1pztqdeuocb8t.cloudfront.net/sample.png',NULL,2,NULL),(7,NULL,'2015-01-08 20:27:35','2015-02-15 07:29:43','Crab','cr','Delicious crab','main',NULL,'G','hot','https://d1pztqdeuocb8t.cloudfront.net/sample.png',NULL,NULL,NULL),(8,NULL,'2015-01-08 20:27:35','2015-02-15 07:29:43','Salmon','sl','Delicious salmon','main',NULL,'H','hot','https://d1pztqdeuocb8t.cloudfront.net/sample.png',NULL,NULL,NULL),(9,NULL,'2015-01-08 20:27:35','2015-02-15 07:29:43','Tuna','tn','Delicious tuna','main',NULL,'I','hot','https://d1pztqdeuocb8t.cloudfront.net/sample.png',NULL,NULL,NULL),(10,NULL,'2015-01-08 20:27:35','2015-03-30 18:04:43','Chicken','cx','Delicious chicken','main',NULL,'J','hot','https://d1pztqdeuocb8t.cloudfront.net/sample.png',NULL,7,'notes'),(11,NULL,'2015-01-08 20:27:35','2015-02-15 07:29:43','Beef','bf','Delicious beef','main',NULL,'K','hot','https://d1pztqdeuocb8t.cloudfront.net/sample.png',NULL,NULL,NULL),(12,NULL,'2015-01-08 20:27:35','2015-02-15 07:29:43','Sweet Sour Kidney Beans','sskb','Delicious kidney beans','side',NULL,'L','hot','https://d1pztqdeuocb8t.cloudfront.net/sample.png',NULL,NULL,NULL),(13,NULL,'2015-01-08 20:27:35','2015-02-15 07:29:43','Chicken Dumplings','cd','Delicious dumplings','side',NULL,'M','hot','https://d1pztqdeuocb8t.cloudfront.net/sample.png',NULL,99,'some notes'),(14,NULL,'2015-01-08 20:27:35','2015-02-15 07:29:43','California Roll','cr','Delicious cali roll','side',NULL,'N','cold','https://d1pztqdeuocb8t.cloudfront.net/sample.png',NULL,NULL,NULL),(15,NULL,'2015-01-08 20:27:35','2015-02-15 07:29:43','Tuna Roll','tr','Delicious tuna roll','side',NULL,'O','cold','https://d1pztqdeuocb8t.cloudfront.net/sample.png',NULL,NULL,NULL),(16,NULL,'2015-01-08 20:27:35','2015-02-15 07:29:43','Salmon Roll','sr','Delicious salmon roll','side',NULL,'P','cold','https://d1pztqdeuocb8t.cloudfront.net/sample.png',NULL,NULL,NULL),(18,NULL,'2015-02-10 04:40:54','2015-04-06 23:17:20','Avocado Roll','ar','','main',NULL,'Q','hot','http://cdn.bentonow.com/menu/022315/Avocado+roll.JPG','http://cdn.bentonow.com/menu/022315/avocado-tuna-salad680x450.jpg',99,'notes'),(19,NULL,'2015-03-31 01:08:47','2015-03-31 01:08:47','AAA1',NULL,'DESC1','main',NULL,'label1','cold','',NULL,42,'notes1');
/*!40000 ALTER TABLE `Dish` ENABLE KEYS */;
UNLOCK TABLES;

--
-- Table structure for table `Driver`
--

DROP TABLE IF EXISTS `Driver`;
/*!40101 SET @saved_cs_client     = @@character_set_client */;
/*!40101 SET character_set_client = utf8 */;
CREATE TABLE `Driver` (
  `pk_Driver` int(11) NOT NULL AUTO_INCREMENT,
  `created_at` timestamp NULL DEFAULT CURRENT_TIMESTAMP,
  `updated_at` timestamp NULL DEFAULT NULL ON UPDATE CURRENT_TIMESTAMP,
  `notes` text,
  `firstname` varchar(100) DEFAULT NULL,
  `lastname` varchar(100) DEFAULT NULL,
  `mobile_phone` varchar(45) DEFAULT NULL,
  `email` varchar(100) DEFAULT NULL,
  `on_shift` tinyint(1) DEFAULT '0',
  PRIMARY KEY (`pk_Driver`)
) ENGINE=InnoDB AUTO_INCREMENT=8 DEFAULT CHARSET=utf8;
/*!40101 SET character_set_client = @saved_cs_client */;

--
-- Dumping data for table `Driver`
--

LOCK TABLES `Driver` WRITE;
/*!40000 ALTER TABLE `Driver` DISABLE KEYS */;
INSERT INTO `Driver` VALUES (1,'2015-01-22 20:17:49','2015-07-22 20:16:50','notes','Vincent','Cardillo','585-502-8462','vincent@bentonow.com',1),(2,'2015-01-22 20:18:12','2015-07-22 20:16:50',NULL,'Alberto','Demantis','555-123-5678','john@smith.com',1),(3,'2015-02-13 23:29:11','2015-07-22 20:16:50',NULL,'Nicholas','Saavedra','925-917-1229','nicholasjamessaavedra@yahoo.com',1),(4,'2015-02-13 23:29:11','2015-07-22 20:16:50',NULL,'Alex',NULL,NULL,NULL,1),(5,'2015-02-13 23:29:11','2015-06-15 20:52:59',NULL,'Jim',NULL,NULL,NULL,0),(6,'2015-03-27 02:36:14','2015-06-15 20:52:59','Notes','Richard','Wong','Phone','Email',0),(7,'2015-03-27 02:36:56','2015-06-15 20:52:59','Notes\r\nNotes2\r\nwoop\r\nwoop\r\nde do\r\n  and such\r\nf\r\nwea\r\nfa\r\nf\r\nwef\r\newf\r\nf\r\nwef','Alice','Lombard','Phone','Email',0);
/*!40000 ALTER TABLE `Driver` ENABLE KEYS */;
UNLOCK TABLES;

--
-- Table structure for table `DriverInventory`
--

DROP TABLE IF EXISTS `DriverInventory`;
/*!40101 SET @saved_cs_client     = @@character_set_client */;
/*!40101 SET character_set_client = utf8 */;
CREATE TABLE `DriverInventory` (
  `pk_DriverInventory` int(11) NOT NULL AUTO_INCREMENT,
  `fk_Driver` int(11) DEFAULT NULL,
  `fk_item` int(11) DEFAULT NULL,
  `item_type` enum('Dish') DEFAULT 'Dish',
  `created_at` timestamp NULL DEFAULT CURRENT_TIMESTAMP,
  `updated_at` timestamp NULL DEFAULT NULL ON UPDATE CURRENT_TIMESTAMP,
  `qty` int(11) DEFAULT '0',
  `change_reason` enum('init','admin_update','order_assignment') DEFAULT 'init',
  PRIMARY KEY (`pk_DriverInventory`),
  KEY `index2` (`fk_Driver`),
  KEY `index3` (`fk_item`)
) ENGINE=InnoDB AUTO_INCREMENT=73 DEFAULT CHARSET=utf8 COMMENT='This driver, with this inventory, at this time. A data point. This should be graph-able.';
/*!40101 SET character_set_client = @saved_cs_client */;

--
-- Dumping data for table `DriverInventory`
--

LOCK TABLES `DriverInventory` WRITE;
/*!40000 ALTER TABLE `DriverInventory` DISABLE KEYS */;
INSERT INTO `DriverInventory` VALUES (37,2,10,'Dish','2015-07-22 22:34:05',NULL,5,'admin_update'),(38,2,7,'Dish','2015-07-22 22:34:05',NULL,2,'admin_update'),(39,2,8,'Dish','2015-07-22 22:34:05',NULL,-2,'admin_update'),(40,2,9,'Dish','2015-07-22 22:34:05',NULL,0,'admin_update'),(41,2,1,'Dish','2015-07-22 22:34:05',NULL,0,'admin_update'),(42,2,6,'Dish','2015-07-22 22:34:05',NULL,0,'admin_update'),(43,2,14,'Dish','2015-07-22 22:34:05',NULL,0,'admin_update'),(44,2,13,'Dish','2015-07-22 22:34:05',NULL,0,'admin_update'),(45,2,2,'Dish','2015-07-22 22:34:05',NULL,0,'admin_update'),(64,1,10,'Dish','2015-07-22 22:39:03',NULL,2,'admin_update'),(65,1,7,'Dish','2015-07-22 22:39:03',NULL,2,'admin_update'),(66,1,8,'Dish','2015-07-22 22:39:03',NULL,-2,'admin_update'),(67,1,9,'Dish','2015-07-22 22:39:03',NULL,2,'admin_update'),(68,1,1,'Dish','2015-07-22 22:39:03',NULL,2,'admin_update'),(69,1,6,'Dish','2015-07-22 22:39:03',NULL,2,'admin_update'),(70,1,14,'Dish','2015-07-22 22:39:03',NULL,2,'admin_update'),(71,1,13,'Dish','2015-07-22 22:39:03',NULL,2,'admin_update'),(72,1,2,'Dish','2015-07-22 22:39:03',NULL,1,'admin_update');
/*!40000 ALTER TABLE `DriverInventory` ENABLE KEYS */;
UNLOCK TABLES;
/*!50003 SET @saved_cs_client      = @@character_set_client */ ;
/*!50003 SET @saved_cs_results     = @@character_set_results */ ;
/*!50003 SET @saved_col_connection = @@collation_connection */ ;
/*!50003 SET character_set_client  = utf8 */ ;
/*!50003 SET character_set_results = utf8 */ ;
/*!50003 SET collation_connection  = utf8_general_ci */ ;
/*!50003 SET @saved_sql_mode       = @@sql_mode */ ;
/*!50003 SET sql_mode              = 'STRICT_TRANS_TABLES,NO_ENGINE_SUBSTITUTION' */ ;
DELIMITER ;;
/*!50003 CREATE*/ /*!50017 DEFINER=`bento`@`localhost`*/ /*!50003 TRIGGER `DriverInventoryLog` BEFORE UPDATE ON `DriverInventory` FOR EACH ROW

BEGIN  

INSERT INTO `DriverInventoryLog` 
select  NULL, t.* 
from `DriverInventory` t where pk_DriverInventory = OLD.pk_DriverInventory;

END */;;
DELIMITER ;
/*!50003 SET sql_mode              = @saved_sql_mode */ ;
/*!50003 SET character_set_client  = @saved_cs_client */ ;
/*!50003 SET character_set_results = @saved_cs_results */ ;
/*!50003 SET collation_connection  = @saved_col_connection */ ;
/*!50003 SET @saved_cs_client      = @@character_set_client */ ;
/*!50003 SET @saved_cs_results     = @@character_set_results */ ;
/*!50003 SET @saved_col_connection = @@collation_connection */ ;
/*!50003 SET character_set_client  = utf8 */ ;
/*!50003 SET character_set_results = utf8 */ ;
/*!50003 SET collation_connection  = utf8_general_ci */ ;
/*!50003 SET @saved_sql_mode       = @@sql_mode */ ;
/*!50003 SET sql_mode              = 'STRICT_TRANS_TABLES,NO_ENGINE_SUBSTITUTION' */ ;
DELIMITER ;;
/*!50003 CREATE*/ /*!50017 DEFINER=`bento`@`localhost`*/ /*!50003 TRIGGER `DriverInventoryLog_BEFORE_DELETE`
 BEFORE DELETE ON `DriverInventory` FOR EACH ROW

BEGIN  

INSERT INTO `DriverInventoryLog` 
select  NULL, t.* 
from `DriverInventory` t where pk_DriverInventory = OLD.pk_DriverInventory;

END */;;
DELIMITER ;
/*!50003 SET sql_mode              = @saved_sql_mode */ ;
/*!50003 SET character_set_client  = @saved_cs_client */ ;
/*!50003 SET character_set_results = @saved_cs_results */ ;
/*!50003 SET collation_connection  = @saved_col_connection */ ;

--
-- Table structure for table `DriverInventoryLog`
--

DROP TABLE IF EXISTS `DriverInventoryLog`;
/*!40101 SET @saved_cs_client     = @@character_set_client */;
/*!40101 SET character_set_client = utf8 */;
CREATE TABLE `DriverInventoryLog` (
  `pk_DriverInventoryLog` int(11) NOT NULL AUTO_INCREMENT,
  `pk_DriverInventory` int(11) DEFAULT NULL,
  `fk_Driver` int(11) DEFAULT NULL,
  `fk_item` int(11) DEFAULT NULL,
  `item_type` enum('Dish') DEFAULT 'Dish',
  `created_at` timestamp NULL DEFAULT CURRENT_TIMESTAMP,
  `updated_at` timestamp NULL DEFAULT NULL ON UPDATE CURRENT_TIMESTAMP,
  `qty` int(11) DEFAULT NULL,
  `change_reason` varchar(100) DEFAULT 'init',
  PRIMARY KEY (`pk_DriverInventoryLog`),
  KEY `index2` (`fk_Driver`),
  KEY `index3` (`fk_item`),
  KEY `index4` (`pk_DriverInventory`)
) ENGINE=InnoDB AUTO_INCREMENT=64 DEFAULT CHARSET=utf8 COMMENT='This driver, with this inventory, at this time. A data point. This should be graph-able.';
/*!40101 SET character_set_client = @saved_cs_client */;

--
-- Dumping data for table `DriverInventoryLog`
--

LOCK TABLES `DriverInventoryLog` WRITE;
/*!40000 ALTER TABLE `DriverInventoryLog` DISABLE KEYS */;
INSERT INTO `DriverInventoryLog` VALUES (1,1,1,10,'Dish','2015-07-22 20:18:31',NULL,1,'admin_update'),(2,2,1,7,'Dish','2015-07-22 20:18:31',NULL,1,'admin_update'),(3,3,1,8,'Dish','2015-07-22 20:18:31',NULL,1,'admin_update'),(4,4,1,9,'Dish','2015-07-22 20:18:31',NULL,1,'admin_update'),(5,5,1,1,'Dish','2015-07-22 20:18:31',NULL,1,'admin_update'),(6,6,1,6,'Dish','2015-07-22 20:18:31',NULL,1,'admin_update'),(7,7,1,14,'Dish','2015-07-22 20:18:31',NULL,1,'admin_update'),(8,8,1,13,'Dish','2015-07-22 20:18:31',NULL,1,'admin_update'),(9,9,1,2,'Dish','2015-07-22 20:18:31',NULL,1,'admin_update'),(10,10,2,10,'Dish','2015-07-22 20:48:07',NULL,1,'admin_update'),(11,11,2,7,'Dish','2015-07-22 20:48:07',NULL,1,'admin_update'),(12,12,2,8,'Dish','2015-07-22 20:48:07',NULL,1,'admin_update'),(13,13,2,9,'Dish','2015-07-22 20:48:07',NULL,1,'admin_update'),(14,14,2,1,'Dish','2015-07-22 20:48:07',NULL,1,'admin_update'),(15,15,2,6,'Dish','2015-07-22 20:48:07',NULL,1,'admin_update'),(16,16,2,14,'Dish','2015-07-22 20:48:07',NULL,1,'admin_update'),(17,17,2,13,'Dish','2015-07-22 20:48:07',NULL,1,'admin_update'),(18,18,2,2,'Dish','2015-07-22 20:48:07',NULL,0,'admin_update'),(19,10,2,10,'Dish','2015-07-22 20:48:07','2015-07-22 20:48:21',0,'admin_update'),(20,11,2,7,'Dish','2015-07-22 20:48:07','2015-07-22 20:48:21',0,'admin_update'),(21,12,2,8,'Dish','2015-07-22 20:48:07','2015-07-22 20:48:21',0,'admin_update'),(22,13,2,9,'Dish','2015-07-22 20:48:07','2015-07-22 20:48:21',0,'admin_update'),(23,14,2,1,'Dish','2015-07-22 20:48:07','2015-07-22 20:48:21',0,'admin_update'),(24,15,2,6,'Dish','2015-07-22 20:48:07','2015-07-22 20:48:21',0,'admin_update'),(25,16,2,14,'Dish','2015-07-22 20:48:07','2015-07-22 20:48:21',0,'admin_update'),(26,17,2,13,'Dish','2015-07-22 20:48:07','2015-07-22 20:48:21',0,'admin_update'),(27,18,2,2,'Dish','2015-07-22 20:48:07',NULL,0,'admin_update'),(28,28,2,10,'Dish','2015-07-22 22:21:24',NULL,5,'admin_update'),(29,29,2,7,'Dish','2015-07-22 22:21:24',NULL,2,'admin_update'),(30,30,2,8,'Dish','2015-07-22 22:21:24',NULL,0,'admin_update'),(31,31,2,9,'Dish','2015-07-22 22:21:24',NULL,0,'admin_update'),(32,32,2,1,'Dish','2015-07-22 22:21:24',NULL,0,'admin_update'),(33,33,2,6,'Dish','2015-07-22 22:21:24',NULL,0,'admin_update'),(34,34,2,14,'Dish','2015-07-22 22:21:24',NULL,0,'admin_update'),(35,35,2,13,'Dish','2015-07-22 22:21:24',NULL,0,'admin_update'),(36,36,2,2,'Dish','2015-07-22 22:21:24',NULL,0,'admin_update'),(37,19,1,10,'Dish','2015-07-22 20:48:21',NULL,2,'admin_update'),(38,20,1,7,'Dish','2015-07-22 20:48:21',NULL,2,'admin_update'),(39,21,1,8,'Dish','2015-07-22 20:48:21',NULL,2,'admin_update'),(40,22,1,9,'Dish','2015-07-22 20:48:21',NULL,2,'admin_update'),(41,23,1,1,'Dish','2015-07-22 20:48:21',NULL,2,'admin_update'),(42,24,1,6,'Dish','2015-07-22 20:48:21',NULL,2,'admin_update'),(43,25,1,14,'Dish','2015-07-22 20:48:21',NULL,2,'admin_update'),(44,26,1,13,'Dish','2015-07-22 20:48:21',NULL,2,'admin_update'),(45,27,1,2,'Dish','2015-07-22 20:48:21',NULL,1,'admin_update'),(46,46,1,10,'Dish','2015-07-22 22:34:31',NULL,2,'admin_update'),(47,47,1,7,'Dish','2015-07-22 22:34:31',NULL,2,'admin_update'),(48,48,1,8,'Dish','2015-07-22 22:34:31',NULL,6,'admin_update'),(49,49,1,9,'Dish','2015-07-22 22:34:31',NULL,2,'admin_update'),(50,50,1,1,'Dish','2015-07-22 22:34:31',NULL,2,'admin_update'),(51,51,1,6,'Dish','2015-07-22 22:34:31',NULL,2,'admin_update'),(52,52,1,14,'Dish','2015-07-22 22:34:31',NULL,2,'admin_update'),(53,53,1,13,'Dish','2015-07-22 22:34:31',NULL,2,'admin_update'),(54,54,1,2,'Dish','2015-07-22 22:34:31',NULL,1,'admin_update'),(55,55,1,10,'Dish','2015-07-22 22:35:00',NULL,2,'admin_update'),(56,56,1,7,'Dish','2015-07-22 22:35:00',NULL,2,'admin_update'),(57,57,1,8,'Dish','2015-07-22 22:35:00',NULL,-2,'admin_update'),(58,58,1,9,'Dish','2015-07-22 22:35:00',NULL,2,'admin_update'),(59,59,1,1,'Dish','2015-07-22 22:35:00',NULL,2,'admin_update'),(60,60,1,6,'Dish','2015-07-22 22:35:00',NULL,2,'admin_update'),(61,61,1,14,'Dish','2015-07-22 22:35:00',NULL,2,'admin_update'),(62,62,1,13,'Dish','2015-07-22 22:35:00',NULL,2,'admin_update'),(63,63,1,2,'Dish','2015-07-22 22:35:00',NULL,1,'admin_update');
/*!40000 ALTER TABLE `DriverInventoryLog` ENABLE KEYS */;
UNLOCK TABLES;

--
-- Table structure for table `LiveInventory`
--

DROP TABLE IF EXISTS `LiveInventory`;
/*!40101 SET @saved_cs_client     = @@character_set_client */;
/*!40101 SET character_set_client = utf8 */;
CREATE TABLE `LiveInventory` (
  `pk_LiveInventory` int(11) NOT NULL AUTO_INCREMENT,
  `created` timestamp NULL DEFAULT CURRENT_TIMESTAMP,
  `modified` timestamp NULL DEFAULT NULL ON UPDATE CURRENT_TIMESTAMP,
  `fk_item` int(11) DEFAULT NULL,
  `item_type` enum('Dish') COLLATE utf8_unicode_ci DEFAULT 'Dish',
  `qty` smallint(6) unsigned DEFAULT NULL,
  `change_reason` enum('init','delivery','admin_update') COLLATE utf8_unicode_ci DEFAULT 'init',
  `qty_saved` smallint(6) unsigned DEFAULT NULL,
  `sold_out` tinyint(1) DEFAULT '0',
  PRIMARY KEY (`pk_LiveInventory`),
  UNIQUE KEY `idx_fk_item` (`fk_item`,`item_type`)
) ENGINE=InnoDB AUTO_INCREMENT=3 DEFAULT CHARSET=utf8 COLLATE=utf8_unicode_ci;
/*!40101 SET character_set_client = @saved_cs_client */;

--
-- Dumping data for table `LiveInventory`
--

LOCK TABLES `LiveInventory` WRITE;
/*!40000 ALTER TABLE `LiveInventory` DISABLE KEYS */;
INSERT INTO `LiveInventory` VALUES (1,'2015-08-17 21:40:21',NULL,1,'Dish',100,'init',NULL,0),(2,'2015-08-17 21:40:21',NULL,2,'Dish',100,'init',NULL,0);
/*!40000 ALTER TABLE `LiveInventory` ENABLE KEYS */;
UNLOCK TABLES;

--
-- Table structure for table `MealType`
--

DROP TABLE IF EXISTS `MealType`;
/*!40101 SET @saved_cs_client     = @@character_set_client */;
/*!40101 SET character_set_client = utf8 */;
CREATE TABLE `MealType` (
  `pk_MealType` int(11) NOT NULL AUTO_INCREMENT,
  `name` varchar(45) COLLATE utf8_unicode_ci DEFAULT NULL,
  `order` int(11) DEFAULT NULL,
  `startTime` time DEFAULT NULL,
  PRIMARY KEY (`pk_MealType`)
) ENGINE=InnoDB AUTO_INCREMENT=4 DEFAULT CHARSET=utf8 COLLATE=utf8_unicode_ci;
/*!40101 SET character_set_client = @saved_cs_client */;

--
-- Dumping data for table `MealType`
--

LOCK TABLES `MealType` WRITE;
/*!40000 ALTER TABLE `MealType` DISABLE KEYS */;
INSERT INTO `MealType` VALUES (1,'brunch',1,NULL),(2,'lunch',2,'11:30:00'),(3,'dinner',3,'16:30:00');
/*!40000 ALTER TABLE `MealType` ENABLE KEYS */;
UNLOCK TABLES;

--
-- Table structure for table `Menu`
--

DROP TABLE IF EXISTS `Menu`;
/*!40101 SET @saved_cs_client     = @@character_set_client */;
/*!40101 SET character_set_client = utf8 */;
CREATE TABLE `Menu` (
  `pk_Menu` int(11) NOT NULL AUTO_INCREMENT,
  `parent_pk_Menu` int(11) DEFAULT NULL COMMENT 'Used if you copy a menu.',
  `created_at` timestamp NULL DEFAULT CURRENT_TIMESTAMP,
  `updated_at` timestamp NULL DEFAULT NULL ON UPDATE CURRENT_TIMESTAMP,
  `for_date` date DEFAULT NULL,
  `name` varchar(255) DEFAULT NULL,
  `i_notes` text COMMENT 'Internal notes.',
  `bgimg` varchar(255) DEFAULT NULL,
  `published` tinyint(1) DEFAULT '1',
  `menu_type` enum('fixed','custom') DEFAULT 'custom',
  `fk_MealType` int(11) DEFAULT '3',
  PRIMARY KEY (`pk_Menu`),
  UNIQUE KEY `Menu_Type` (`for_date`,`fk_MealType`),
  KEY `fk_Menu_1_idx` (`parent_pk_Menu`),
  CONSTRAINT `fk_Menu_1` FOREIGN KEY (`parent_pk_Menu`) REFERENCES `Menu` (`pk_Menu`) ON DELETE NO ACTION ON UPDATE NO ACTION
) ENGINE=InnoDB AUTO_INCREMENT=18 DEFAULT CHARSET=utf8 COMMENT='All new Menus and Dishes will default to "draft mode" (unpublished).';
/*!40101 SET character_set_client = @saved_cs_client */;

--
-- Dumping data for table `Menu`
--

LOCK TABLES `Menu` WRITE;
/*!40000 ALTER TABLE `Menu` DISABLE KEYS */;
INSERT INTO `Menu` VALUES (1,NULL,'2015-01-20 23:55:46','2015-05-05 02:01:16','2014-01-27','[TEST] Menu','my notes','https://d1pztqdeuocb8t.cloudfront.net/first_background.png',1,'custom',3),(2,NULL,'2015-01-08 20:59:13',NULL,'2015-01-07','Bad Menu!!','Bad Notes!',NULL,1,'custom',3),(3,NULL,'2015-01-28 04:47:30','2015-05-05 02:01:16','2014-01-08','[TEST] Another Menu','','/foo.jpg',1,'custom',3),(4,NULL,'2015-01-28 05:19:32','2015-06-15 20:52:44','2015-06-15','Some Dinner Menu','','https://d1pztqdeuocb8t.cloudfront.net/first_background.png',1,'custom',3),(5,NULL,'2015-01-28 17:28:19','2015-05-06 23:10:37','2015-05-06','Some Lunch Menu','','https://d1pztqdeuocb8t.cloudfront.net/first_background.png',1,'fixed',2),(6,NULL,'2015-01-28 17:28:19','2015-05-05 02:01:16','2014-05-09','[TEST] 9th dinner','','https://d1pztqdeuocb8t.cloudfront.net/first_background.png',1,'custom',3),(7,NULL,'2015-01-28 17:28:19','2015-05-05 02:13:41','2014-05-04','[TEST] 4th dinner','','https://d1pztqdeuocb8t.cloudfront.net/first_background.png',1,'custom',3),(8,NULL,'2015-01-28 17:28:19','2015-05-06 22:46:09','2014-05-09','[TEST] 9th lunch',NULL,'https://d1pztqdeuocb8t.cloudfront.net/first_background.png',1,'fixed',2),(14,NULL,'2015-02-13 03:54:48','2015-05-06 22:46:09','2014-05-04','[TEST] 4th lunch','internal notes','/test-img.jpg',1,'fixed',2),(15,NULL,'2015-05-05 21:59:10','2015-06-04 03:52:04','2015-07-01','','','na',1,'custom',3),(16,NULL,'2015-05-05 21:59:57','2015-07-22 20:16:09','2015-07-22','','','none.jpg',1,'fixed',2),(17,NULL,'2015-05-07 09:15:20','2015-05-07 06:15:30','2015-07-11','some name','','none.jpg',1,'fixed',2);
/*!40000 ALTER TABLE `Menu` ENABLE KEYS */;
UNLOCK TABLES;

--
-- Table structure for table `Menu_Item`
--

DROP TABLE IF EXISTS `Menu_Item`;
/*!40101 SET @saved_cs_client     = @@character_set_client */;
/*!40101 SET character_set_client = utf8 */;
CREATE TABLE `Menu_Item` (
  `pk_Menu_Item` int(11) NOT NULL AUTO_INCREMENT,
  `fk_Menu` int(11) DEFAULT NULL,
  `fk_item` int(11) DEFAULT NULL,
  `item_type` enum('Dish','BentoBox') DEFAULT NULL,
  `created` timestamp NULL DEFAULT CURRENT_TIMESTAMP,
  `modified` timestamp NULL DEFAULT NULL ON UPDATE CURRENT_TIMESTAMP,
  PRIMARY KEY (`pk_Menu_Item`),
  KEY `fk_Menu_Item_1_idx` (`fk_Menu`),
  CONSTRAINT `fk_Menu_Item_1` FOREIGN KEY (`fk_Menu`) REFERENCES `Menu` (`pk_Menu`) ON DELETE NO ACTION ON UPDATE NO ACTION
) ENGINE=InnoDB AUTO_INCREMENT=637 DEFAULT CHARSET=utf8;
/*!40101 SET character_set_client = @saved_cs_client */;

--
-- Dumping data for table `Menu_Item`
--

LOCK TABLES `Menu_Item` WRITE;
/*!40000 ALTER TABLE `Menu_Item` DISABLE KEYS */;
INSERT INTO `Menu_Item` VALUES (1,2,1,'Dish','2015-01-08 20:33:53','2015-01-08 21:05:12'),(10,2,1,'Dish','2015-01-08 21:00:53',NULL),(11,2,4,'Dish','2015-01-08 21:00:53',NULL),(44,8,1,'Dish','2015-01-08 20:33:53','2015-01-08 21:05:43'),(45,8,3,'Dish','2015-01-08 20:33:53',NULL),(46,8,4,'Dish','2015-01-08 20:33:53',NULL),(47,8,5,'Dish','2015-01-08 20:33:53',NULL),(48,8,6,'Dish','2015-01-08 20:33:53',NULL),(49,8,9,'Dish','2015-01-08 20:33:53',NULL),(50,8,10,'Dish','2015-01-08 20:33:53',NULL),(51,8,11,'Dish','2015-01-08 20:33:53','2015-01-08 20:37:38'),(83,6,11,NULL,'2015-02-12 23:49:34',NULL),(84,6,10,NULL,'2015-02-12 23:49:34',NULL),(85,6,9,NULL,'2015-02-12 23:49:34',NULL),(86,6,6,NULL,'2015-02-12 23:49:34',NULL),(87,6,1,NULL,'2015-02-12 23:49:34',NULL),(88,6,3,NULL,'2015-02-12 23:49:34',NULL),(89,6,4,NULL,'2015-02-12 23:49:34',NULL),(90,6,5,NULL,'2015-02-12 23:49:34',NULL),(99,5,11,NULL,'2015-02-13 00:10:27',NULL),(100,5,10,NULL,'2015-02-13 00:10:27',NULL),(101,5,9,NULL,'2015-02-13 00:10:27',NULL),(102,5,6,NULL,'2015-02-13 00:10:27',NULL),(103,5,1,NULL,'2015-02-13 00:10:27',NULL),(104,5,3,NULL,'2015-02-13 00:10:27',NULL),(105,5,4,NULL,'2015-02-13 00:10:27',NULL),(106,5,5,NULL,'2015-02-13 00:10:27',NULL),(264,1,11,NULL,'2015-02-21 19:44:23',NULL),(265,1,10,NULL,'2015-02-21 19:44:23',NULL),(266,1,9,NULL,'2015-02-21 19:44:23',NULL),(267,1,6,NULL,'2015-02-21 19:44:23',NULL),(268,1,1,NULL,'2015-02-21 19:44:23',NULL),(269,1,3,NULL,'2015-02-21 19:44:23',NULL),(270,1,4,NULL,'2015-02-21 19:44:23',NULL),(271,1,5,NULL,'2015-02-21 19:44:23',NULL),(513,14,18,NULL,'2015-05-04 21:35:09',NULL),(514,14,11,NULL,'2015-05-04 21:35:09',NULL),(515,14,10,NULL,'2015-05-04 21:35:09',NULL),(516,14,7,NULL,'2015-05-04 21:35:09',NULL),(517,14,8,NULL,'2015-05-04 21:35:09',NULL),(518,14,9,NULL,'2015-05-04 21:35:09',NULL),(519,14,1,NULL,'2015-05-04 21:35:09',NULL),(520,14,6,NULL,'2015-05-04 21:35:09',NULL),(521,14,14,NULL,'2015-05-04 21:35:09',NULL),(522,14,13,NULL,'2015-05-04 21:35:09',NULL),(523,14,2,NULL,'2015-05-04 21:35:09',NULL),(524,14,3,NULL,'2015-05-04 21:35:09',NULL),(525,14,4,NULL,'2015-05-04 21:35:09',NULL),(526,14,16,NULL,'2015-05-04 21:35:09',NULL),(527,14,12,NULL,'2015-05-04 21:35:09',NULL),(528,14,15,NULL,'2015-05-04 21:35:09',NULL),(529,14,5,NULL,'2015-05-04 21:35:09',NULL),(540,7,18,NULL,'2015-05-05 00:10:28',NULL),(541,7,11,NULL,'2015-05-05 00:10:28',NULL),(542,7,10,NULL,'2015-05-05 00:10:28',NULL),(543,7,9,NULL,'2015-05-05 00:10:28',NULL),(544,7,1,NULL,'2015-05-05 00:10:28',NULL),(545,7,6,NULL,'2015-05-05 00:10:28',NULL),(546,7,2,NULL,'2015-05-05 00:10:28',NULL),(547,7,3,NULL,'2015-05-05 00:10:28',NULL),(548,7,4,NULL,'2015-05-05 00:10:28',NULL),(549,7,5,NULL,'2015-05-05 00:10:28',NULL),(577,17,18,NULL,'2015-05-07 06:15:30',NULL),(578,17,11,NULL,'2015-05-07 06:15:30',NULL),(615,4,18,NULL,'2015-06-15 20:52:44',NULL),(616,4,11,NULL,'2015-06-15 20:52:44',NULL),(617,4,10,NULL,'2015-06-15 20:52:44',NULL),(618,4,7,NULL,'2015-06-15 20:52:44',NULL),(619,4,8,NULL,'2015-06-15 20:52:44',NULL),(620,4,9,NULL,'2015-06-15 20:52:44',NULL),(621,4,1,NULL,'2015-06-15 20:52:44',NULL),(622,4,6,NULL,'2015-06-15 20:52:44',NULL),(623,4,14,NULL,'2015-06-15 20:52:44',NULL),(624,4,13,NULL,'2015-06-15 20:52:44',NULL),(625,4,3,NULL,'2015-06-15 20:52:44',NULL),(626,4,4,NULL,'2015-06-15 20:52:44',NULL),(627,4,5,NULL,'2015-06-15 20:52:44',NULL),(628,16,10,NULL,'2015-07-22 20:16:09',NULL),(629,16,7,NULL,'2015-07-22 20:16:09',NULL),(630,16,8,NULL,'2015-07-22 20:16:09',NULL),(631,16,9,NULL,'2015-07-22 20:16:09',NULL),(632,16,1,NULL,'2015-07-22 20:16:09',NULL),(633,16,6,NULL,'2015-07-22 20:16:09',NULL),(634,16,14,NULL,'2015-07-22 20:16:09',NULL),(635,16,13,NULL,'2015-07-22 20:16:09',NULL),(636,16,2,NULL,'2015-07-22 20:16:09',NULL);
/*!40000 ALTER TABLE `Menu_Item` ENABLE KEYS */;
UNLOCK TABLES;

--
-- Table structure for table `Order`
--

DROP TABLE IF EXISTS `Order`;
/*!40101 SET @saved_cs_client     = @@character_set_client */;
/*!40101 SET character_set_client = utf8 */;
CREATE TABLE `Order` (
  `pk_Order` int(11) NOT NULL AUTO_INCREMENT,
  `fk_User` int(11) DEFAULT NULL,
  `fk_Coupon` varchar(25) DEFAULT NULL,
  `created_at` timestamp NULL DEFAULT CURRENT_TIMESTAMP,
  `updated_at` timestamp NULL DEFAULT NULL ON UPDATE CURRENT_TIMESTAMP,
  `pre_coupon_total` decimal(7,2) DEFAULT NULL,
  `coupon_discount` decimal(7,2) DEFAULT '0.00',
  `notes_for_driver` text,
  `amount` decimal(7,2) DEFAULT NULL,
  `tax` decimal(7,2) DEFAULT NULL,
  `tip` decimal(7,2) DEFAULT NULL,
  `stripe_charge_id` varchar(64) DEFAULT NULL,
  `number` varchar(45) DEFAULT NULL,
  `street` varchar(255) DEFAULT NULL,
  `city` varchar(100) DEFAULT NULL,
  `state` varchar(100) DEFAULT NULL,
  `zip` varchar(12) DEFAULT NULL,
  `lat` varchar(45) DEFAULT NULL,
  `long` varchar(45) DEFAULT NULL,
  `fk_PendingOrder` int(11) DEFAULT NULL,
  PRIMARY KEY (`pk_Order`),
  KEY `fk_Order_1_idx` (`fk_User`),
  KEY `fk_Order_2_idx` (`fk_Coupon`)
) ENGINE=InnoDB AUTO_INCREMENT=244 DEFAULT CHARSET=utf8;
/*!40101 SET character_set_client = @saved_cs_client */;

--
-- Dumping data for table `Order`
--

LOCK TABLES `Order` WRITE;
/*!40000 ALTER TABLE `Order` DISABLE KEYS */;
INSERT INTO `Order` VALUES (1,6,NULL,'2015-07-22 22:40:29','2015-07-22 22:40:29',NULL,0.00,NULL,15.37,1.37,2.00,'ch_16RWT9EmZcPNENoGcpyoWKbB','1111','Kearny st.','San Francisco','CA','94133','37.798220','-122.405606',2),(2,6,NULL,'2015-07-22 22:40:31','2015-07-22 22:40:31',NULL,0.00,NULL,15.37,1.37,2.00,'ch_16RWTCEmZcPNENoGfqKF3MIl','1111998883','Kearny st.','San Francisco','CA','94199','37.798220','-122.405606',3),(3,6,NULL,'2015-07-22 22:40:34','2015-07-22 22:40:34',NULL,0.00,NULL,15.37,1.37,2.00,'ch_16RWTEEmZcPNENoG5kXeHcUL','','Kearny st.','','CA','94199','37.798220','-122.405606',4),(4,6,NULL,'2015-07-22 22:40:37','2015-07-22 22:40:37',NULL,0.00,NULL,15.37,1.37,2.00,'ch_16RWTHEmZcPNENoGGqfC5y9d','706','Buchanan Street','San Francisco','CA','94102','37.798220','-122.405606',5),(5,2,NULL,'2015-07-22 22:40:39','2015-07-22 22:40:39',NULL,0.00,NULL,15.37,1.37,2.00,'ch_16RWTKEmZcPNENoGQ4hXAHQn','1111','Kearny st.','San Francisco','CA','94133','37.798220','-122.405606',6),(6,6,NULL,'2015-07-22 22:40:41','2015-07-22 22:40:41',NULL,0.00,NULL,0.00,1.37,2.00,NULL,'1111','Kearny st.','San Francisco','CA','94133','37.798220','-122.405606',7),(7,4,NULL,'2015-07-22 22:40:43','2015-07-22 22:40:43',NULL,0.00,NULL,0.00,1.37,2.00,NULL,'1111','Kearny st.','San Francisco','CA','94133','37.798220','-122.405606',8),(8,6,NULL,'2015-07-22 22:44:21','2015-07-22 22:44:21',NULL,0.00,NULL,15.37,1.37,2.00,'ch_16RWWtEmZcPNENoG5JqHiYyo','1111','Kearny st.','San Francisco','CA','94133','37.798220','-122.405606',10),(9,6,NULL,'2015-07-22 22:44:23','2015-07-22 22:44:23',NULL,0.00,NULL,15.37,1.37,2.00,'ch_16RWWvEmZcPNENoGBk4xJZi2','1111998883','Kearny st.','San Francisco','CA','94199','37.798220','-122.405606',11),(10,6,NULL,'2015-07-22 22:44:26','2015-07-22 22:44:26',NULL,0.00,NULL,15.37,1.37,2.00,'ch_16RWWyEmZcPNENoGwpdv7bBi','','Kearny st.','','CA','94199','37.798220','-122.405606',12),(11,6,NULL,'2015-07-22 22:44:28','2015-07-22 22:44:28',NULL,0.00,NULL,15.37,1.37,2.00,'ch_16RWX0EmZcPNENoGQpMWUzVO','706','Buchanan Street','San Francisco','CA','94102','37.798220','-122.405606',13),(12,2,NULL,'2015-07-22 22:44:30','2015-07-22 22:44:30',NULL,0.00,NULL,15.37,1.37,2.00,'ch_16RWX3EmZcPNENoG99rxtRs6','1111','Kearny st.','San Francisco','CA','94133','37.798220','-122.405606',14),(13,6,NULL,'2015-07-22 22:44:32','2015-07-22 22:44:32',NULL,0.00,NULL,0.00,1.37,2.00,NULL,'1111','Kearny st.','San Francisco','CA','94133','37.798220','-122.405606',15),(14,4,NULL,'2015-07-22 22:44:35','2015-07-22 22:44:35',NULL,0.00,NULL,0.00,1.37,2.00,NULL,'1111','Kearny st.','San Francisco','CA','94133','37.798220','-122.405606',16),(15,6,NULL,'2015-07-23 23:02:21','2015-07-23 23:02:21',NULL,0.00,NULL,15.37,1.37,2.00,'ch_16RshkEmZcPNENoGCtwP677f','1111','Kearny st.','San Francisco','CA','94133','37.798220','-122.405606',18),(16,6,NULL,'2015-07-23 23:02:24','2015-07-23 23:02:24',NULL,0.00,NULL,15.37,1.37,2.00,'ch_16RshnEmZcPNENoGhdHJJPdM','1111998883','Kearny st.','San Francisco','CA','94199','37.798220','-122.405606',19),(17,6,NULL,'2015-07-23 23:02:26','2015-07-23 23:02:26',NULL,0.00,NULL,15.37,1.37,2.00,'ch_16RshqEmZcPNENoGcLAFEhju','','Kearny st.','','CA','94199','37.798220','-122.405606',20),(18,6,NULL,'2015-07-23 23:02:29','2015-07-23 23:02:29',NULL,0.00,NULL,15.37,1.37,2.00,'ch_16RshsEmZcPNENoGHQjD98qN','706','Buchanan Street','San Francisco','CA','94102','37.798220','-122.405606',21),(19,2,NULL,'2015-07-23 23:02:32','2015-07-23 23:02:32',NULL,0.00,NULL,15.37,1.37,2.00,'ch_16RshvEmZcPNENoGjBTeVDH6','1111','Kearny st.','San Francisco','CA','94133','37.798220','-122.405606',22),(20,6,NULL,'2015-07-23 23:02:34','2015-07-23 23:02:34',NULL,0.00,NULL,0.00,1.37,2.00,NULL,'1111','Kearny st.','San Francisco','CA','94133','37.798220','-122.405606',23),(21,4,NULL,'2015-07-23 23:02:36','2015-07-23 23:02:36',NULL,0.00,NULL,0.00,1.37,2.00,NULL,'1111','Kearny st.','San Francisco','CA','94133','37.798220','-122.405606',24),(22,6,NULL,'2015-07-23 23:22:13','2015-07-23 23:22:13',NULL,0.00,NULL,15.37,1.37,2.00,'ch_16Rt0yEmZcPNENoGgtiytwJq','1111','Kearny st.','San Francisco','CA','94133','37.798220','-122.405606',26),(23,6,NULL,'2015-07-23 23:22:15','2015-07-23 23:22:15',NULL,0.00,NULL,15.37,1.37,2.00,'ch_16Rt11EmZcPNENoGJSAWBJp7','1111998883','Kearny st.','San Francisco','CA','94199','37.798220','-122.405606',27),(24,6,NULL,'2015-07-23 23:22:18','2015-07-23 23:22:18',NULL,0.00,NULL,15.37,1.37,2.00,'ch_16Rt13EmZcPNENoGhQTTR7Ey','','Kearny st.','','CA','94199','37.798220','-122.405606',28),(25,6,NULL,'2015-07-23 23:22:20','2015-07-23 23:22:20',NULL,0.00,NULL,15.37,1.37,2.00,'ch_16Rt15EmZcPNENoG1kjholak','706','Buchanan Street','San Francisco','CA','94102','37.798220','-122.405606',29),(26,2,NULL,'2015-07-23 23:22:22','2015-07-23 23:22:22',NULL,0.00,NULL,15.37,1.37,2.00,'ch_16Rt18EmZcPNENoGGXTvyXUo','1111','Kearny st.','San Francisco','CA','94133','37.798220','-122.405606',30),(27,6,NULL,'2015-07-23 23:22:25','2015-07-23 23:22:25',NULL,0.00,NULL,0.00,1.37,2.00,NULL,'1111','Kearny st.','San Francisco','CA','94133','37.798220','-122.405606',31),(28,4,NULL,'2015-07-23 23:22:27','2015-07-23 23:22:27',NULL,0.00,NULL,0.00,1.37,2.00,NULL,'1111','Kearny st.','San Francisco','CA','94133','37.798220','-122.405606',32),(29,6,NULL,'2015-07-23 23:24:31','2015-07-23 23:24:31',NULL,0.00,NULL,15.37,1.37,2.00,'ch_16Rt3DEmZcPNENoGgTXkntPC','1111','Kearny st.','San Francisco','CA','94133','37.798220','-122.405606',34),(30,6,NULL,'2015-07-23 23:24:34','2015-07-23 23:24:34',NULL,0.00,NULL,15.37,1.37,2.00,'ch_16Rt3FEmZcPNENoGd2Qn1IYJ','1111998883','Kearny st.','San Francisco','CA','94199','37.798220','-122.405606',35),(31,6,NULL,'2015-07-23 23:24:36','2015-07-23 23:24:36',NULL,0.00,NULL,15.37,1.37,2.00,'ch_16Rt3IEmZcPNENoGf70Cw2av','','Kearny st.','','CA','94199','37.798220','-122.405606',36),(32,6,NULL,'2015-07-23 23:24:39','2015-07-23 23:24:39',NULL,0.00,NULL,15.37,1.37,2.00,'ch_16Rt3KEmZcPNENoGaTLZJqua','706','Buchanan Street','San Francisco','CA','94102','37.798220','-122.405606',37),(33,2,NULL,'2015-07-23 23:24:41','2015-07-23 23:24:41',NULL,0.00,NULL,15.37,1.37,2.00,'ch_16Rt3MEmZcPNENoGZpA8sMjg','1111','Kearny st.','San Francisco','CA','94133','37.798220','-122.405606',38),(34,6,NULL,'2015-07-23 23:24:43','2015-07-23 23:24:43',NULL,0.00,NULL,0.00,1.37,2.00,NULL,'1111','Kearny st.','San Francisco','CA','94133','37.798220','-122.405606',39),(35,4,NULL,'2015-07-23 23:24:46','2015-07-23 23:24:46',NULL,0.00,NULL,0.00,1.37,2.00,NULL,'1111','Kearny st.','San Francisco','CA','94133','37.798220','-122.405606',40),(36,6,NULL,'2015-07-23 23:30:43','2015-07-23 23:30:43',NULL,0.00,NULL,15.37,1.37,2.00,'ch_16Rt9CEmZcPNENoGDI2Fbboq','1111','Kearny st.','San Francisco','CA','94133','37.798220','-122.405606',42),(37,6,NULL,'2015-07-23 23:30:45','2015-07-23 23:30:45',NULL,0.00,NULL,15.37,1.37,2.00,'ch_16Rt9FEmZcPNENoGI8lMTxMw','1111998883','Kearny st.','San Francisco','CA','94199','37.798220','-122.405606',43),(38,6,NULL,'2015-07-23 23:30:50','2015-07-23 23:30:50',NULL,0.00,NULL,15.37,1.37,2.00,'ch_16Rt9JEmZcPNENoGMkT2KJgg','','Kearny st.','','CA','94199','37.798220','-122.405606',44),(39,6,NULL,'2015-07-23 23:30:56','2015-07-23 23:30:56',NULL,0.00,NULL,15.37,1.37,2.00,'ch_16Rt9QEmZcPNENoGaA6vUveW','706','Buchanan Street','San Francisco','CA','94102','37.798220','-122.405606',45),(40,2,NULL,'2015-07-23 23:30:59','2015-07-23 23:30:59',NULL,0.00,NULL,15.37,1.37,2.00,'ch_16Rt9SEmZcPNENoGqQmy2PxP','1111','Kearny st.','San Francisco','CA','94133','37.798220','-122.405606',46),(41,6,NULL,'2015-07-23 23:31:01','2015-07-23 23:31:01',NULL,0.00,NULL,0.00,1.37,2.00,NULL,'1111','Kearny st.','San Francisco','CA','94133','37.798220','-122.405606',47),(42,4,NULL,'2015-07-23 23:31:03','2015-07-23 23:31:03',NULL,0.00,NULL,0.00,1.37,2.00,NULL,'1111','Kearny st.','San Francisco','CA','94133','37.798220','-122.405606',48),(43,6,NULL,'2015-07-23 23:54:14','2015-07-23 23:54:14',NULL,0.00,NULL,15.37,1.37,2.00,'ch_16RtVxEmZcPNENoGBcnKE1aY','1111','Kearny st.','San Francisco','CA','94133','37.798220','-122.405606',50),(44,6,NULL,'2015-07-23 23:54:18','2015-07-23 23:54:18',NULL,0.00,NULL,15.37,1.37,2.00,'ch_16RtW1EmZcPNENoGHZlKWvJL','1111998883','Kearny st.','San Francisco','CA','94199','37.798220','-122.405606',51),(45,6,NULL,'2015-07-23 23:54:21','2015-07-23 23:54:21',NULL,0.00,NULL,15.37,1.37,2.00,'ch_16RtW4EmZcPNENoGNjEbpygv','','Kearny st.','','CA','94199','37.798220','-122.405606',52),(46,6,NULL,'2015-07-23 23:54:23','2015-07-23 23:54:23',NULL,0.00,NULL,15.37,1.37,2.00,'ch_16RtW6EmZcPNENoGpuGNVQSF','706','Buchanan Street','San Francisco','CA','94102','37.798220','-122.405606',53),(47,2,NULL,'2015-07-23 23:54:26','2015-07-23 23:54:26',NULL,0.00,NULL,15.37,1.37,2.00,'ch_16RtW9EmZcPNENoGpQnBlDlZ','1111','Kearny st.','San Francisco','CA','94133','37.798220','-122.405606',54),(48,6,NULL,'2015-07-23 23:54:28','2015-07-23 23:54:28',NULL,0.00,NULL,0.00,1.37,2.00,NULL,'1111','Kearny st.','San Francisco','CA','94133','37.798220','-122.405606',55),(49,4,NULL,'2015-07-23 23:54:30','2015-07-23 23:54:30',NULL,0.00,NULL,0.00,1.37,2.00,NULL,'1111','Kearny st.','San Francisco','CA','94133','37.798220','-122.405606',56),(50,6,NULL,'2015-07-30 00:26:59','2015-07-30 00:26:59',NULL,0.00,NULL,15.37,1.37,2.00,'ch_16U5MIEmZcPNENoGWisVDzJV','1111','Kearny st.','San Francisco','CA','94133','37.798220','-122.405606',58),(51,6,NULL,'2015-07-30 00:27:01','2015-07-30 00:27:01',NULL,0.00,NULL,15.37,1.37,2.00,'ch_16U5MKEmZcPNENoGVB5wpmpN','1111998883','Kearny st.','San Francisco','CA','94199','37.798220','-122.405606',59),(52,6,NULL,'2015-07-30 00:27:04','2015-07-30 00:27:04',NULL,0.00,NULL,15.37,1.37,2.00,'ch_16U5MNEmZcPNENoG71pRsvK2','','Kearny st.','','CA','94199','37.798220','-122.405606',60),(53,6,NULL,'2015-07-30 00:27:06','2015-07-30 00:27:06',NULL,0.00,NULL,15.37,1.37,2.00,'ch_16U5MPEmZcPNENoGtOieZJWF','706','Buchanan Street','San Francisco','CA','94102','37.798220','-122.405606',61),(54,2,NULL,'2015-07-30 00:27:09','2015-07-30 00:27:09',NULL,0.00,NULL,15.37,1.37,2.00,'ch_16U5MREmZcPNENoGKF22G8NR','1111','Kearny st.','San Francisco','CA','94133','37.798220','-122.405606',62),(55,6,NULL,'2015-07-30 00:27:11','2015-07-30 00:27:11',NULL,0.00,NULL,0.00,1.37,2.00,NULL,'1111','Kearny st.','San Francisco','CA','94133','37.798220','-122.405606',63),(56,4,NULL,'2015-07-30 00:27:13','2015-07-30 00:27:13',NULL,0.00,NULL,0.00,1.37,2.00,NULL,'1111','Kearny st.','San Francisco','CA','94133','37.798220','-122.405606',64),(57,6,NULL,'2015-07-30 17:42:16','2015-07-30 17:42:16',NULL,0.00,NULL,15.37,1.37,2.00,'ch_16UL2qEmZcPNENoG0qsYkqnH','1111','Kearny st.','San Francisco','CA','94133','37.798220','-122.405606',66),(58,6,NULL,'2015-07-30 17:42:18','2015-07-30 17:42:18',NULL,0.00,NULL,15.37,1.37,2.00,'ch_16UL2sEmZcPNENoGPuJEqLy1','1111998883','Kearny st.','San Francisco','CA','94199','37.798220','-122.405606',67),(59,6,NULL,'2015-07-30 17:42:21','2015-07-30 17:42:21',NULL,0.00,NULL,15.37,1.37,2.00,'ch_16UL2uEmZcPNENoGxNzVk2MQ','','Kearny st.','','CA','94199','37.798220','-122.405606',68),(60,6,NULL,'2015-07-30 17:42:23','2015-07-30 17:42:23',NULL,0.00,NULL,15.37,1.37,2.00,'ch_16UL2xEmZcPNENoGVhVCPp9J','706','Buchanan Street','San Francisco','CA','94102','37.798220','-122.405606',69),(61,2,NULL,'2015-07-30 17:42:26','2015-07-30 17:42:26',NULL,0.00,NULL,15.37,1.37,2.00,'ch_16UL2zEmZcPNENoG8GHfn7Mh','1111','Kearny st.','San Francisco','CA','94133','37.798220','-122.405606',70),(62,6,NULL,'2015-07-30 17:42:28','2015-07-30 17:42:28',NULL,0.00,NULL,0.00,1.37,2.00,NULL,'1111','Kearny st.','San Francisco','CA','94133','37.798220','-122.405606',71),(63,4,NULL,'2015-07-30 17:42:30','2015-07-30 17:42:30',NULL,0.00,NULL,0.00,1.37,2.00,NULL,'1111','Kearny st.','San Francisco','CA','94133','37.798220','-122.405606',72),(64,6,NULL,'2015-08-12 19:20:29','2015-08-12 19:20:29',NULL,0.00,NULL,15.37,1.37,2.00,'ch_16Z5f7EmZcPNENoGWKzcjhfj','1111','Kearny st.','San Francisco','CA','94133','37.798220','-122.405606',74),(65,6,NULL,'2015-08-12 19:20:32','2015-08-12 19:20:32',NULL,0.00,NULL,15.37,1.37,2.00,'ch_16Z5fAEmZcPNENoGqV1FGAHa','1111998883','Kearny st.','San Francisco','CA','94199','37.798220','-122.405606',75),(66,6,NULL,'2015-08-12 19:20:35','2015-08-12 19:20:35',NULL,0.00,NULL,15.37,1.37,2.00,'ch_16Z5fDEmZcPNENoGhEoZi1oG','1111998883','Kearny st.','San Francisco','CA','94199','9937.798220','-99122.405606',76),(67,6,NULL,'2015-08-12 19:20:36','2015-08-12 19:20:36',NULL,0.00,NULL,15.37,1.37,2.00,'ch_16Z5fEEmZcPNENoGDyZ4BEZi','','Kearny st.','','CA','94199','37.798220','-122.405606',77),(68,6,NULL,'2015-08-12 19:20:39','2015-08-12 19:20:39',NULL,0.00,NULL,15.37,1.37,2.00,'ch_16Z5fHEmZcPNENoGsiV1YSCT','706','Buchanan Street','San Francisco','CA','94102','37.798220','-122.405606',78),(69,2,NULL,'2015-08-12 19:20:42','2015-08-12 19:20:42',NULL,0.00,NULL,15.37,1.37,2.00,'ch_16Z5fKEmZcPNENoGlBXCUnQN','1111','Kearny st.','San Francisco','CA','94133','37.798220','-122.405606',79),(70,6,NULL,'2015-08-12 19:20:44','2015-08-12 19:20:44',NULL,0.00,NULL,0.00,1.37,2.00,NULL,'1111','Kearny st.','San Francisco','CA','94133','37.798220','-122.405606',80),(71,4,NULL,'2015-08-12 19:20:47','2015-08-12 19:20:47',NULL,0.00,NULL,0.00,1.37,2.00,NULL,'1111','Kearny st.','San Francisco','CA','94133','37.798220','-122.405606',81),(72,6,NULL,'2015-08-12 19:48:32','2015-08-12 19:48:32',NULL,0.00,NULL,15.37,1.37,2.00,'ch_16Z66GEmZcPNENoGLsynoB8z','1111','Kearny st.','San Francisco','CA','94133','37.798220','-122.405606',83),(73,6,NULL,'2015-08-12 19:48:37','2015-08-12 19:48:37',NULL,0.00,NULL,15.37,1.37,2.00,'ch_16Z66KEmZcPNENoGkRVW0ua6','1111998883','Kearny st.','San Francisco','CA','94199','37.798220','-122.405606',84),(74,6,NULL,'2015-08-12 19:48:40','2015-08-12 19:48:40',NULL,0.00,NULL,15.37,1.37,2.00,'ch_16Z66OEmZcPNENoGXekeMd2e','1111998883','Kearny st.','San Francisco','CA','94199','9937.798220','-99122.405606',85),(75,6,NULL,'2015-08-12 19:48:42','2015-08-12 19:48:42',NULL,0.00,NULL,15.37,1.37,2.00,'ch_16Z66QEmZcPNENoGqoxn0ilh','','Kearny st.','','CA','94199','37.798220','-122.405606',86),(76,6,NULL,'2015-08-12 19:48:46','2015-08-12 19:48:46',NULL,0.00,NULL,15.37,1.37,2.00,'ch_16Z66TEmZcPNENoGgkkfuX8Y','706','Buchanan Street','San Francisco','CA','94102','37.798220','-122.405606',87),(77,2,NULL,'2015-08-12 19:48:49','2015-08-12 19:48:49',NULL,0.00,NULL,15.37,1.37,2.00,'ch_16Z66WEmZcPNENoGp3wtvcY2','1111','Kearny st.','San Francisco','CA','94133','37.798220','-122.405606',88),(78,6,NULL,'2015-08-12 19:48:51','2015-08-12 19:48:51',NULL,0.00,NULL,0.00,1.37,2.00,NULL,'1111','Kearny st.','San Francisco','CA','94133','37.798220','-122.405606',89),(79,4,NULL,'2015-08-12 19:48:54','2015-08-12 19:48:54',NULL,0.00,NULL,0.00,1.37,2.00,NULL,'1111','Kearny st.','San Francisco','CA','94133','37.798220','-122.405606',90),(80,6,NULL,'2015-08-12 19:53:09','2015-08-12 19:53:09',NULL,0.00,NULL,15.37,1.37,2.00,'ch_16Z6AiEmZcPNENoGuTnPusm5','1111','Kearny st.','San Francisco','CA','94133','37.798220','-122.405606',92),(81,6,NULL,'2015-08-12 19:53:13','2015-08-12 19:53:13',NULL,0.00,NULL,15.37,1.37,2.00,'ch_16Z6AnEmZcPNENoGwXWZqpIE','1111998883','Kearny st.','San Francisco','CA','94199','37.798220','-122.405606',93),(82,6,NULL,'2015-08-12 19:53:18','2015-08-12 19:53:18',NULL,0.00,NULL,15.37,1.37,2.00,'ch_16Z6ArEmZcPNENoGUsfywuMD','1111998883','Kearny st.','San Francisco','CA','94199','9937.798220','-99122.405606',94),(83,6,NULL,'2015-08-12 19:53:20','2015-08-12 19:53:20',NULL,0.00,NULL,15.37,1.37,2.00,'ch_16Z6AuEmZcPNENoGm1gNPMEW','','Kearny st.','','CA','94199','37.798220','-122.405606',95),(84,6,NULL,'2015-08-12 19:53:25','2015-08-12 19:53:25',NULL,0.00,NULL,15.37,1.37,2.00,'ch_16Z6AzEmZcPNENoGdUQkA7eP','706','Buchanan Street','San Francisco','CA','94102','37.798220','-122.405606',96),(85,2,NULL,'2015-08-12 19:53:29','2015-08-12 19:53:29',NULL,0.00,NULL,15.37,1.37,2.00,'ch_16Z6B3EmZcPNENoGHR03O4GG','1111','Kearny st.','San Francisco','CA','94133','37.798220','-122.405606',97),(86,6,NULL,'2015-08-12 19:53:32','2015-08-12 19:53:32',NULL,0.00,NULL,0.00,1.37,2.00,NULL,'1111','Kearny st.','San Francisco','CA','94133','37.798220','-122.405606',98),(87,4,NULL,'2015-08-12 19:53:36','2015-08-12 19:53:36',NULL,0.00,NULL,0.00,1.37,2.00,NULL,'1111','Kearny st.','San Francisco','CA','94133','37.798220','-122.405606',99),(88,6,NULL,'2015-08-12 20:16:33','2015-08-12 20:16:33',NULL,0.00,NULL,15.37,1.37,2.00,'ch_16Z6XMEmZcPNENoGmWWof0HT','1111','Kearny st.','San Francisco','CA','94133','37.798220','-122.405606',101),(89,6,NULL,'2015-08-12 20:16:36','2015-08-12 20:16:36',NULL,0.00,NULL,15.37,1.37,2.00,'ch_16Z6XPEmZcPNENoG0ORPPC3M','1111998883','Kearny st.','San Francisco','CA','94199','37.798220','-122.405606',102),(90,6,NULL,'2015-08-12 20:16:40','2015-08-12 20:16:40',NULL,0.00,NULL,15.37,1.37,2.00,'ch_16Z6XUEmZcPNENoGPpeNTbi0','1111998883','Kearny st.','San Francisco','CA','94199','9937.798220','-99122.405606',103),(91,6,NULL,'2015-08-12 20:16:43','2015-08-12 20:16:43',NULL,0.00,NULL,15.37,1.37,2.00,'ch_16Z6XWEmZcPNENoGLRxJhyX9','','Kearny st.','','CA','94199','37.798220','-122.405606',104),(92,6,NULL,'2015-08-12 20:16:46','2015-08-12 20:16:46',NULL,0.00,NULL,15.37,1.37,2.00,'ch_16Z6XZEmZcPNENoGtcKGfcvR','706','Buchanan Street','San Francisco','CA','94102','37.798220','-122.405606',105),(93,2,NULL,'2015-08-12 20:16:48','2015-08-12 20:16:48',NULL,0.00,NULL,15.37,1.37,2.00,'ch_16Z6XcEmZcPNENoGFREsepL8','1111','Kearny st.','San Francisco','CA','94133','37.798220','-122.405606',106),(94,6,NULL,'2015-08-12 20:16:51','2015-08-12 20:16:51',NULL,0.00,NULL,0.00,1.37,2.00,NULL,'1111','Kearny st.','San Francisco','CA','94133','37.798220','-122.405606',107),(95,4,NULL,'2015-08-12 20:16:53','2015-08-12 20:16:53',NULL,0.00,NULL,0.00,1.37,2.00,NULL,'1111','Kearny st.','San Francisco','CA','94133','37.798220','-122.405606',108),(96,6,NULL,'2015-08-12 20:34:19','2015-08-12 20:34:19',NULL,0.00,NULL,15.37,1.37,2.00,'ch_16Z8anEmZcPNENoGQmSrv6r7','1111','Kearny st.','San Francisco','CA','94133','37.798220','-122.405606',110),(97,6,NULL,'2015-08-12 20:34:24','2015-08-12 20:34:24',NULL,0.00,NULL,15.37,1.37,2.00,'ch_16Z8asEmZcPNENoGzIRc1wVx','1111998883','Kearny st.','San Francisco','CA','94199','37.798220','-122.405606',111),(98,6,NULL,'2015-08-12 20:34:27','2015-08-12 20:34:27',NULL,0.00,NULL,15.37,1.37,2.00,'ch_16Z8avEmZcPNENoGjSkwO3X2','1111998883','Kearny st.','San Francisco','CA','94199','9937.798220','-99122.405606',112),(99,6,NULL,'2015-08-12 20:34:30','2015-08-12 20:34:30',NULL,0.00,NULL,15.37,1.37,2.00,'ch_16Z8ayEmZcPNENoGHo1zdZMg','','Kearny st.','','CA','94199','37.798220','-122.405606',113),(100,6,NULL,'2015-08-12 20:34:33','2015-08-12 20:34:33',NULL,0.00,NULL,15.37,1.37,2.00,'ch_16Z8b1EmZcPNENoGFQ0yTYss','706','Buchanan Street','San Francisco','CA','94102','37.798220','-122.405606',114),(101,2,NULL,'2015-08-12 20:34:36','2015-08-12 20:34:36',NULL,0.00,NULL,15.37,1.37,2.00,'ch_16Z8b4EmZcPNENoGu7Sha2UO','1111','Kearny st.','San Francisco','CA','94133','37.798220','-122.405606',115),(102,6,NULL,'2015-08-12 20:34:39','2015-08-12 20:34:39',NULL,0.00,NULL,0.00,1.37,2.00,NULL,'1111','Kearny st.','San Francisco','CA','94133','37.798220','-122.405606',116),(103,4,NULL,'2015-08-12 20:34:42','2015-08-12 20:34:42',NULL,0.00,NULL,0.00,1.37,2.00,NULL,'1111','Kearny st.','San Francisco','CA','94133','37.798220','-122.405606',117),(104,6,NULL,'2015-08-14 18:53:48','2015-08-14 18:53:48',NULL,0.00,NULL,15.37,1.37,2.00,'ch_16ZnJIEmZcPNENoG0Uhf2OPL','1111','Kearny st.','San Francisco','CA','94133','37.798220','-122.405606',119),(105,6,NULL,'2015-08-14 18:53:51','2015-08-14 18:53:51',NULL,0.00,NULL,15.37,1.37,2.00,'ch_16ZnJKEmZcPNENoGqeGnN3S2','1111998883','Kearny st.','San Francisco','CA','94199','37.798220','-122.405606',120),(106,6,NULL,'2015-08-14 18:53:53','2015-08-14 18:53:53',NULL,0.00,NULL,15.37,1.37,2.00,'ch_16ZnJNEmZcPNENoG4xzTnYAw','1111998883','Kearny st.','San Francisco','CA','94199','9937.798220','-99122.405606',121),(107,6,NULL,'2015-08-14 18:53:55','2015-08-14 18:53:55',NULL,0.00,NULL,15.37,1.37,2.00,'ch_16ZnJPEmZcPNENoGmsHvwwjk','','Kearny st.','','CA','94199','37.798220','-122.405606',122),(108,6,NULL,'2015-08-14 18:53:58','2015-08-14 18:53:58',NULL,0.00,NULL,15.37,1.37,2.00,'ch_16ZnJREmZcPNENoGkWbQBqsx','706','Buchanan Street','San Francisco','CA','94102','37.798220','-122.405606',123),(109,2,NULL,'2015-08-14 18:54:01','2015-08-14 18:54:01',NULL,0.00,NULL,15.37,1.37,2.00,'ch_16ZnJUEmZcPNENoG542aPIe7','1111','Kearny st.','San Francisco','CA','94133','37.798220','-122.405606',124),(110,6,NULL,'2015-08-14 18:54:03','2015-08-14 18:54:03',NULL,0.00,NULL,0.00,1.37,2.00,NULL,'1111','Kearny st.','San Francisco','CA','94133','37.798220','-122.405606',125),(111,4,NULL,'2015-08-14 18:54:05','2015-08-14 18:54:05',NULL,0.00,NULL,0.00,1.37,2.00,NULL,'1111','Kearny st.','San Francisco','CA','94133','37.798220','-122.405606',126),(112,6,NULL,'2015-08-14 19:02:26','2015-08-14 19:02:26',NULL,0.00,NULL,15.37,1.37,2.00,'ch_16ZnReEmZcPNENoGF1X5jRoz','1111','Kearny st.','San Francisco','CA','94133','37.798220','-122.405606',128),(113,6,NULL,'2015-08-14 19:02:28','2015-08-14 19:02:28',NULL,0.00,NULL,15.37,1.37,2.00,'ch_16ZnRgEmZcPNENoGIrvPdAMO','1111998883','Kearny st.','San Francisco','CA','94199','37.798220','-122.405606',129),(114,6,NULL,'2015-08-14 19:02:31','2015-08-14 19:02:31',NULL,0.00,NULL,15.37,1.37,2.00,'ch_16ZnRiEmZcPNENoGue5mMoO7','1111998883','Kearny st.','San Francisco','CA','94199','9937.798220','-99122.405606',130),(115,6,NULL,'2015-08-14 19:02:33','2015-08-14 19:02:33',NULL,0.00,NULL,15.37,1.37,2.00,'ch_16ZnRkEmZcPNENoGeIP7F51A','','Kearny st.','','CA','94199','37.798220','-122.405606',131),(116,6,NULL,'2015-08-14 19:02:35','2015-08-14 19:02:35',NULL,0.00,NULL,15.37,1.37,2.00,'ch_16ZnRnEmZcPNENoGKe1FoUot','706','Buchanan Street','San Francisco','CA','94102','37.798220','-122.405606',132),(117,2,NULL,'2015-08-14 19:02:37','2015-08-14 19:02:37',NULL,0.00,NULL,15.37,1.37,2.00,'ch_16ZnRpEmZcPNENoGpPbDFvdV','1111','Kearny st.','San Francisco','CA','94133','37.798220','-122.405606',133),(118,6,NULL,'2015-08-14 19:02:39','2015-08-14 19:02:39',NULL,0.00,NULL,0.00,1.37,2.00,NULL,'1111','Kearny st.','San Francisco','CA','94133','37.798220','-122.405606',134),(119,4,NULL,'2015-08-14 19:02:41','2015-08-14 19:02:41',NULL,0.00,NULL,0.00,1.37,2.00,NULL,'1111','Kearny st.','San Francisco','CA','94133','37.798220','-122.405606',135),(120,6,NULL,'2015-08-14 22:36:15','2015-08-14 22:36:15',NULL,0.00,NULL,15.37,1.37,2.00,'ch_16ZrZzEmZcPNENoGIWqzzVPl','1111','Kearny st.','San Francisco','CA','94133','37.798220','-122.405606',137),(121,6,NULL,'2015-08-14 22:36:18','2015-08-14 22:36:18',NULL,0.00,NULL,15.37,1.37,2.00,'ch_16Zra2EmZcPNENoGt2pDyhGv','1111998883','Kearny st.','San Francisco','CA','94199','37.798220','-122.405606',138),(122,6,NULL,'2015-08-14 22:36:20','2015-08-14 22:36:20',NULL,0.00,NULL,15.37,1.37,2.00,'ch_16Zra4EmZcPNENoGEIWg31lD','1111998883','Kearny st.','San Francisco','CA','94199','9937.798220','-99122.405606',139),(123,6,NULL,'2015-08-14 22:36:22','2015-08-14 22:36:22',NULL,0.00,NULL,15.37,1.37,2.00,'ch_16Zra6EmZcPNENoG8LL5VqE9','','Kearny st.','','CA','94199','37.798220','-122.405606',140),(124,6,NULL,'2015-08-14 22:36:24','2015-08-14 22:36:24',NULL,0.00,NULL,15.37,1.37,2.00,'ch_16Zra8EmZcPNENoGGDe2Tjwa','706','Buchanan Street','San Francisco','CA','94102','37.798220','-122.405606',141),(125,2,NULL,'2015-08-14 22:36:27','2015-08-14 22:36:27',NULL,0.00,NULL,15.37,1.37,2.00,'ch_16ZraBEmZcPNENoG71zcBfLU','1111','Kearny st.','San Francisco','CA','94133','37.798220','-122.405606',142),(126,6,NULL,'2015-08-14 22:36:30','2015-08-14 22:36:30',NULL,0.00,NULL,0.00,1.37,2.00,NULL,'1111','Kearny st.','San Francisco','CA','94133','37.798220','-122.405606',143),(127,4,NULL,'2015-08-14 22:36:32','2015-08-14 22:36:32',NULL,0.00,NULL,0.00,1.37,2.00,NULL,'1111','Kearny st.','San Francisco','CA','94133','37.798220','-122.405606',144),(128,6,NULL,'2015-08-14 23:19:25','2015-08-14 23:19:25',NULL,0.00,NULL,15.37,1.37,2.00,'ch_16ZsNREmZcPNENoGQdEbkBsC','1111','Kearny st.','San Francisco','CA','94133','37.798220','-122.405606',146),(129,6,NULL,'2015-08-14 23:19:34','2015-08-14 23:19:34',NULL,0.00,NULL,15.37,1.37,2.00,'ch_16ZsNaEmZcPNENoGWknhiLXx','1111','Kearny st.','San Francisco','CA','94133','37.798220','-122.405606',148),(130,6,NULL,'2015-08-14 23:19:39','2015-08-14 23:19:39',NULL,0.00,NULL,15.37,1.37,2.00,'ch_16ZsNfEmZcPNENoGfxdFeMj9','1111998883','Kearny st.','San Francisco','CA','94199','37.798220','-122.405606',149),(131,6,NULL,'2015-08-14 23:19:44','2015-08-14 23:19:44',NULL,0.00,NULL,15.37,1.37,2.00,'ch_16ZsNkEmZcPNENoGAmevv50I','1111998883','Kearny st.','San Francisco','CA','94199','9937.798220','-99122.405606',150),(132,6,NULL,'2015-08-14 23:19:48','2015-08-14 23:19:48',NULL,0.00,NULL,15.37,1.37,2.00,'ch_16ZsNoEmZcPNENoGMevSa2WC','','Kearny st.','','CA','94199','37.798220','-122.405606',151),(133,6,NULL,'2015-08-14 23:19:53','2015-08-14 23:19:53',NULL,0.00,NULL,15.37,1.37,2.00,'ch_16ZsNtEmZcPNENoGesGgawmr','706','Buchanan Street','San Francisco','CA','94102','37.798220','-122.405606',152),(134,2,NULL,'2015-08-14 23:19:59','2015-08-14 23:19:59',NULL,0.00,NULL,15.37,1.37,2.00,'ch_16ZsNzEmZcPNENoG30Je808v','1111','Kearny st.','San Francisco','CA','94133','37.798220','-122.405606',153),(135,6,NULL,'2015-08-14 23:20:03','2015-08-14 23:20:03',NULL,0.00,NULL,0.00,1.37,2.00,NULL,'1111','Kearny st.','San Francisco','CA','94133','37.798220','-122.405606',154),(136,4,NULL,'2015-08-14 23:20:08','2015-08-14 23:20:08',NULL,0.00,NULL,0.00,1.37,2.00,NULL,'1111','Kearny st.','San Francisco','CA','94133','37.798220','-122.405606',155),(137,6,NULL,'2015-08-15 00:46:28','2015-08-15 00:46:28',NULL,0.00,NULL,15.37,1.37,2.00,'ch_16ZtjgEmZcPNENoG4eSac9Fp','1111','Kearny st.','San Francisco','CA','94133','37.798220','-122.405606',157),(138,6,NULL,'2015-08-15 00:48:52','2015-08-15 00:48:52',NULL,0.00,NULL,15.37,1.37,2.00,'ch_16Ztm0EmZcPNENoGYIzsjXJI','1111','Kearny st.','San Francisco','CA','94133','37.798220','-122.405606',159),(139,6,NULL,'2015-08-15 00:48:54','2015-08-15 00:48:54',NULL,0.00,NULL,15.37,1.37,2.00,'ch_16Ztm2EmZcPNENoGTj6xoCqY','1111998883','Kearny st.','San Francisco','CA','94199','37.798220','-122.405606',160),(140,6,NULL,'2015-08-15 00:48:57','2015-08-15 00:48:57',NULL,0.00,NULL,15.37,1.37,2.00,'ch_16Ztm5EmZcPNENoGadI3DqNZ','1111998883','Kearny st.','San Francisco','CA','94199','9937.798220','-99122.405606',161),(141,6,NULL,'2015-08-15 00:48:59','2015-08-15 00:48:59',NULL,0.00,NULL,15.37,1.37,2.00,'ch_16Ztm7EmZcPNENoG8QTMbzue','','Kearny st.','','CA','94199','37.798220','-122.405606',162),(142,6,NULL,'2015-08-15 00:49:01','2015-08-15 00:49:01',NULL,0.00,NULL,15.37,1.37,2.00,'ch_16Ztm9EmZcPNENoGtSlSFDJz','706','Buchanan Street','San Francisco','CA','94102','37.798220','-122.405606',163),(143,2,NULL,'2015-08-15 00:49:04','2015-08-15 00:49:04',NULL,0.00,NULL,15.37,1.37,2.00,'ch_16ZtmCEmZcPNENoGGguGmfIR','1111','Kearny st.','San Francisco','CA','94133','37.798220','-122.405606',164),(144,6,NULL,'2015-08-15 00:49:06','2015-08-15 00:49:06',NULL,0.00,NULL,0.00,1.37,2.00,NULL,'1111','Kearny st.','San Francisco','CA','94133','37.798220','-122.405606',165),(145,4,NULL,'2015-08-15 00:49:08','2015-08-15 00:49:08',NULL,0.00,NULL,0.00,1.37,2.00,NULL,'1111','Kearny st.','San Francisco','CA','94133','37.798220','-122.405606',166),(146,6,NULL,'2015-08-15 00:51:52','2015-08-15 00:51:52',NULL,0.00,NULL,15.37,1.37,2.00,'ch_16ZtouEmZcPNENoGZlg1EMsN','1111','Kearny st.','San Francisco','CA','94133','37.798220','-122.405606',168),(147,6,NULL,'2015-08-15 00:51:55','2015-08-15 00:51:55',NULL,0.00,NULL,15.37,1.37,2.00,'ch_16ZtoxEmZcPNENoGPp0TMjul','1111998883','Kearny st.','San Francisco','CA','94199','37.798220','-122.405606',169),(148,6,NULL,'2015-08-15 00:51:59','2015-08-15 00:51:59',NULL,0.00,NULL,15.37,1.37,2.00,'ch_16Ztp1EmZcPNENoGwY43avqI','1111998883','Kearny st.','San Francisco','CA','94199','9937.798220','-99122.405606',170),(149,6,NULL,'2015-08-15 00:52:01','2015-08-15 00:52:01',NULL,0.00,NULL,15.37,1.37,2.00,'ch_16Ztp3EmZcPNENoGOJgGxXaT','','Kearny st.','','CA','94199','37.798220','-122.405606',171),(150,6,NULL,'2015-08-15 00:52:03','2015-08-15 00:52:03',NULL,0.00,NULL,15.37,1.37,2.00,'ch_16Ztp5EmZcPNENoGVVjiZ0ZJ','706','Buchanan Street','San Francisco','CA','94102','37.798220','-122.405606',172),(151,2,NULL,'2015-08-15 00:52:06','2015-08-15 00:52:06',NULL,0.00,NULL,15.37,1.37,2.00,'ch_16Ztp8EmZcPNENoGg0wDcFdc','1111','Kearny st.','San Francisco','CA','94133','37.798220','-122.405606',173),(152,6,NULL,'2015-08-15 00:52:08','2015-08-15 00:52:08',NULL,0.00,NULL,0.00,1.37,2.00,NULL,'1111','Kearny st.','San Francisco','CA','94133','37.798220','-122.405606',174),(153,4,NULL,'2015-08-15 00:52:10','2015-08-15 00:52:10',NULL,0.00,NULL,0.00,1.37,2.00,NULL,'1111','Kearny st.','San Francisco','CA','94133','37.798220','-122.405606',175),(154,6,NULL,'2015-08-15 00:56:36','2015-08-15 00:56:36',NULL,0.00,NULL,15.37,1.37,2.00,'ch_16ZttUEmZcPNENoGwkFZYJ8P','1111','Kearny st.','San Francisco','CA','94133','37.798220','-122.405606',177),(155,6,NULL,'2015-08-15 00:56:39','2015-08-15 00:56:39',NULL,0.00,NULL,15.37,1.37,2.00,'ch_16ZttXEmZcPNENoGbr55gwPe','1111998883','Kearny st.','San Francisco','CA','94199','37.798220','-122.405606',178),(156,6,NULL,'2015-08-15 00:56:41','2015-08-15 00:56:41',NULL,0.00,NULL,15.37,1.37,2.00,'ch_16ZttZEmZcPNENoGj3h9Tnl6','1111998883','Kearny st.','San Francisco','CA','94199','9937.798220','-99122.405606',179),(157,6,NULL,'2015-08-15 00:56:43','2015-08-15 00:56:43',NULL,0.00,NULL,15.37,1.37,2.00,'ch_16ZttbEmZcPNENoGY8FPS94f','','Kearny st.','','CA','94199','37.798220','-122.405606',180),(158,6,NULL,'2015-08-15 00:56:46','2015-08-15 00:56:46',NULL,0.00,NULL,15.37,1.37,2.00,'ch_16ZtteEmZcPNENoG1YFO9QE9','706','Buchanan Street','San Francisco','CA','94102','37.798220','-122.405606',181),(159,2,NULL,'2015-08-15 00:56:49','2015-08-15 00:56:49',NULL,0.00,NULL,15.37,1.37,2.00,'ch_16ZtthEmZcPNENoGReHeXJwN','1111','Kearny st.','San Francisco','CA','94133','37.798220','-122.405606',182),(160,6,NULL,'2015-08-15 00:56:51','2015-08-15 00:56:51',NULL,0.00,NULL,0.00,1.37,2.00,NULL,'1111','Kearny st.','San Francisco','CA','94133','37.798220','-122.405606',183),(161,4,NULL,'2015-08-15 00:56:53','2015-08-15 00:56:53',NULL,0.00,NULL,0.00,1.37,2.00,NULL,'1111','Kearny st.','San Francisco','CA','94133','37.798220','-122.405606',184),(162,6,NULL,'2015-08-15 00:58:35','2015-08-15 00:58:35',NULL,0.00,NULL,15.37,1.37,2.00,'ch_16ZtvQEmZcPNENoGtu4EXIUS','1111','Kearny st.','San Francisco','CA','94133','37.798220','-122.405606',187),(163,6,NULL,'2015-08-15 00:58:38','2015-08-15 00:58:38',NULL,0.00,NULL,15.37,1.37,2.00,'ch_16ZtvSEmZcPNENoGUYvSAwJ7','1111998883','Kearny st.','San Francisco','CA','94199','37.798220','-122.405606',188),(164,6,NULL,'2015-08-15 00:58:40','2015-08-15 00:58:40',NULL,0.00,NULL,15.37,1.37,2.00,'ch_16ZtvUEmZcPNENoG1yR5CKSV','1111998883','Kearny st.','San Francisco','CA','94199','9937.798220','-99122.405606',189),(165,6,NULL,'2015-08-15 00:58:42','2015-08-15 00:58:42',NULL,0.00,NULL,15.37,1.37,2.00,'ch_16ZtvWEmZcPNENoG7OiXbM7H','','Kearny st.','','CA','94199','37.798220','-122.405606',190),(166,6,NULL,'2015-08-15 00:58:45','2015-08-15 00:58:45',NULL,0.00,NULL,15.37,1.37,2.00,'ch_16ZtvZEmZcPNENoGSzyeb8Xr','706','Buchanan Street','San Francisco','CA','94102','37.798220','-122.405606',191),(167,2,NULL,'2015-08-15 00:58:47','2015-08-15 00:58:47',NULL,0.00,NULL,15.37,1.37,2.00,'ch_16ZtvbEmZcPNENoGnVHjoOKp','1111','Kearny st.','San Francisco','CA','94133','37.798220','-122.405606',192),(168,6,NULL,'2015-08-15 00:58:49','2015-08-15 00:58:49',NULL,0.00,NULL,0.00,1.37,2.00,NULL,'1111','Kearny st.','San Francisco','CA','94133','37.798220','-122.405606',193),(169,4,NULL,'2015-08-15 00:58:52','2015-08-15 00:58:52',NULL,0.00,NULL,0.00,1.37,2.00,NULL,'1111','Kearny st.','San Francisco','CA','94133','37.798220','-122.405606',194),(170,6,'1121113370998kkk7','2015-08-15 00:58:54','2015-08-15 00:58:54',NULL,0.00,NULL,15.37,1.37,2.00,'ch_16ZtviEmZcPNENoGBt0QNzc7','1111','Kearny st.','San Francisco','CA','94133','37.798220','-122.405606',195),(171,6,NULL,'2015-08-17 18:56:03','2015-08-17 18:56:03',NULL,0.00,NULL,15.37,1.37,2.00,'ch_16asm6EmZcPNENoGS2oIxueR','1111','Kearny st.','San Francisco','CA','94133','37.798220','-122.405606',197),(172,6,NULL,'2015-08-17 18:56:05','2015-08-17 18:56:05',NULL,0.00,NULL,15.37,1.37,2.00,'ch_16asm9EmZcPNENoGf9pD5r83','1111998883','Kearny st.','San Francisco','CA','94199','37.798220','-122.405606',198),(173,6,NULL,'2015-08-17 18:56:08','2015-08-17 18:56:08',NULL,0.00,NULL,15.37,1.37,2.00,'ch_16asmCEmZcPNENoGXudKeI6K','1111998883','Kearny st.','San Francisco','CA','94199','9937.798220','-99122.405606',199),(174,6,NULL,'2015-08-17 18:56:10','2015-08-17 18:56:10',NULL,0.00,NULL,15.37,1.37,2.00,'ch_16asmEEmZcPNENoGk02HdJFQ','','Kearny st.','','CA','94199','37.798220','-122.405606',200),(175,6,NULL,'2015-08-17 18:56:13','2015-08-17 18:56:13',NULL,0.00,NULL,15.37,1.37,2.00,'ch_16asmGEmZcPNENoG6k6dHPtq','706','Buchanan Street','San Francisco','CA','94102','37.798220','-122.405606',201),(176,2,NULL,'2015-08-17 18:56:15','2015-08-17 18:56:15',NULL,0.00,NULL,15.37,1.37,2.00,'ch_16asmJEmZcPNENoGfvxnhAPH','1111','Kearny st.','San Francisco','CA','94133','37.798220','-122.405606',202),(177,6,NULL,'2015-08-17 18:56:17','2015-08-17 18:56:17',NULL,0.00,NULL,0.00,1.37,2.00,NULL,'1111','Kearny st.','San Francisco','CA','94133','37.798220','-122.405606',203),(178,4,NULL,'2015-08-17 18:56:20','2015-08-17 18:56:20',NULL,0.00,NULL,0.00,1.37,2.00,NULL,'1111','Kearny st.','San Francisco','CA','94133','37.798220','-122.405606',204),(179,6,'1121113370998kkk7','2015-08-17 18:56:24','2015-08-17 18:56:24',NULL,0.00,NULL,15.37,1.37,2.00,'ch_16asmSEmZcPNENoGtKvxSSs1','1111','Kearny st.','San Francisco','CA','94133','37.798220','-122.405606',205),(180,6,NULL,'2015-08-17 20:19:17','2015-08-17 20:19:17',NULL,0.00,NULL,15.37,1.37,2.00,'ch_16au83EmZcPNENoG6RHuo7W6','1111','Kearny st.','San Francisco','CA','94133','37.798220','-122.405606',207),(181,6,NULL,'2015-08-17 20:19:20','2015-08-17 20:19:20',NULL,0.00,NULL,15.37,1.37,2.00,'ch_16au86EmZcPNENoG8QTALCA2','1111998883','Kearny st.','San Francisco','CA','94199','37.798220','-122.405606',208),(182,6,NULL,'2015-08-17 20:19:24','2015-08-17 20:19:24',NULL,0.00,NULL,15.37,1.37,2.00,'ch_16au89EmZcPNENoGsknAGhtj','1111998883','Kearny st.','San Francisco','CA','94199','9937.798220','-99122.405606',209),(183,6,NULL,'2015-08-17 20:19:26','2015-08-17 20:19:26',NULL,0.00,NULL,15.37,1.37,2.00,'ch_16au8BEmZcPNENoGhUMLOSn4','','Kearny st.','','CA','94199','37.798220','-122.405606',210),(184,6,NULL,'2015-08-17 20:19:28','2015-08-17 20:19:28',NULL,0.00,NULL,15.37,1.37,2.00,'ch_16au8EEmZcPNENoGsYE5eSzT','706','Buchanan Street','San Francisco','CA','94102','37.798220','-122.405606',211),(185,2,NULL,'2015-08-17 20:19:31','2015-08-17 20:19:31',NULL,0.00,NULL,15.37,1.37,2.00,'ch_16au8HEmZcPNENoGAOVE0x6M','1111','Kearny st.','San Francisco','CA','94133','37.798220','-122.405606',212),(186,6,NULL,'2015-08-17 20:19:33','2015-08-17 20:19:33',NULL,0.00,NULL,0.00,1.37,2.00,NULL,'1111','Kearny st.','San Francisco','CA','94133','37.798220','-122.405606',213),(187,4,NULL,'2015-08-17 20:19:35','2015-08-17 20:19:35',NULL,0.00,NULL,0.00,1.37,2.00,NULL,'1111','Kearny st.','San Francisco','CA','94133','37.798220','-122.405606',214),(188,6,'1121113370998kkk7','2015-08-17 20:19:38','2015-08-17 20:19:38',NULL,0.00,NULL,15.37,1.37,2.00,'ch_16au8OEmZcPNENoGdcRNEsMI','1111','Kearny st.','San Francisco','CA','94133','37.798220','-122.405606',215),(189,6,NULL,'2015-08-17 20:38:22','2015-08-17 20:38:22',NULL,0.00,NULL,15.37,1.37,2.00,'ch_16auQWEmZcPNENoG2KVtfhFl','1111','Kearny st.','San Francisco','CA','94133','37.798220','-122.405606',217),(190,6,NULL,'2015-08-17 20:38:25','2015-08-17 20:38:25',NULL,0.00,NULL,15.37,1.37,2.00,'ch_16auQZEmZcPNENoGcG5ln2Vn','1111998883','Kearny st.','San Francisco','CA','94199','37.798220','-122.405606',218),(191,6,NULL,'2015-08-17 20:38:28','2015-08-17 20:38:28',NULL,0.00,NULL,15.37,1.37,2.00,'ch_16auQcEmZcPNENoGLgVVVAa5','1111998883','Kearny st.','San Francisco','CA','94199','9937.798220','-99122.405606',219),(192,6,NULL,'2015-08-17 20:38:29','2015-08-17 20:38:29',NULL,0.00,NULL,15.37,1.37,2.00,'ch_16auQdEmZcPNENoGAryzH6xw','','Kearny st.','','CA','94199','37.798220','-122.405606',220),(193,6,NULL,'2015-08-17 20:38:33','2015-08-17 20:38:33',NULL,0.00,NULL,15.37,1.37,2.00,'ch_16auQhEmZcPNENoGnnxfdioz','706','Buchanan Street','San Francisco','CA','94102','37.798220','-122.405606',221),(194,2,NULL,'2015-08-17 20:38:35','2015-08-17 20:38:35',NULL,0.00,NULL,15.37,1.37,2.00,'ch_16auQjEmZcPNENoGgFVpf08M','1111','Kearny st.','San Francisco','CA','94133','37.798220','-122.405606',222),(195,6,NULL,'2015-08-17 20:38:37','2015-08-17 20:38:37',NULL,0.00,NULL,0.00,1.37,2.00,NULL,'1111','Kearny st.','San Francisco','CA','94133','37.798220','-122.405606',223),(196,4,NULL,'2015-08-17 20:38:40','2015-08-17 20:38:40',NULL,0.00,NULL,0.00,1.37,2.00,NULL,'1111','Kearny st.','San Francisco','CA','94133','37.798220','-122.405606',224),(197,6,'1121113370998kkk7','2015-08-17 20:38:43','2015-08-17 20:38:43',NULL,0.00,NULL,15.37,1.37,2.00,'ch_16auQqEmZcPNENoGijSYVzTL','1111','Kearny st.','San Francisco','CA','94133','37.798220','-122.405606',225),(198,6,NULL,'2015-08-17 20:53:00','2015-08-17 20:53:00',NULL,0.00,NULL,15.37,1.37,2.00,'ch_16auegEmZcPNENoGZ9WegOni','1111','Kearny st.','San Francisco','CA','94133','37.798220','-122.405606',227),(199,6,NULL,'2015-08-17 20:53:03','2015-08-17 20:53:03',NULL,0.00,NULL,15.37,1.37,2.00,'ch_16auejEmZcPNENoGmMelHAug','1111998883','Kearny st.','San Francisco','CA','94199','37.798220','-122.405606',228),(200,6,NULL,'2015-08-17 20:53:05','2015-08-17 20:53:05',NULL,0.00,NULL,15.37,1.37,2.00,'ch_16auelEmZcPNENoGqQDGDQoO','1111998883','Kearny st.','San Francisco','CA','94199','9937.798220','-99122.405606',229),(201,6,NULL,'2015-08-17 20:53:07','2015-08-17 20:53:07',NULL,0.00,NULL,15.37,1.37,2.00,'ch_16auenEmZcPNENoG0OhzRN4p','','Kearny st.','','CA','94199','37.798220','-122.405606',230),(202,6,NULL,'2015-08-17 20:53:11','2015-08-17 20:53:11',NULL,0.00,NULL,15.37,1.37,2.00,'ch_16auerEmZcPNENoGe03NyDyZ','706','Buchanan Street','San Francisco','CA','94102','37.798220','-122.405606',231),(203,2,NULL,'2015-08-17 20:53:14','2015-08-17 20:53:14',NULL,0.00,NULL,15.37,1.37,2.00,'ch_16auetEmZcPNENoGLTGDdiUh','1111','Kearny st.','San Francisco','CA','94133','37.798220','-122.405606',232),(204,6,NULL,'2015-08-17 20:53:17','2015-08-17 20:53:17',NULL,0.00,NULL,0.00,1.37,2.00,NULL,'1111','Kearny st.','San Francisco','CA','94133','37.798220','-122.405606',233),(205,4,NULL,'2015-08-17 20:53:19','2015-08-17 20:53:19',NULL,0.00,NULL,0.00,1.37,2.00,NULL,'1111','Kearny st.','San Francisco','CA','94133','37.798220','-122.405606',234),(206,6,'1121113370998kkk7','2015-08-17 20:53:22','2015-08-17 20:53:22',NULL,0.00,NULL,15.37,1.37,2.00,'ch_16auf2EmZcPNENoGKzQLEkDe','1111','Kearny st.','San Francisco','CA','94133','37.798220','-122.405606',235),(207,6,'JASON1','2015-08-17 21:06:08','2015-08-17 21:06:08',NULL,0.00,NULL,15.37,1.37,2.00,'ch_16aurOEmZcPNENoG399e0yyH','1111','Kearny st.','San Francisco','CA','94133','37.798220','-122.405606',238),(208,6,NULL,'2015-08-17 21:26:23','2015-08-17 21:26:23',NULL,0.00,NULL,15.37,1.37,2.00,'ch_16avAzEmZcPNENoGsMBOvWqd','1111','Kearny st.','San Francisco','CA','94133','37.798220','-122.405606',240),(209,6,NULL,'2015-08-17 21:26:26','2015-08-17 21:26:26',NULL,0.00,NULL,15.37,1.37,2.00,'ch_16avB2EmZcPNENoGnzjKaPcX','1111998883','Kearny st.','San Francisco','CA','94199','37.798220','-122.405606',241),(210,6,NULL,'2015-08-17 21:26:28','2015-08-17 21:26:28',NULL,0.00,NULL,15.37,1.37,2.00,'ch_16avB4EmZcPNENoGnaDpmU3d','1111998883','Kearny st.','San Francisco','CA','94199','9937.798220','-99122.405606',242),(211,6,NULL,'2015-08-17 21:26:30','2015-08-17 21:26:30',NULL,0.00,NULL,15.37,1.37,2.00,'ch_16avB6EmZcPNENoGMqFb02df','','Kearny st.','','CA','94199','37.798220','-122.405606',243),(212,6,NULL,'2015-08-17 21:26:34','2015-08-17 21:26:34',NULL,0.00,NULL,15.37,1.37,2.00,'ch_16avB9EmZcPNENoGS6xxDQBd','706','Buchanan Street','San Francisco','CA','94102','37.798220','-122.405606',244),(213,2,NULL,'2015-08-17 21:26:36','2015-08-17 21:26:36',NULL,0.00,NULL,15.37,1.37,2.00,'ch_16avBCEmZcPNENoGjfEkpZXY','1111','Kearny st.','San Francisco','CA','94133','37.798220','-122.405606',245),(214,6,NULL,'2015-08-17 21:26:39','2015-08-17 21:26:39',NULL,0.00,NULL,0.00,1.37,2.00,NULL,'1111','Kearny st.','San Francisco','CA','94133','37.798220','-122.405606',246),(215,4,NULL,'2015-08-17 21:26:41','2015-08-17 21:26:41',NULL,0.00,NULL,0.00,1.37,2.00,NULL,'1111','Kearny st.','San Francisco','CA','94133','37.798220','-122.405606',247),(216,6,'1121113370998kkk7','2015-08-17 21:26:44','2015-08-17 21:26:44',NULL,0.00,NULL,15.37,1.37,2.00,'ch_16avBKEmZcPNENoGvMIHd0bt','1111','Kearny st.','San Francisco','CA','94133','37.798220','-122.405606',248),(217,6,NULL,'2015-08-17 21:32:38','2015-08-17 21:32:38',NULL,0.00,NULL,15.37,1.37,2.00,'ch_16avH1EmZcPNENoGbjFNnseJ','1111','Kearny st.','San Francisco','CA','94133','37.798220','-122.405606',250),(218,6,NULL,'2015-08-17 21:32:41','2015-08-17 21:32:41',NULL,0.00,NULL,15.37,1.37,2.00,'ch_16avH4EmZcPNENoGJYcXNnM3','1111998883','Kearny st.','San Francisco','CA','94199','37.798220','-122.405606',251),(219,6,NULL,'2015-08-17 21:32:44','2015-08-17 21:32:44',NULL,0.00,NULL,15.37,1.37,2.00,'ch_16avH7EmZcPNENoGi61LO8vi','1111998883','Kearny st.','San Francisco','CA','94199','9937.798220','-99122.405606',252),(220,6,NULL,'2015-08-17 21:32:46','2015-08-17 21:32:46',NULL,0.00,NULL,15.37,1.37,2.00,'ch_16avH9EmZcPNENoGBHkmiqPj','','Kearny st.','','CA','94199','37.798220','-122.405606',253),(221,6,NULL,'2015-08-17 21:32:51','2015-08-17 21:32:51',NULL,0.00,NULL,15.37,1.37,2.00,'ch_16avHFEmZcPNENoGxx71RM21','706','Buchanan Street','San Francisco','CA','94102','37.798220','-122.405606',254),(222,2,NULL,'2015-08-17 21:32:54','2015-08-17 21:32:54',NULL,0.00,NULL,15.37,1.37,2.00,'ch_16avHIEmZcPNENoGsLHM7Gtd','1111','Kearny st.','San Francisco','CA','94133','37.798220','-122.405606',255),(223,6,NULL,'2015-08-17 21:32:56','2015-08-17 21:32:56',NULL,0.00,NULL,0.00,1.37,2.00,NULL,'1111','Kearny st.','San Francisco','CA','94133','37.798220','-122.405606',256),(224,4,NULL,'2015-08-17 21:32:59','2015-08-17 21:32:59',NULL,0.00,NULL,0.00,1.37,2.00,NULL,'1111','Kearny st.','San Francisco','CA','94133','37.798220','-122.405606',257),(225,6,'1121113370998kkk7','2015-08-17 21:33:02','2015-08-17 21:33:02',NULL,0.00,NULL,15.37,1.37,2.00,'ch_16avHQEmZcPNENoG7Wj2G32a','1111','Kearny st.','San Francisco','CA','94133','37.798220','-122.405606',258),(226,6,NULL,'2015-08-17 21:36:24','2015-08-17 21:36:24',NULL,0.00,NULL,15.37,1.37,2.00,'ch_16avKgEmZcPNENoG3BVXawlB','1111','Kearny st.','San Francisco','CA','94133','37.798220','-122.405606',260),(227,6,NULL,'2015-08-17 21:36:37','2015-08-17 21:36:37',NULL,0.00,NULL,15.37,1.37,2.00,'ch_16avKsEmZcPNENoGD58mRwBx','1111998883','Kearny st.','San Francisco','CA','94199','37.798220','-122.405606',261),(228,6,NULL,'2015-08-17 21:36:49','2015-08-17 21:36:49',NULL,0.00,NULL,15.37,1.37,2.00,'ch_16avL5EmZcPNENoGa79rjnc5','1111998883','Kearny st.','San Francisco','CA','94199','9937.798220','-99122.405606',262),(229,6,NULL,'2015-08-17 21:36:51','2015-08-17 21:36:51',NULL,0.00,NULL,15.37,1.37,2.00,'ch_16avL7EmZcPNENoGlCWkUDkH','','Kearny st.','','CA','94199','37.798220','-122.405606',263),(230,6,NULL,'2015-08-17 21:36:53','2015-08-17 21:36:53',NULL,0.00,NULL,15.37,1.37,2.00,'ch_16avL9EmZcPNENoGjQyCtDal','706','Buchanan Street','San Francisco','CA','94102','37.798220','-122.405606',264),(231,2,NULL,'2015-08-17 21:36:56','2015-08-17 21:36:56',NULL,0.00,NULL,15.37,1.37,2.00,'ch_16avLCEmZcPNENoGH5NhjMIS','1111','Kearny st.','San Francisco','CA','94133','37.798220','-122.405606',265),(232,6,NULL,'2015-08-17 21:36:58','2015-08-17 21:36:58',NULL,0.00,NULL,0.00,1.37,2.00,NULL,'1111','Kearny st.','San Francisco','CA','94133','37.798220','-122.405606',266),(233,4,NULL,'2015-08-17 21:37:01','2015-08-17 21:37:01',NULL,0.00,NULL,0.00,1.37,2.00,NULL,'1111','Kearny st.','San Francisco','CA','94133','37.798220','-122.405606',267),(234,6,'1121113370998kkk7','2015-08-17 21:37:08','2015-08-17 21:37:08',NULL,0.00,NULL,15.37,1.37,2.00,'ch_16avLNEmZcPNENoGuJfI3Oj6','1111','Kearny st.','San Francisco','CA','94133','37.798220','-122.405606',268),(235,6,NULL,'2015-08-17 21:39:50','2015-08-17 21:39:50',NULL,0.00,NULL,15.37,1.37,2.00,'ch_16avNzEmZcPNENoGuzycCmNK','1111','Kearny st.','San Francisco','CA','94133','37.798220','-122.405606',270),(236,6,NULL,'2015-08-17 21:39:52','2015-08-17 21:39:52',NULL,0.00,NULL,15.37,1.37,2.00,'ch_16avO2EmZcPNENoGvSKQtUS9','1111998883','Kearny st.','San Francisco','CA','94199','37.798220','-122.405606',271),(237,6,NULL,'2015-08-17 21:39:55','2015-08-17 21:39:55',NULL,0.00,NULL,15.37,1.37,2.00,'ch_16avO4EmZcPNENoGXY5VH3Yh','1111998883','Kearny st.','San Francisco','CA','94199','9937.798220','-99122.405606',272),(238,6,NULL,'2015-08-17 21:39:56','2015-08-17 21:39:56',NULL,0.00,NULL,15.37,1.37,2.00,'ch_16avO6EmZcPNENoG1lPcJvuQ','','Kearny st.','','CA','94199','37.798220','-122.405606',273),(239,6,NULL,'2015-08-17 21:40:02','2015-08-17 21:40:02',NULL,0.00,NULL,15.37,1.37,2.00,'ch_16avOCEmZcPNENoGikFW8Tfo','706','Buchanan Street','San Francisco','CA','94102','37.798220','-122.405606',274),(240,2,NULL,'2015-08-17 21:40:08','2015-08-17 21:40:08',NULL,0.00,NULL,15.37,1.37,2.00,'ch_16avOHEmZcPNENoGtqmobUmn','1111','Kearny st.','San Francisco','CA','94133','37.798220','-122.405606',275),(241,6,NULL,'2015-08-17 21:40:11','2015-08-17 21:40:11',NULL,0.00,NULL,0.00,1.37,2.00,NULL,'1111','Kearny st.','San Francisco','CA','94133','37.798220','-122.405606',276),(242,4,NULL,'2015-08-17 21:40:15','2015-08-17 21:40:15',NULL,0.00,NULL,0.00,1.37,2.00,NULL,'1111','Kearny st.','San Francisco','CA','94133','37.798220','-122.405606',277),(243,6,'1121113370998kkk7','2015-08-17 21:40:19','2015-08-17 21:40:19',NULL,0.00,NULL,15.37,1.37,2.00,'ch_16avOSEmZcPNENoGHptaHVHy','1111','Kearny st.','San Francisco','CA','94133','37.798220','-122.405606',278);
/*!40000 ALTER TABLE `Order` ENABLE KEYS */;
UNLOCK TABLES;
/*!50003 SET @saved_cs_client      = @@character_set_client */ ;
/*!50003 SET @saved_cs_results     = @@character_set_results */ ;
/*!50003 SET @saved_col_connection = @@collation_connection */ ;
/*!50003 SET character_set_client  = utf8 */ ;
/*!50003 SET character_set_results = utf8 */ ;
/*!50003 SET collation_connection  = utf8_general_ci */ ;
/*!50003 SET @saved_sql_mode       = @@sql_mode */ ;
/*!50003 SET sql_mode              = 'STRICT_TRANS_TABLES,NO_ENGINE_SUBSTITUTION' */ ;
DELIMITER ;;
/*!50003 CREATE*/ /*!50017 DEFINER=`bento`@`localhost`*/ /*!50003 TRIGGER `OrderLog` BEFORE UPDATE ON `Order` FOR EACH ROW

BEGIN  

INSERT INTO `OrderLog` 
select  NULL, t.* 
from `Order` t where pk_Order = OLD.pk_Order;

END */;;
DELIMITER ;
/*!50003 SET sql_mode              = @saved_sql_mode */ ;
/*!50003 SET character_set_client  = @saved_cs_client */ ;
/*!50003 SET character_set_results = @saved_cs_results */ ;
/*!50003 SET collation_connection  = @saved_col_connection */ ;

--
-- Table structure for table `OrderLog`
--

DROP TABLE IF EXISTS `OrderLog`;
/*!40101 SET @saved_cs_client     = @@character_set_client */;
/*!40101 SET character_set_client = utf8 */;
CREATE TABLE `OrderLog` (
  `pk_OrderEvent` int(11) NOT NULL AUTO_INCREMENT,
  `pk_Order` int(11) DEFAULT NULL,
  `fk_User` int(11) DEFAULT NULL,
  `fk_Coupon` int(11) DEFAULT NULL,
  `created_at` timestamp NULL DEFAULT CURRENT_TIMESTAMP,
  `updated_at` timestamp NULL DEFAULT NULL ON UPDATE CURRENT_TIMESTAMP,
  `pre_coupon_total` decimal(7,2) DEFAULT NULL,
  `coupon_discount` decimal(7,2) DEFAULT '0.00',
  `notes_for_driver` text,
  `amount` decimal(7,2) DEFAULT NULL,
  `tax` decimal(7,2) DEFAULT NULL,
  `tip` decimal(7,2) DEFAULT NULL,
  `stripe_charge_id` varchar(64) DEFAULT NULL,
  `number` varchar(45) DEFAULT NULL,
  `street` varchar(255) DEFAULT NULL,
  `city` varchar(100) DEFAULT NULL,
  `state` varchar(100) DEFAULT NULL,
  `zip` varchar(12) DEFAULT NULL,
  `lat` varchar(45) DEFAULT NULL,
  `long` varchar(45) DEFAULT NULL,
  `fk_PendingOrder` int(11) DEFAULT NULL,
  PRIMARY KEY (`pk_OrderEvent`),
  KEY `fk_Order_1_idx` (`fk_User`),
  KEY `fk_Order_2_idx` (`fk_Coupon`)
) ENGINE=InnoDB DEFAULT CHARSET=utf8;
/*!40101 SET character_set_client = @saved_cs_client */;

--
-- Dumping data for table `OrderLog`
--

LOCK TABLES `OrderLog` WRITE;
/*!40000 ALTER TABLE `OrderLog` DISABLE KEYS */;
/*!40000 ALTER TABLE `OrderLog` ENABLE KEYS */;
UNLOCK TABLES;

--
-- Table structure for table `OrderStatus`
--

DROP TABLE IF EXISTS `OrderStatus`;
/*!40101 SET @saved_cs_client     = @@character_set_client */;
/*!40101 SET character_set_client = utf8 */;
CREATE TABLE `OrderStatus` (
  `pk_OrderStatus` int(11) NOT NULL AUTO_INCREMENT,
  `fk_Order` int(11) DEFAULT NULL,
  `fk_Driver` int(11) DEFAULT NULL,
  `created_at` timestamp NULL DEFAULT CURRENT_TIMESTAMP,
  `updated_at` timestamp NULL DEFAULT NULL ON UPDATE CURRENT_TIMESTAMP,
  `status` enum('Open','En Route','Delivered','Cancelled') COLLATE utf8_unicode_ci DEFAULT 'Open',
  `trak_status` varchar(10) COLLATE utf8_unicode_ci DEFAULT NULL,
  `trak_error_payload` text COLLATE utf8_unicode_ci,
  `trak_error_response` text COLLATE utf8_unicode_ci,
  PRIMARY KEY (`pk_OrderStatus`),
  UNIQUE KEY `idx_fk_Order` (`fk_Order`),
  KEY `idx_fk_Driver` (`fk_Driver`)
) ENGINE=InnoDB AUTO_INCREMENT=244 DEFAULT CHARSET=utf8 COLLATE=utf8_unicode_ci;
/*!40101 SET character_set_client = @saved_cs_client */;

--
-- Dumping data for table `OrderStatus`
--

LOCK TABLES `OrderStatus` WRITE;
/*!40000 ALTER TABLE `OrderStatus` DISABLE KEYS */;
INSERT INTO `OrderStatus` VALUES (1,1,NULL,'2015-07-22 22:40:29','2015-07-22 22:40:30','Open','200',NULL,NULL),(2,2,NULL,'2015-07-22 22:40:31','2015-07-22 22:40:33','Open','200',NULL,NULL),(3,3,NULL,'2015-07-22 22:40:34','2015-07-22 22:40:36','Open','200',NULL,NULL),(4,4,NULL,'2015-07-22 22:40:37','2015-07-22 22:40:38','Open','200',NULL,NULL),(5,5,NULL,'2015-07-22 22:40:39','2015-07-22 22:40:41','Open','200',NULL,NULL),(6,6,NULL,'2015-07-22 22:40:41','2015-07-22 22:40:43','Open','200',NULL,NULL),(7,7,NULL,'2015-07-22 22:40:43','2015-07-22 22:40:45','Open','200',NULL,NULL),(8,8,NULL,'2015-07-22 22:44:21','2015-07-22 22:44:22','Open','200',NULL,NULL),(9,9,NULL,'2015-07-22 22:44:23','2015-07-22 22:44:25','Open','200',NULL,NULL),(10,10,NULL,'2015-07-22 22:44:26','2015-07-22 22:44:27','Open','200',NULL,NULL),(11,11,NULL,'2015-07-22 22:44:28','2015-07-22 22:44:30','Open','200',NULL,NULL),(12,12,NULL,'2015-07-22 22:44:30','2015-07-22 22:44:32','Open','200',NULL,NULL),(13,13,NULL,'2015-07-22 22:44:32','2015-07-22 22:44:34','Open','200',NULL,NULL),(14,14,NULL,'2015-07-22 22:44:35','2015-07-22 22:44:36','Open','200',NULL,NULL),(15,15,NULL,'2015-07-23 23:02:21','2015-07-23 23:02:23','Open','200',NULL,NULL),(16,16,NULL,'2015-07-23 23:02:24','2015-07-23 23:02:26','Open','200',NULL,NULL),(17,17,NULL,'2015-07-23 23:02:26','2015-07-23 23:02:28','Open','200',NULL,NULL),(18,18,NULL,'2015-07-23 23:02:29','2015-07-23 23:02:31','Open','200',NULL,NULL),(19,19,NULL,'2015-07-23 23:02:32','2015-07-23 23:02:33','Open','200',NULL,NULL),(20,20,NULL,'2015-07-23 23:02:34','2015-07-23 23:02:35','Open','200',NULL,NULL),(21,21,NULL,'2015-07-23 23:02:36','2015-07-23 23:02:37','Open','200',NULL,NULL),(22,22,NULL,'2015-07-23 23:22:13','2015-07-23 23:22:14','Open','200',NULL,NULL),(23,23,NULL,'2015-07-23 23:22:15','2015-07-23 23:22:17','Open','200',NULL,NULL),(24,24,NULL,'2015-07-23 23:22:18','2015-07-23 23:22:19','Open','200',NULL,NULL),(25,25,NULL,'2015-07-23 23:22:20','2015-07-23 23:22:22','Open','200',NULL,NULL),(26,26,NULL,'2015-07-23 23:22:22','2015-07-23 23:22:24','Open','200',NULL,NULL),(27,27,NULL,'2015-07-23 23:22:25','2015-07-23 23:22:26','Open','200',NULL,NULL),(28,28,NULL,'2015-07-23 23:22:27','2015-07-23 23:22:29','Open','200',NULL,NULL),(29,29,NULL,'2015-07-23 23:24:31','2015-07-23 23:24:33','Open','200',NULL,NULL),(30,30,NULL,'2015-07-23 23:24:34','2015-07-23 23:24:35','Open','200',NULL,NULL),(31,31,NULL,'2015-07-23 23:24:36','2015-07-23 23:24:38','Open','200',NULL,NULL),(32,32,NULL,'2015-07-23 23:24:39','2015-07-23 23:24:40','Open','200',NULL,NULL),(33,33,NULL,'2015-07-23 23:24:41','2015-07-23 23:24:43','Open','200',NULL,NULL),(34,34,NULL,'2015-07-23 23:24:43','2015-07-23 23:24:45','Open','200',NULL,NULL),(35,35,NULL,'2015-07-23 23:24:46','2015-07-23 23:24:48','Open','200',NULL,NULL),(36,36,NULL,'2015-07-23 23:30:43','2015-07-23 23:30:45','Open','200',NULL,NULL),(37,37,NULL,'2015-07-23 23:30:45','2015-07-23 23:30:49','Open','200',NULL,NULL),(38,38,NULL,'2015-07-23 23:30:50','2015-07-23 23:30:56','Open','200',NULL,NULL),(39,39,NULL,'2015-07-23 23:30:56','2015-07-23 23:30:58','Open','200',NULL,NULL),(40,40,NULL,'2015-07-23 23:30:59','2015-07-23 23:31:00','Open','200',NULL,NULL),(41,41,NULL,'2015-07-23 23:31:01','2015-07-23 23:31:02','Open','200',NULL,NULL),(42,42,NULL,'2015-07-23 23:31:03','2015-07-23 23:31:04','Open','200',NULL,NULL),(43,43,NULL,'2015-07-23 23:54:14','2015-07-23 23:54:16','Open','200',NULL,NULL),(44,44,NULL,'2015-07-23 23:54:18','2015-07-23 23:54:20','Open','200',NULL,NULL),(45,45,NULL,'2015-07-23 23:54:21','2015-07-23 23:54:22','Open','200',NULL,NULL),(46,46,NULL,'2015-07-23 23:54:23','2015-07-23 23:54:25','Open','200',NULL,NULL),(47,47,NULL,'2015-07-23 23:54:26','2015-07-23 23:54:28','Open','200',NULL,NULL),(48,48,NULL,'2015-07-23 23:54:28','2015-07-23 23:54:30','Open','200',NULL,NULL),(49,49,NULL,'2015-07-23 23:54:30','2015-07-23 23:54:32','Open','200',NULL,NULL),(50,50,NULL,'2015-07-30 00:26:59','2015-07-30 00:27:00','Open','200',NULL,NULL),(51,51,NULL,'2015-07-30 00:27:01','2015-07-30 00:27:03','Open','200',NULL,NULL),(52,52,NULL,'2015-07-30 00:27:04','2015-07-30 00:27:05','Open','200',NULL,NULL),(53,53,NULL,'2015-07-30 00:27:06','2015-07-30 00:27:08','Open','200',NULL,NULL),(54,54,NULL,'2015-07-30 00:27:09','2015-07-30 00:27:10','Open','200',NULL,NULL),(55,55,NULL,'2015-07-30 00:27:11','2015-07-30 00:27:12','Open','200',NULL,NULL),(56,56,NULL,'2015-07-30 00:27:13','2015-07-30 00:27:15','Open','200',NULL,NULL),(57,57,NULL,'2015-07-30 17:42:16','2015-07-30 17:42:17','Open','200',NULL,NULL),(58,58,NULL,'2015-07-30 17:42:18','2015-07-30 17:42:20','Open','200',NULL,NULL),(59,59,NULL,'2015-07-30 17:42:21','2015-07-30 17:42:22','Open','200',NULL,NULL),(60,60,NULL,'2015-07-30 17:42:23','2015-07-30 17:42:25','Open','200',NULL,NULL),(61,61,NULL,'2015-07-30 17:42:26','2015-07-30 17:42:27','Open','200',NULL,NULL),(62,62,NULL,'2015-07-30 17:42:28','2015-07-30 17:42:30','Open','200',NULL,NULL),(63,63,NULL,'2015-07-30 17:42:30','2015-07-30 17:42:32','Open','200',NULL,NULL),(64,64,NULL,'2015-08-12 19:20:29','2015-08-12 19:20:31','Open','200',NULL,NULL),(65,65,NULL,'2015-08-12 19:20:32','2015-08-12 19:20:34','Open','200',NULL,NULL),(66,66,NULL,'2015-08-12 19:20:35','2015-08-12 19:20:35','Open',NULL,NULL,NULL),(67,67,NULL,'2015-08-12 19:20:36','2015-08-12 19:20:38','Open','200',NULL,NULL),(68,68,NULL,'2015-08-12 19:20:39','2015-08-12 19:20:41','Open','200',NULL,NULL),(69,69,NULL,'2015-08-12 19:20:42','2015-08-12 19:20:44','Open','200',NULL,NULL),(70,70,NULL,'2015-08-12 19:20:44','2015-08-12 19:20:47','Open','200',NULL,NULL),(71,71,NULL,'2015-08-12 19:20:47','2015-08-12 19:20:50','Open','200',NULL,NULL),(72,72,NULL,'2015-08-12 19:48:32','2015-08-12 19:48:35','Open','200',NULL,NULL),(73,73,NULL,'2015-08-12 19:48:37','2015-08-12 19:48:39','Open','200',NULL,NULL),(74,74,NULL,'2015-08-12 19:48:40','2015-08-12 19:48:41','Open','Exception',NULL,NULL),(75,75,NULL,'2015-08-12 19:48:42','2015-08-12 19:48:44','Open','200',NULL,NULL),(76,76,NULL,'2015-08-12 19:48:46','2015-08-12 19:48:48','Open','200',NULL,NULL),(77,77,NULL,'2015-08-12 19:48:49','2015-08-12 19:48:51','Open','200',NULL,NULL),(78,78,NULL,'2015-08-12 19:48:51','2015-08-12 19:48:53','Open','200',NULL,NULL),(79,79,NULL,'2015-08-12 19:48:54','2015-08-12 19:48:56','Open','200',NULL,NULL),(80,80,NULL,'2015-08-12 19:53:09','2015-08-12 19:53:12','Open','200',NULL,NULL),(81,81,NULL,'2015-08-12 19:53:13','2015-08-12 19:53:16','Open','200',NULL,NULL),(82,82,NULL,'2015-08-12 19:53:18','2015-08-12 19:53:18','Open','Exception',NULL,NULL),(83,83,NULL,'2015-08-12 19:53:20','2015-08-12 19:53:24','Open','200',NULL,NULL),(84,84,NULL,'2015-08-12 19:53:25','2015-08-12 19:53:27','Open','200',NULL,NULL),(85,85,NULL,'2015-08-12 19:53:29','2015-08-12 19:53:32','Open','200',NULL,NULL),(86,86,NULL,'2015-08-12 19:53:32','2015-08-12 19:53:35','Open','200',NULL,NULL),(87,87,NULL,'2015-08-12 19:53:36','2015-08-12 19:53:38','Open','200',NULL,NULL),(88,88,NULL,'2015-08-12 20:16:33','2015-08-12 20:16:35','Open','200',NULL,NULL),(89,89,NULL,'2015-08-12 20:16:36','2015-08-12 20:16:39','Open','200',NULL,NULL),(90,90,NULL,'2015-08-12 20:16:40','2015-08-12 20:16:41','Open','Exception',NULL,NULL),(91,91,NULL,'2015-08-12 20:16:43','2015-08-12 20:16:44','Open','200',NULL,NULL),(92,92,NULL,'2015-08-12 20:16:46','2015-08-12 20:16:47','Open','200',NULL,NULL),(93,93,NULL,'2015-08-12 20:16:48','2015-08-12 20:16:50','Open','200',NULL,NULL),(94,94,NULL,'2015-08-12 20:16:51','2015-08-12 20:16:53','Open','200',NULL,NULL),(95,95,NULL,'2015-08-12 20:16:53','2015-08-12 20:16:55','Open','200',NULL,NULL),(96,96,NULL,'2015-08-12 20:34:19','2015-08-12 20:34:21','Open','200',NULL,NULL),(97,97,NULL,'2015-08-12 20:34:24','2015-08-12 20:34:26','Open','200',NULL,NULL),(98,98,NULL,'2015-08-12 20:34:27','2015-08-12 20:34:28','Open','Exception',NULL,NULL),(99,99,NULL,'2015-08-12 20:34:30','2015-08-12 20:34:32','Open','200',NULL,NULL),(100,100,NULL,'2015-08-12 20:34:33','2015-08-12 20:34:35','Open','200',NULL,NULL),(101,101,NULL,'2015-08-12 20:34:36','2015-08-12 20:34:38','Open','200',NULL,NULL),(102,102,NULL,'2015-08-12 20:34:39','2015-08-12 20:34:41','Open','200',NULL,NULL),(103,103,NULL,'2015-08-12 20:34:42','2015-08-12 20:34:44','Open','200',NULL,NULL),(104,104,NULL,'2015-08-14 18:53:48','2015-08-14 18:53:50','Open','200',NULL,NULL),(105,105,NULL,'2015-08-14 18:53:51','2015-08-14 18:53:53','Open','200',NULL,NULL),(106,106,NULL,'2015-08-14 18:53:53','2015-08-14 18:53:54','Open','Exception',NULL,NULL),(107,107,NULL,'2015-08-14 18:53:55','2015-08-14 18:53:57','Open','200',NULL,NULL),(108,108,NULL,'2015-08-14 18:53:58','2015-08-14 18:53:59','Open','200',NULL,NULL),(109,109,NULL,'2015-08-14 18:54:01','2015-08-14 18:54:02','Open','200',NULL,NULL),(110,110,NULL,'2015-08-14 18:54:03','2015-08-14 18:54:04','Open','200',NULL,NULL),(111,111,NULL,'2015-08-14 18:54:05','2015-08-14 18:54:06','Open','200',NULL,NULL),(112,112,NULL,'2015-08-14 19:02:26','2015-08-14 19:02:28','Open','200',NULL,NULL),(113,113,NULL,'2015-08-14 19:02:28','2015-08-14 19:02:30','Open','200',NULL,NULL),(114,114,NULL,'2015-08-14 19:02:31','2015-08-14 19:02:31','Open','Exception',NULL,NULL),(115,115,NULL,'2015-08-14 19:02:33','2015-08-14 19:02:34','Open','200',NULL,NULL),(116,116,NULL,'2015-08-14 19:02:35','2015-08-14 19:02:37','Open','200',NULL,NULL),(117,117,NULL,'2015-08-14 19:02:37','2015-08-14 19:02:39','Open','200',NULL,NULL),(118,118,NULL,'2015-08-14 19:02:39','2015-08-14 19:02:41','Open','200',NULL,NULL),(119,119,NULL,'2015-08-14 19:02:41','2015-08-14 19:02:43','Open','200',NULL,NULL),(120,120,NULL,'2015-08-14 22:36:15','2015-08-14 22:36:17','Open','200',NULL,NULL),(121,121,NULL,'2015-08-14 22:36:18','2015-08-14 22:36:20','Open','200',NULL,NULL),(122,122,NULL,'2015-08-14 22:36:20','2015-08-14 22:36:21','Open','Exception',NULL,NULL),(123,123,NULL,'2015-08-14 22:36:22','2015-08-14 22:36:24','Open','200',NULL,NULL),(124,124,NULL,'2015-08-14 22:36:24','2015-08-14 22:36:26','Open','200',NULL,NULL),(125,125,NULL,'2015-08-14 22:36:27','2015-08-14 22:36:29','Open','200',NULL,NULL),(126,126,NULL,'2015-08-14 22:36:30','2015-08-14 22:36:31','Open','200',NULL,NULL),(127,127,NULL,'2015-08-14 22:36:32','2015-08-14 22:36:34','Open','200',NULL,NULL),(128,128,NULL,'2015-08-14 23:19:25','2015-08-14 23:19:25','Open',NULL,NULL,NULL),(129,129,NULL,'2015-08-14 23:19:34','2015-08-14 23:19:37','Open','200',NULL,NULL),(130,130,NULL,'2015-08-14 23:19:39','2015-08-14 23:19:42','Open','200',NULL,NULL),(131,131,NULL,'2015-08-14 23:19:44','2015-08-14 23:19:45','Open','Exception',NULL,NULL),(132,132,NULL,'2015-08-14 23:19:48','2015-08-14 23:19:51','Open','200',NULL,NULL),(133,133,NULL,'2015-08-14 23:19:53','2015-08-14 23:19:57','Open','200',NULL,NULL),(134,134,NULL,'2015-08-14 23:19:59','2015-08-14 23:20:02','Open','200',NULL,NULL),(135,135,NULL,'2015-08-14 23:20:03','2015-08-14 23:20:07','Open','200',NULL,NULL),(136,136,NULL,'2015-08-14 23:20:08','2015-08-14 23:20:11','Open','200',NULL,NULL),(137,137,NULL,'2015-08-15 00:46:28','2015-08-15 00:46:28','Open',NULL,NULL,NULL),(138,138,NULL,'2015-08-15 00:48:52','2015-08-15 00:48:53','Open','200',NULL,NULL),(139,139,NULL,'2015-08-15 00:48:54','2015-08-15 00:48:56','Open','200',NULL,NULL),(140,140,NULL,'2015-08-15 00:48:57','2015-08-15 00:48:57','Open','Exception',NULL,NULL),(141,141,NULL,'2015-08-15 00:48:59','2015-08-15 00:49:00','Open','200',NULL,NULL),(142,142,NULL,'2015-08-15 00:49:01','2015-08-15 00:49:03','Open','200',NULL,NULL),(143,143,NULL,'2015-08-15 00:49:04','2015-08-15 00:49:05','Open','200',NULL,NULL),(144,144,NULL,'2015-08-15 00:49:06','2015-08-15 00:49:07','Open','200',NULL,NULL),(145,145,NULL,'2015-08-15 00:49:08','2015-08-15 00:49:09','Open','200',NULL,NULL),(146,146,NULL,'2015-08-15 00:51:52','2015-08-15 00:51:54','Open','200',NULL,NULL),(147,147,NULL,'2015-08-15 00:51:55','2015-08-15 00:51:58','Open','200',NULL,NULL),(148,148,NULL,'2015-08-15 00:51:59','2015-08-15 00:51:59','Open','Exception',NULL,NULL),(149,149,NULL,'2015-08-15 00:52:01','2015-08-15 00:52:02','Open','200',NULL,NULL),(150,150,NULL,'2015-08-15 00:52:03','2015-08-15 00:52:05','Open','200',NULL,NULL),(151,151,NULL,'2015-08-15 00:52:06','2015-08-15 00:52:07','Open','200',NULL,NULL),(152,152,NULL,'2015-08-15 00:52:08','2015-08-15 00:52:09','Open','200',NULL,NULL),(153,153,NULL,'2015-08-15 00:52:10','2015-08-15 00:52:12','Open','200',NULL,NULL),(154,154,NULL,'2015-08-15 00:56:36','2015-08-15 00:56:38','Open','200',NULL,NULL),(155,155,NULL,'2015-08-15 00:56:39','2015-08-15 00:56:40','Open','200',NULL,NULL),(156,156,NULL,'2015-08-15 00:56:41','2015-08-15 00:56:42','Open','Exception',NULL,NULL),(157,157,NULL,'2015-08-15 00:56:43','2015-08-15 00:56:45','Open','200',NULL,NULL),(158,158,NULL,'2015-08-15 00:56:46','2015-08-15 00:56:48','Open','200',NULL,NULL),(159,159,NULL,'2015-08-15 00:56:49','2015-08-15 00:56:51','Open','200',NULL,NULL),(160,160,NULL,'2015-08-15 00:56:51','2015-08-15 00:56:53','Open','200',NULL,NULL),(161,161,NULL,'2015-08-15 00:56:53','2015-08-15 00:56:55','Open','200',NULL,NULL),(162,162,NULL,'2015-08-15 00:58:35','2015-08-15 00:58:37','Open','200',NULL,NULL),(163,163,NULL,'2015-08-15 00:58:38','2015-08-15 00:58:40','Open','200',NULL,NULL),(164,164,NULL,'2015-08-15 00:58:40','2015-08-15 00:58:41','Open','Exception',NULL,NULL),(165,165,NULL,'2015-08-15 00:58:42','2015-08-15 00:58:44','Open','200',NULL,NULL),(166,166,NULL,'2015-08-15 00:58:45','2015-08-15 00:58:46','Open','200',NULL,NULL),(167,167,NULL,'2015-08-15 00:58:47','2015-08-15 00:58:49','Open','200',NULL,NULL),(168,168,NULL,'2015-08-15 00:58:49','2015-08-15 00:58:51','Open','200',NULL,NULL),(169,169,NULL,'2015-08-15 00:58:52','2015-08-15 00:58:53','Open','200',NULL,NULL),(170,170,NULL,'2015-08-15 00:58:54','2015-08-15 00:58:56','Open','200',NULL,NULL),(171,171,NULL,'2015-08-17 18:56:03','2015-08-17 18:56:04','Open','200',NULL,NULL),(172,172,NULL,'2015-08-17 18:56:05','2015-08-17 18:56:07','Open','200',NULL,NULL),(173,173,NULL,'2015-08-17 18:56:08','2015-08-17 18:56:09','Open','Exception',NULL,NULL),(174,174,NULL,'2015-08-17 18:56:10','2015-08-17 18:56:12','Open','200',NULL,NULL),(175,175,NULL,'2015-08-17 18:56:13','2015-08-17 18:56:14','Open','200',NULL,NULL),(176,176,NULL,'2015-08-17 18:56:15','2015-08-17 18:56:17','Open','200',NULL,NULL),(177,177,NULL,'2015-08-17 18:56:17','2015-08-17 18:56:19','Open','200',NULL,NULL),(178,178,NULL,'2015-08-17 18:56:20','2015-08-17 18:56:22','Open','200',NULL,NULL),(179,179,NULL,'2015-08-17 18:56:24','2015-08-17 18:56:26','Open','200',NULL,NULL),(180,180,NULL,'2015-08-17 20:19:17','2015-08-17 20:19:19','Open','200',NULL,NULL),(181,181,NULL,'2015-08-17 20:19:20','2015-08-17 20:19:23','Open','200',NULL,NULL),(182,182,NULL,'2015-08-17 20:19:24','2015-08-17 20:19:24','Open','Exception',NULL,NULL),(183,183,NULL,'2015-08-17 20:19:26','2015-08-17 20:19:28','Open','200',NULL,NULL),(184,184,NULL,'2015-08-17 20:19:28','2015-08-17 20:19:30','Open','200',NULL,NULL),(185,185,NULL,'2015-08-17 20:19:31','2015-08-17 20:19:33','Open','200',NULL,NULL),(186,186,NULL,'2015-08-17 20:19:33','2015-08-17 20:19:35','Open','200',NULL,NULL),(187,187,NULL,'2015-08-17 20:19:35','2015-08-17 20:19:37','Open','200',NULL,NULL),(188,188,NULL,'2015-08-17 20:19:38','2015-08-17 20:19:41','Open','200',NULL,NULL),(189,189,NULL,'2015-08-17 20:38:22','2015-08-17 20:38:24','Open','200',NULL,NULL),(190,190,NULL,'2015-08-17 20:38:25','2015-08-17 20:38:27','Open','200',NULL,NULL),(191,191,NULL,'2015-08-17 20:38:28','2015-08-17 20:38:28','Open','Exception',NULL,NULL),(192,192,NULL,'2015-08-17 20:38:29','2015-08-17 20:38:32','Open','200',NULL,NULL),(193,193,NULL,'2015-08-17 20:38:33','2015-08-17 20:38:35','Open','200',NULL,NULL),(194,194,NULL,'2015-08-17 20:38:35','2015-08-17 20:38:37','Open','200',NULL,NULL),(195,195,NULL,'2015-08-17 20:38:37','2015-08-17 20:38:39','Open','200',NULL,NULL),(196,196,NULL,'2015-08-17 20:38:40','2015-08-17 20:38:41','Open','200',NULL,NULL),(197,197,NULL,'2015-08-17 20:38:43','2015-08-17 20:38:45','Open','200',NULL,NULL),(198,198,NULL,'2015-08-17 20:53:00','2015-08-17 20:53:02','Open','200',NULL,NULL),(199,199,NULL,'2015-08-17 20:53:03','2015-08-17 20:53:04','Open','200',NULL,NULL),(200,200,NULL,'2015-08-17 20:53:05','2015-08-17 20:53:06','Open','Exception',NULL,NULL),(201,201,NULL,'2015-08-17 20:53:07','2015-08-17 20:53:10','Open','200',NULL,NULL),(202,202,NULL,'2015-08-17 20:53:11','2015-08-17 20:53:13','Open','200',NULL,NULL),(203,203,NULL,'2015-08-17 20:53:14','2015-08-17 20:53:16','Open','200',NULL,NULL),(204,204,NULL,'2015-08-17 20:53:17','2015-08-17 20:53:19','Open','200',NULL,NULL),(205,205,NULL,'2015-08-17 20:53:19','2015-08-17 20:53:21','Open','200',NULL,NULL),(206,206,NULL,'2015-08-17 20:53:22','2015-08-17 20:53:24','Open','200',NULL,NULL),(207,207,NULL,'2015-08-17 21:06:08','2015-08-17 21:06:11','Open','200',NULL,NULL),(208,208,NULL,'2015-08-17 21:26:23','2015-08-17 21:26:25','Open','200',NULL,NULL),(209,209,NULL,'2015-08-17 21:26:26','2015-08-17 21:26:28','Open','200',NULL,NULL),(210,210,NULL,'2015-08-17 21:26:28','2015-08-17 21:26:29','Open','Exception',NULL,NULL),(211,211,NULL,'2015-08-17 21:26:30','2015-08-17 21:26:32','Open','200',NULL,NULL),(212,212,NULL,'2015-08-17 21:26:34','2015-08-17 21:26:35','Open','200',NULL,NULL),(213,213,NULL,'2015-08-17 21:26:36','2015-08-17 21:26:38','Open','200',NULL,NULL),(214,214,NULL,'2015-08-17 21:26:39','2015-08-17 21:26:40','Open','200',NULL,NULL),(215,215,NULL,'2015-08-17 21:26:41','2015-08-17 21:26:42','Open','200',NULL,NULL),(216,216,NULL,'2015-08-17 21:26:44','2015-08-17 21:26:46','Open','200',NULL,NULL),(217,217,NULL,'2015-08-17 21:32:38','2015-08-17 21:32:39','Open','200',NULL,NULL),(218,218,NULL,'2015-08-17 21:32:41','2015-08-17 21:32:42','Open','200',NULL,NULL),(219,219,NULL,'2015-08-17 21:32:44','2015-08-17 21:32:44','Open','Exception',NULL,NULL),(220,220,NULL,'2015-08-17 21:32:46','2015-08-17 21:32:51','Open','200',NULL,NULL),(221,221,NULL,'2015-08-17 21:32:51','2015-08-17 21:32:53','Open','200',NULL,NULL),(222,222,NULL,'2015-08-17 21:32:54','2015-08-17 21:32:56','Open','200',NULL,NULL),(223,223,NULL,'2015-08-17 21:32:56','2015-08-17 21:32:59','Open','200',NULL,NULL),(224,224,NULL,'2015-08-17 21:32:59','2015-08-17 21:33:01','Open','200',NULL,NULL),(225,225,NULL,'2015-08-17 21:33:03','2015-08-17 21:33:04','Open','200',NULL,NULL),(226,226,NULL,'2015-08-17 21:36:24','2015-08-17 21:36:35','Open','200',NULL,NULL),(227,227,NULL,'2015-08-17 21:36:37','2015-08-17 21:36:49','Open','200',NULL,NULL),(228,228,NULL,'2015-08-17 21:36:49','2015-08-17 21:36:50','Open','Exception',NULL,NULL),(229,229,NULL,'2015-08-17 21:36:51','2015-08-17 21:36:52','Open','200',NULL,NULL),(230,230,NULL,'2015-08-17 21:36:53','2015-08-17 21:36:55','Open','200',NULL,NULL),(231,231,NULL,'2015-08-17 21:36:56','2015-08-17 21:36:58','Open','200',NULL,NULL),(232,232,NULL,'2015-08-17 21:36:58','2015-08-17 21:37:00','Open','200',NULL,NULL),(233,233,NULL,'2015-08-17 21:37:01','2015-08-17 21:37:06','Open','200',NULL,NULL),(234,234,NULL,'2015-08-17 21:37:08','2015-08-17 21:37:10','Open','200',NULL,NULL),(235,235,NULL,'2015-08-17 21:39:50','2015-08-17 21:39:51','Open','200',NULL,NULL),(236,236,NULL,'2015-08-17 21:39:52','2015-08-17 21:39:54','Open','200',NULL,NULL),(237,237,NULL,'2015-08-17 21:39:55','2015-08-17 21:39:55','Open','Exception',NULL,NULL),(238,238,NULL,'2015-08-17 21:39:57','2015-08-17 21:40:01','Open','200',NULL,NULL),(239,239,NULL,'2015-08-17 21:40:02','2015-08-17 21:40:07','Open','200',NULL,NULL),(240,240,NULL,'2015-08-17 21:40:08','2015-08-17 21:40:10','Open','200',NULL,NULL),(241,241,NULL,'2015-08-17 21:40:11','2015-08-17 21:40:15','Open','200',NULL,NULL),(242,242,NULL,'2015-08-17 21:40:15','2015-08-17 21:40:17','Open','200',NULL,NULL),(243,243,NULL,'2015-08-17 21:40:19','2015-08-17 21:40:20','Open','200',NULL,NULL);
/*!40000 ALTER TABLE `OrderStatus` ENABLE KEYS */;
UNLOCK TABLES;
/*!50003 SET @saved_cs_client      = @@character_set_client */ ;
/*!50003 SET @saved_cs_results     = @@character_set_results */ ;
/*!50003 SET @saved_col_connection = @@collation_connection */ ;
/*!50003 SET character_set_client  = utf8 */ ;
/*!50003 SET character_set_results = utf8 */ ;
/*!50003 SET collation_connection  = utf8_general_ci */ ;
/*!50003 SET @saved_sql_mode       = @@sql_mode */ ;
/*!50003 SET sql_mode              = 'STRICT_TRANS_TABLES,NO_ENGINE_SUBSTITUTION' */ ;
DELIMITER ;;
/*!50003 CREATE*/ /*!50017 DEFINER=`bento`@`localhost`*/ /*!50003 TRIGGER `OrderStatusLog` BEFORE UPDATE ON `OrderStatus` FOR EACH ROW

BEGIN  

INSERT INTO `OrderStatusLog` 
select  NULL, t.* 
from `OrderStatus` t where pk_OrderStatus = OLD.pk_OrderStatus;

END */;;
DELIMITER ;
/*!50003 SET sql_mode              = @saved_sql_mode */ ;
/*!50003 SET character_set_client  = @saved_cs_client */ ;
/*!50003 SET character_set_results = @saved_cs_results */ ;
/*!50003 SET collation_connection  = @saved_col_connection */ ;

--
-- Table structure for table `OrderStatusLog`
--

DROP TABLE IF EXISTS `OrderStatusLog`;
/*!40101 SET @saved_cs_client     = @@character_set_client */;
/*!40101 SET character_set_client = utf8 */;
CREATE TABLE `OrderStatusLog` (
  `pk_OrderStatusLog` int(11) NOT NULL AUTO_INCREMENT,
  `pk_OrderStatus` int(11) DEFAULT NULL,
  `fk_Order` int(11) DEFAULT NULL,
  `fk_Driver` int(11) DEFAULT NULL,
  `created_at` timestamp NULL DEFAULT CURRENT_TIMESTAMP,
  `updated_at` timestamp NULL DEFAULT NULL ON UPDATE CURRENT_TIMESTAMP,
  `status` enum('Open','En Route','Delivered','Cancelled') COLLATE utf8_unicode_ci DEFAULT NULL,
  `trak_status` varchar(10) COLLATE utf8_unicode_ci DEFAULT NULL,
  `trak_error_payload` text COLLATE utf8_unicode_ci,
  `trak_error_response` text COLLATE utf8_unicode_ci,
  PRIMARY KEY (`pk_OrderStatusLog`),
  KEY `index2` (`fk_Order`),
  KEY `index3` (`fk_Driver`)
) ENGINE=InnoDB AUTO_INCREMENT=241 DEFAULT CHARSET=utf8 COLLATE=utf8_unicode_ci;
/*!40101 SET character_set_client = @saved_cs_client */;

--
-- Dumping data for table `OrderStatusLog`
--

LOCK TABLES `OrderStatusLog` WRITE;
/*!40000 ALTER TABLE `OrderStatusLog` DISABLE KEYS */;
INSERT INTO `OrderStatusLog` VALUES (1,1,1,NULL,'2015-07-22 22:40:29','2015-07-22 22:40:29','Open',NULL,NULL,NULL),(2,2,2,NULL,'2015-07-22 22:40:31','2015-07-22 22:40:31','Open',NULL,NULL,NULL),(3,3,3,NULL,'2015-07-22 22:40:34','2015-07-22 22:40:34','Open',NULL,NULL,NULL),(4,4,4,NULL,'2015-07-22 22:40:37','2015-07-22 22:40:37','Open',NULL,NULL,NULL),(5,5,5,NULL,'2015-07-22 22:40:39','2015-07-22 22:40:39','Open',NULL,NULL,NULL),(6,6,6,NULL,'2015-07-22 22:40:41','2015-07-22 22:40:41','Open',NULL,NULL,NULL),(7,7,7,NULL,'2015-07-22 22:40:43','2015-07-22 22:40:43','Open',NULL,NULL,NULL),(8,8,8,NULL,'2015-07-22 22:44:21','2015-07-22 22:44:21','Open',NULL,NULL,NULL),(9,9,9,NULL,'2015-07-22 22:44:23','2015-07-22 22:44:23','Open',NULL,NULL,NULL),(10,10,10,NULL,'2015-07-22 22:44:26','2015-07-22 22:44:26','Open',NULL,NULL,NULL),(11,11,11,NULL,'2015-07-22 22:44:28','2015-07-22 22:44:28','Open',NULL,NULL,NULL),(12,12,12,NULL,'2015-07-22 22:44:30','2015-07-22 22:44:30','Open',NULL,NULL,NULL),(13,13,13,NULL,'2015-07-22 22:44:32','2015-07-22 22:44:32','Open',NULL,NULL,NULL),(14,14,14,NULL,'2015-07-22 22:44:35','2015-07-22 22:44:35','Open',NULL,NULL,NULL),(15,15,15,NULL,'2015-07-23 23:02:21','2015-07-23 23:02:21','Open',NULL,NULL,NULL),(16,16,16,NULL,'2015-07-23 23:02:24','2015-07-23 23:02:24','Open',NULL,NULL,NULL),(17,17,17,NULL,'2015-07-23 23:02:26','2015-07-23 23:02:26','Open',NULL,NULL,NULL),(18,18,18,NULL,'2015-07-23 23:02:29','2015-07-23 23:02:29','Open',NULL,NULL,NULL),(19,19,19,NULL,'2015-07-23 23:02:32','2015-07-23 23:02:32','Open',NULL,NULL,NULL),(20,20,20,NULL,'2015-07-23 23:02:34','2015-07-23 23:02:34','Open',NULL,NULL,NULL),(21,21,21,NULL,'2015-07-23 23:02:36','2015-07-23 23:02:36','Open',NULL,NULL,NULL),(22,22,22,NULL,'2015-07-23 23:22:13','2015-07-23 23:22:13','Open',NULL,NULL,NULL),(23,23,23,NULL,'2015-07-23 23:22:15','2015-07-23 23:22:15','Open',NULL,NULL,NULL),(24,24,24,NULL,'2015-07-23 23:22:18','2015-07-23 23:22:18','Open',NULL,NULL,NULL),(25,25,25,NULL,'2015-07-23 23:22:20','2015-07-23 23:22:20','Open',NULL,NULL,NULL),(26,26,26,NULL,'2015-07-23 23:22:22','2015-07-23 23:22:22','Open',NULL,NULL,NULL),(27,27,27,NULL,'2015-07-23 23:22:25','2015-07-23 23:22:25','Open',NULL,NULL,NULL),(28,28,28,NULL,'2015-07-23 23:22:27','2015-07-23 23:22:27','Open',NULL,NULL,NULL),(29,29,29,NULL,'2015-07-23 23:24:31','2015-07-23 23:24:31','Open',NULL,NULL,NULL),(30,30,30,NULL,'2015-07-23 23:24:34','2015-07-23 23:24:34','Open',NULL,NULL,NULL),(31,31,31,NULL,'2015-07-23 23:24:36','2015-07-23 23:24:36','Open',NULL,NULL,NULL),(32,32,32,NULL,'2015-07-23 23:24:39','2015-07-23 23:24:39','Open',NULL,NULL,NULL),(33,33,33,NULL,'2015-07-23 23:24:41','2015-07-23 23:24:41','Open',NULL,NULL,NULL),(34,34,34,NULL,'2015-07-23 23:24:43','2015-07-23 23:24:43','Open',NULL,NULL,NULL),(35,35,35,NULL,'2015-07-23 23:24:46','2015-07-23 23:24:46','Open',NULL,NULL,NULL),(36,36,36,NULL,'2015-07-23 23:30:43','2015-07-23 23:30:43','Open',NULL,NULL,NULL),(37,37,37,NULL,'2015-07-23 23:30:45','2015-07-23 23:30:45','Open',NULL,NULL,NULL),(38,38,38,NULL,'2015-07-23 23:30:50','2015-07-23 23:30:50','Open',NULL,NULL,NULL),(39,39,39,NULL,'2015-07-23 23:30:56','2015-07-23 23:30:56','Open',NULL,NULL,NULL),(40,40,40,NULL,'2015-07-23 23:30:59','2015-07-23 23:30:59','Open',NULL,NULL,NULL),(41,41,41,NULL,'2015-07-23 23:31:01','2015-07-23 23:31:01','Open',NULL,NULL,NULL),(42,42,42,NULL,'2015-07-23 23:31:03','2015-07-23 23:31:03','Open',NULL,NULL,NULL),(43,43,43,NULL,'2015-07-23 23:54:14','2015-07-23 23:54:14','Open',NULL,NULL,NULL),(44,44,44,NULL,'2015-07-23 23:54:18','2015-07-23 23:54:18','Open',NULL,NULL,NULL),(45,45,45,NULL,'2015-07-23 23:54:21','2015-07-23 23:54:21','Open',NULL,NULL,NULL),(46,46,46,NULL,'2015-07-23 23:54:23','2015-07-23 23:54:23','Open',NULL,NULL,NULL),(47,47,47,NULL,'2015-07-23 23:54:26','2015-07-23 23:54:26','Open',NULL,NULL,NULL),(48,48,48,NULL,'2015-07-23 23:54:28','2015-07-23 23:54:28','Open',NULL,NULL,NULL),(49,49,49,NULL,'2015-07-23 23:54:30','2015-07-23 23:54:30','Open',NULL,NULL,NULL),(50,50,50,NULL,'2015-07-30 00:26:59','2015-07-30 00:26:59','Open',NULL,NULL,NULL),(51,51,51,NULL,'2015-07-30 00:27:01','2015-07-30 00:27:01','Open',NULL,NULL,NULL),(52,52,52,NULL,'2015-07-30 00:27:04','2015-07-30 00:27:04','Open',NULL,NULL,NULL),(53,53,53,NULL,'2015-07-30 00:27:06','2015-07-30 00:27:06','Open',NULL,NULL,NULL),(54,54,54,NULL,'2015-07-30 00:27:09','2015-07-30 00:27:09','Open',NULL,NULL,NULL),(55,55,55,NULL,'2015-07-30 00:27:11','2015-07-30 00:27:11','Open',NULL,NULL,NULL),(56,56,56,NULL,'2015-07-30 00:27:13','2015-07-30 00:27:13','Open',NULL,NULL,NULL),(57,57,57,NULL,'2015-07-30 17:42:16','2015-07-30 17:42:16','Open',NULL,NULL,NULL),(58,58,58,NULL,'2015-07-30 17:42:18','2015-07-30 17:42:18','Open',NULL,NULL,NULL),(59,59,59,NULL,'2015-07-30 17:42:21','2015-07-30 17:42:21','Open',NULL,NULL,NULL),(60,60,60,NULL,'2015-07-30 17:42:23','2015-07-30 17:42:23','Open',NULL,NULL,NULL),(61,61,61,NULL,'2015-07-30 17:42:26','2015-07-30 17:42:26','Open',NULL,NULL,NULL),(62,62,62,NULL,'2015-07-30 17:42:28','2015-07-30 17:42:28','Open',NULL,NULL,NULL),(63,63,63,NULL,'2015-07-30 17:42:30','2015-07-30 17:42:30','Open',NULL,NULL,NULL),(64,64,64,NULL,'2015-08-12 19:20:29','2015-08-12 19:20:29','Open',NULL,NULL,NULL),(65,65,65,NULL,'2015-08-12 19:20:32','2015-08-12 19:20:32','Open',NULL,NULL,NULL),(66,67,67,NULL,'2015-08-12 19:20:36','2015-08-12 19:20:36','Open',NULL,NULL,NULL),(67,68,68,NULL,'2015-08-12 19:20:39','2015-08-12 19:20:39','Open',NULL,NULL,NULL),(68,69,69,NULL,'2015-08-12 19:20:42','2015-08-12 19:20:42','Open',NULL,NULL,NULL),(69,70,70,NULL,'2015-08-12 19:20:44','2015-08-12 19:20:44','Open',NULL,NULL,NULL),(70,71,71,NULL,'2015-08-12 19:20:47','2015-08-12 19:20:47','Open',NULL,NULL,NULL),(71,72,72,NULL,'2015-08-12 19:48:32','2015-08-12 19:48:32','Open',NULL,NULL,NULL),(72,73,73,NULL,'2015-08-12 19:48:37','2015-08-12 19:48:37','Open',NULL,NULL,NULL),(73,74,74,NULL,'2015-08-12 19:48:40','2015-08-12 19:48:40','Open',NULL,NULL,NULL),(74,75,75,NULL,'2015-08-12 19:48:42','2015-08-12 19:48:42','Open',NULL,NULL,NULL),(75,76,76,NULL,'2015-08-12 19:48:46','2015-08-12 19:48:46','Open',NULL,NULL,NULL),(76,77,77,NULL,'2015-08-12 19:48:49','2015-08-12 19:48:49','Open',NULL,NULL,NULL),(77,78,78,NULL,'2015-08-12 19:48:51','2015-08-12 19:48:51','Open',NULL,NULL,NULL),(78,79,79,NULL,'2015-08-12 19:48:54','2015-08-12 19:48:54','Open',NULL,NULL,NULL),(79,80,80,NULL,'2015-08-12 19:53:09','2015-08-12 19:53:09','Open',NULL,NULL,NULL),(80,81,81,NULL,'2015-08-12 19:53:13','2015-08-12 19:53:13','Open',NULL,NULL,NULL),(81,82,82,NULL,'2015-08-12 19:53:18','2015-08-12 19:53:18','Open',NULL,NULL,NULL),(82,83,83,NULL,'2015-08-12 19:53:20','2015-08-12 19:53:20','Open',NULL,NULL,NULL),(83,84,84,NULL,'2015-08-12 19:53:25','2015-08-12 19:53:25','Open',NULL,NULL,NULL),(84,85,85,NULL,'2015-08-12 19:53:29','2015-08-12 19:53:29','Open',NULL,NULL,NULL),(85,86,86,NULL,'2015-08-12 19:53:32','2015-08-12 19:53:32','Open',NULL,NULL,NULL),(86,87,87,NULL,'2015-08-12 19:53:36','2015-08-12 19:53:36','Open',NULL,NULL,NULL),(87,88,88,NULL,'2015-08-12 20:16:33','2015-08-12 20:16:33','Open',NULL,NULL,NULL),(88,89,89,NULL,'2015-08-12 20:16:36','2015-08-12 20:16:36','Open',NULL,NULL,NULL),(89,90,90,NULL,'2015-08-12 20:16:40','2015-08-12 20:16:40','Open',NULL,NULL,NULL),(90,91,91,NULL,'2015-08-12 20:16:43','2015-08-12 20:16:43','Open',NULL,NULL,NULL),(91,92,92,NULL,'2015-08-12 20:16:46','2015-08-12 20:16:46','Open',NULL,NULL,NULL),(92,93,93,NULL,'2015-08-12 20:16:48','2015-08-12 20:16:48','Open',NULL,NULL,NULL),(93,94,94,NULL,'2015-08-12 20:16:51','2015-08-12 20:16:51','Open',NULL,NULL,NULL),(94,95,95,NULL,'2015-08-12 20:16:53','2015-08-12 20:16:53','Open',NULL,NULL,NULL),(95,96,96,NULL,'2015-08-12 20:34:19','2015-08-12 20:34:19','Open',NULL,NULL,NULL),(96,97,97,NULL,'2015-08-12 20:34:24','2015-08-12 20:34:24','Open',NULL,NULL,NULL),(97,98,98,NULL,'2015-08-12 20:34:27','2015-08-12 20:34:27','Open',NULL,NULL,NULL),(98,99,99,NULL,'2015-08-12 20:34:30','2015-08-12 20:34:30','Open',NULL,NULL,NULL),(99,100,100,NULL,'2015-08-12 20:34:33','2015-08-12 20:34:33','Open',NULL,NULL,NULL),(100,101,101,NULL,'2015-08-12 20:34:36','2015-08-12 20:34:36','Open',NULL,NULL,NULL),(101,102,102,NULL,'2015-08-12 20:34:39','2015-08-12 20:34:39','Open',NULL,NULL,NULL),(102,103,103,NULL,'2015-08-12 20:34:42','2015-08-12 20:34:42','Open',NULL,NULL,NULL),(103,104,104,NULL,'2015-08-14 18:53:48','2015-08-14 18:53:48','Open',NULL,NULL,NULL),(104,105,105,NULL,'2015-08-14 18:53:51','2015-08-14 18:53:51','Open',NULL,NULL,NULL),(105,106,106,NULL,'2015-08-14 18:53:53','2015-08-14 18:53:53','Open',NULL,NULL,NULL),(106,107,107,NULL,'2015-08-14 18:53:55','2015-08-14 18:53:55','Open',NULL,NULL,NULL),(107,108,108,NULL,'2015-08-14 18:53:58','2015-08-14 18:53:58','Open',NULL,NULL,NULL),(108,109,109,NULL,'2015-08-14 18:54:01','2015-08-14 18:54:01','Open',NULL,NULL,NULL),(109,110,110,NULL,'2015-08-14 18:54:03','2015-08-14 18:54:03','Open',NULL,NULL,NULL),(110,111,111,NULL,'2015-08-14 18:54:05','2015-08-14 18:54:05','Open',NULL,NULL,NULL),(111,112,112,NULL,'2015-08-14 19:02:26','2015-08-14 19:02:26','Open',NULL,NULL,NULL),(112,113,113,NULL,'2015-08-14 19:02:28','2015-08-14 19:02:28','Open',NULL,NULL,NULL),(113,114,114,NULL,'2015-08-14 19:02:31','2015-08-14 19:02:31','Open',NULL,NULL,NULL),(114,115,115,NULL,'2015-08-14 19:02:33','2015-08-14 19:02:33','Open',NULL,NULL,NULL),(115,116,116,NULL,'2015-08-14 19:02:35','2015-08-14 19:02:35','Open',NULL,NULL,NULL),(116,117,117,NULL,'2015-08-14 19:02:37','2015-08-14 19:02:37','Open',NULL,NULL,NULL),(117,118,118,NULL,'2015-08-14 19:02:39','2015-08-14 19:02:39','Open',NULL,NULL,NULL),(118,119,119,NULL,'2015-08-14 19:02:41','2015-08-14 19:02:41','Open',NULL,NULL,NULL),(119,120,120,NULL,'2015-08-14 22:36:15','2015-08-14 22:36:15','Open',NULL,NULL,NULL),(120,121,121,NULL,'2015-08-14 22:36:18','2015-08-14 22:36:18','Open',NULL,NULL,NULL),(121,122,122,NULL,'2015-08-14 22:36:20','2015-08-14 22:36:20','Open',NULL,NULL,NULL),(122,123,123,NULL,'2015-08-14 22:36:22','2015-08-14 22:36:22','Open',NULL,NULL,NULL),(123,124,124,NULL,'2015-08-14 22:36:24','2015-08-14 22:36:24','Open',NULL,NULL,NULL),(124,125,125,NULL,'2015-08-14 22:36:27','2015-08-14 22:36:27','Open',NULL,NULL,NULL),(125,126,126,NULL,'2015-08-14 22:36:30','2015-08-14 22:36:30','Open',NULL,NULL,NULL),(126,127,127,NULL,'2015-08-14 22:36:32','2015-08-14 22:36:32','Open',NULL,NULL,NULL),(127,129,129,NULL,'2015-08-14 23:19:34','2015-08-14 23:19:34','Open',NULL,NULL,NULL),(128,130,130,NULL,'2015-08-14 23:19:39','2015-08-14 23:19:39','Open',NULL,NULL,NULL),(129,131,131,NULL,'2015-08-14 23:19:44','2015-08-14 23:19:44','Open',NULL,NULL,NULL),(130,132,132,NULL,'2015-08-14 23:19:48','2015-08-14 23:19:48','Open',NULL,NULL,NULL),(131,133,133,NULL,'2015-08-14 23:19:53','2015-08-14 23:19:53','Open',NULL,NULL,NULL),(132,134,134,NULL,'2015-08-14 23:19:59','2015-08-14 23:19:59','Open',NULL,NULL,NULL),(133,135,135,NULL,'2015-08-14 23:20:03','2015-08-14 23:20:03','Open',NULL,NULL,NULL),(134,136,136,NULL,'2015-08-14 23:20:08','2015-08-14 23:20:08','Open',NULL,NULL,NULL),(135,138,138,NULL,'2015-08-15 00:48:52','2015-08-15 00:48:52','Open',NULL,NULL,NULL),(136,139,139,NULL,'2015-08-15 00:48:54','2015-08-15 00:48:54','Open',NULL,NULL,NULL),(137,140,140,NULL,'2015-08-15 00:48:57','2015-08-15 00:48:57','Open',NULL,NULL,NULL),(138,141,141,NULL,'2015-08-15 00:48:59','2015-08-15 00:48:59','Open',NULL,NULL,NULL),(139,142,142,NULL,'2015-08-15 00:49:01','2015-08-15 00:49:01','Open',NULL,NULL,NULL),(140,143,143,NULL,'2015-08-15 00:49:04','2015-08-15 00:49:04','Open',NULL,NULL,NULL),(141,144,144,NULL,'2015-08-15 00:49:06','2015-08-15 00:49:06','Open',NULL,NULL,NULL),(142,145,145,NULL,'2015-08-15 00:49:08','2015-08-15 00:49:08','Open',NULL,NULL,NULL),(143,146,146,NULL,'2015-08-15 00:51:52','2015-08-15 00:51:52','Open',NULL,NULL,NULL),(144,147,147,NULL,'2015-08-15 00:51:55','2015-08-15 00:51:55','Open',NULL,NULL,NULL),(145,148,148,NULL,'2015-08-15 00:51:59','2015-08-15 00:51:59','Open',NULL,NULL,NULL),(146,149,149,NULL,'2015-08-15 00:52:01','2015-08-15 00:52:01','Open',NULL,NULL,NULL),(147,150,150,NULL,'2015-08-15 00:52:03','2015-08-15 00:52:03','Open',NULL,NULL,NULL),(148,151,151,NULL,'2015-08-15 00:52:06','2015-08-15 00:52:06','Open',NULL,NULL,NULL),(149,152,152,NULL,'2015-08-15 00:52:08','2015-08-15 00:52:08','Open',NULL,NULL,NULL),(150,153,153,NULL,'2015-08-15 00:52:10','2015-08-15 00:52:10','Open',NULL,NULL,NULL),(151,154,154,NULL,'2015-08-15 00:56:36','2015-08-15 00:56:36','Open',NULL,NULL,NULL),(152,155,155,NULL,'2015-08-15 00:56:39','2015-08-15 00:56:39','Open',NULL,NULL,NULL),(153,156,156,NULL,'2015-08-15 00:56:41','2015-08-15 00:56:41','Open',NULL,NULL,NULL),(154,157,157,NULL,'2015-08-15 00:56:43','2015-08-15 00:56:43','Open',NULL,NULL,NULL),(155,158,158,NULL,'2015-08-15 00:56:46','2015-08-15 00:56:46','Open',NULL,NULL,NULL),(156,159,159,NULL,'2015-08-15 00:56:49','2015-08-15 00:56:49','Open',NULL,NULL,NULL),(157,160,160,NULL,'2015-08-15 00:56:51','2015-08-15 00:56:51','Open',NULL,NULL,NULL),(158,161,161,NULL,'2015-08-15 00:56:53','2015-08-15 00:56:53','Open',NULL,NULL,NULL),(159,162,162,NULL,'2015-08-15 00:58:35','2015-08-15 00:58:35','Open',NULL,NULL,NULL),(160,163,163,NULL,'2015-08-15 00:58:38','2015-08-15 00:58:38','Open',NULL,NULL,NULL),(161,164,164,NULL,'2015-08-15 00:58:40','2015-08-15 00:58:40','Open',NULL,NULL,NULL),(162,165,165,NULL,'2015-08-15 00:58:42','2015-08-15 00:58:42','Open',NULL,NULL,NULL),(163,166,166,NULL,'2015-08-15 00:58:45','2015-08-15 00:58:45','Open',NULL,NULL,NULL),(164,167,167,NULL,'2015-08-15 00:58:47','2015-08-15 00:58:47','Open',NULL,NULL,NULL),(165,168,168,NULL,'2015-08-15 00:58:49','2015-08-15 00:58:49','Open',NULL,NULL,NULL),(166,169,169,NULL,'2015-08-15 00:58:52','2015-08-15 00:58:52','Open',NULL,NULL,NULL),(167,170,170,NULL,'2015-08-15 00:58:54','2015-08-15 00:58:54','Open',NULL,NULL,NULL),(168,171,171,NULL,'2015-08-17 18:56:03','2015-08-17 18:56:03','Open',NULL,NULL,NULL),(169,172,172,NULL,'2015-08-17 18:56:05','2015-08-17 18:56:05','Open',NULL,NULL,NULL),(170,173,173,NULL,'2015-08-17 18:56:08','2015-08-17 18:56:08','Open',NULL,NULL,NULL),(171,174,174,NULL,'2015-08-17 18:56:10','2015-08-17 18:56:10','Open',NULL,NULL,NULL),(172,175,175,NULL,'2015-08-17 18:56:13','2015-08-17 18:56:13','Open',NULL,NULL,NULL),(173,176,176,NULL,'2015-08-17 18:56:15','2015-08-17 18:56:15','Open',NULL,NULL,NULL),(174,177,177,NULL,'2015-08-17 18:56:17','2015-08-17 18:56:17','Open',NULL,NULL,NULL),(175,178,178,NULL,'2015-08-17 18:56:20','2015-08-17 18:56:20','Open',NULL,NULL,NULL),(176,179,179,NULL,'2015-08-17 18:56:24','2015-08-17 18:56:24','Open',NULL,NULL,NULL),(177,180,180,NULL,'2015-08-17 20:19:17','2015-08-17 20:19:17','Open',NULL,NULL,NULL),(178,181,181,NULL,'2015-08-17 20:19:20','2015-08-17 20:19:20','Open',NULL,NULL,NULL),(179,182,182,NULL,'2015-08-17 20:19:24','2015-08-17 20:19:24','Open',NULL,NULL,NULL),(180,183,183,NULL,'2015-08-17 20:19:26','2015-08-17 20:19:26','Open',NULL,NULL,NULL),(181,184,184,NULL,'2015-08-17 20:19:28','2015-08-17 20:19:28','Open',NULL,NULL,NULL),(182,185,185,NULL,'2015-08-17 20:19:31','2015-08-17 20:19:31','Open',NULL,NULL,NULL),(183,186,186,NULL,'2015-08-17 20:19:33','2015-08-17 20:19:33','Open',NULL,NULL,NULL),(184,187,187,NULL,'2015-08-17 20:19:35','2015-08-17 20:19:35','Open',NULL,NULL,NULL),(185,188,188,NULL,'2015-08-17 20:19:38','2015-08-17 20:19:38','Open',NULL,NULL,NULL),(186,189,189,NULL,'2015-08-17 20:38:22','2015-08-17 20:38:22','Open',NULL,NULL,NULL),(187,190,190,NULL,'2015-08-17 20:38:25','2015-08-17 20:38:25','Open',NULL,NULL,NULL),(188,191,191,NULL,'2015-08-17 20:38:28','2015-08-17 20:38:28','Open',NULL,NULL,NULL),(189,192,192,NULL,'2015-08-17 20:38:29','2015-08-17 20:38:29','Open',NULL,NULL,NULL),(190,193,193,NULL,'2015-08-17 20:38:33','2015-08-17 20:38:33','Open',NULL,NULL,NULL),(191,194,194,NULL,'2015-08-17 20:38:35','2015-08-17 20:38:35','Open',NULL,NULL,NULL),(192,195,195,NULL,'2015-08-17 20:38:37','2015-08-17 20:38:37','Open',NULL,NULL,NULL),(193,196,196,NULL,'2015-08-17 20:38:40','2015-08-17 20:38:40','Open',NULL,NULL,NULL),(194,197,197,NULL,'2015-08-17 20:38:43','2015-08-17 20:38:43','Open',NULL,NULL,NULL),(195,198,198,NULL,'2015-08-17 20:53:00','2015-08-17 20:53:00','Open',NULL,NULL,NULL),(196,199,199,NULL,'2015-08-17 20:53:03','2015-08-17 20:53:03','Open',NULL,NULL,NULL),(197,200,200,NULL,'2015-08-17 20:53:05','2015-08-17 20:53:05','Open',NULL,NULL,NULL),(198,201,201,NULL,'2015-08-17 20:53:07','2015-08-17 20:53:07','Open',NULL,NULL,NULL),(199,202,202,NULL,'2015-08-17 20:53:11','2015-08-17 20:53:11','Open',NULL,NULL,NULL),(200,203,203,NULL,'2015-08-17 20:53:14','2015-08-17 20:53:14','Open',NULL,NULL,NULL),(201,204,204,NULL,'2015-08-17 20:53:17','2015-08-17 20:53:17','Open',NULL,NULL,NULL),(202,205,205,NULL,'2015-08-17 20:53:19','2015-08-17 20:53:19','Open',NULL,NULL,NULL),(203,206,206,NULL,'2015-08-17 20:53:22','2015-08-17 20:53:22','Open',NULL,NULL,NULL),(204,207,207,NULL,'2015-08-17 21:06:08','2015-08-17 21:06:08','Open',NULL,NULL,NULL),(205,208,208,NULL,'2015-08-17 21:26:23','2015-08-17 21:26:23','Open',NULL,NULL,NULL),(206,209,209,NULL,'2015-08-17 21:26:26','2015-08-17 21:26:26','Open',NULL,NULL,NULL),(207,210,210,NULL,'2015-08-17 21:26:28','2015-08-17 21:26:28','Open',NULL,NULL,NULL),(208,211,211,NULL,'2015-08-17 21:26:30','2015-08-17 21:26:30','Open',NULL,NULL,NULL),(209,212,212,NULL,'2015-08-17 21:26:34','2015-08-17 21:26:34','Open',NULL,NULL,NULL),(210,213,213,NULL,'2015-08-17 21:26:36','2015-08-17 21:26:36','Open',NULL,NULL,NULL),(211,214,214,NULL,'2015-08-17 21:26:39','2015-08-17 21:26:39','Open',NULL,NULL,NULL),(212,215,215,NULL,'2015-08-17 21:26:41','2015-08-17 21:26:41','Open',NULL,NULL,NULL),(213,216,216,NULL,'2015-08-17 21:26:44','2015-08-17 21:26:44','Open',NULL,NULL,NULL),(214,217,217,NULL,'2015-08-17 21:32:38','2015-08-17 21:32:38','Open',NULL,NULL,NULL),(215,218,218,NULL,'2015-08-17 21:32:41','2015-08-17 21:32:41','Open',NULL,NULL,NULL),(216,219,219,NULL,'2015-08-17 21:32:44','2015-08-17 21:32:44','Open',NULL,NULL,NULL),(217,220,220,NULL,'2015-08-17 21:32:46','2015-08-17 21:32:46','Open',NULL,NULL,NULL),(218,221,221,NULL,'2015-08-17 21:32:51','2015-08-17 21:32:51','Open',NULL,NULL,NULL),(219,222,222,NULL,'2015-08-17 21:32:54','2015-08-17 21:32:54','Open',NULL,NULL,NULL),(220,223,223,NULL,'2015-08-17 21:32:56','2015-08-17 21:32:56','Open',NULL,NULL,NULL),(221,224,224,NULL,'2015-08-17 21:32:59','2015-08-17 21:32:59','Open',NULL,NULL,NULL),(222,225,225,NULL,'2015-08-17 21:33:03','2015-08-17 21:33:03','Open',NULL,NULL,NULL),(223,226,226,NULL,'2015-08-17 21:36:24','2015-08-17 21:36:24','Open',NULL,NULL,NULL),(224,227,227,NULL,'2015-08-17 21:36:37','2015-08-17 21:36:37','Open',NULL,NULL,NULL),(225,228,228,NULL,'2015-08-17 21:36:49','2015-08-17 21:36:49','Open',NULL,NULL,NULL),(226,229,229,NULL,'2015-08-17 21:36:51','2015-08-17 21:36:51','Open',NULL,NULL,NULL),(227,230,230,NULL,'2015-08-17 21:36:53','2015-08-17 21:36:53','Open',NULL,NULL,NULL),(228,231,231,NULL,'2015-08-17 21:36:56','2015-08-17 21:36:56','Open',NULL,NULL,NULL),(229,232,232,NULL,'2015-08-17 21:36:58','2015-08-17 21:36:58','Open',NULL,NULL,NULL),(230,233,233,NULL,'2015-08-17 21:37:01','2015-08-17 21:37:01','Open',NULL,NULL,NULL),(231,234,234,NULL,'2015-08-17 21:37:08','2015-08-17 21:37:08','Open',NULL,NULL,NULL),(232,235,235,NULL,'2015-08-17 21:39:50','2015-08-17 21:39:50','Open',NULL,NULL,NULL),(233,236,236,NULL,'2015-08-17 21:39:52','2015-08-17 21:39:52','Open',NULL,NULL,NULL),(234,237,237,NULL,'2015-08-17 21:39:55','2015-08-17 21:39:55','Open',NULL,NULL,NULL),(235,238,238,NULL,'2015-08-17 21:39:57','2015-08-17 21:39:57','Open',NULL,NULL,NULL),(236,239,239,NULL,'2015-08-17 21:40:02','2015-08-17 21:40:02','Open',NULL,NULL,NULL),(237,240,240,NULL,'2015-08-17 21:40:08','2015-08-17 21:40:08','Open',NULL,NULL,NULL),(238,241,241,NULL,'2015-08-17 21:40:11','2015-08-17 21:40:11','Open',NULL,NULL,NULL),(239,242,242,NULL,'2015-08-17 21:40:15','2015-08-17 21:40:15','Open',NULL,NULL,NULL),(240,243,243,NULL,'2015-08-17 21:40:19','2015-08-17 21:40:19','Open',NULL,NULL,NULL);
/*!40000 ALTER TABLE `OrderStatusLog` ENABLE KEYS */;
UNLOCK TABLES;

--
-- Table structure for table `PendingOrder`
--

DROP TABLE IF EXISTS `PendingOrder`;
/*!40101 SET @saved_cs_client     = @@character_set_client */;
/*!40101 SET character_set_client = utf8 */;
CREATE TABLE `PendingOrder` (
  `pk_PendingOrder` int(11) NOT NULL AUTO_INCREMENT,
  `created_at` timestamp NULL DEFAULT CURRENT_TIMESTAMP,
  `updated_at` timestamp NULL DEFAULT NULL ON UPDATE CURRENT_TIMESTAMP,
  `deleted_at` timestamp NULL DEFAULT NULL,
  `fk_User` int(11) DEFAULT NULL,
  `fk_Order` int(11) DEFAULT NULL,
  `order_json` text COLLATE utf8_unicode_ci,
  PRIMARY KEY (`pk_PendingOrder`),
  KEY `idx_fk_User` (`fk_User`)
) ENGINE=InnoDB AUTO_INCREMENT=279 DEFAULT CHARSET=utf8 COLLATE=utf8_unicode_ci;
/*!40101 SET character_set_client = @saved_cs_client */;

--
-- Dumping data for table `PendingOrder`
--

LOCK TABLES `PendingOrder` WRITE;
/*!40000 ALTER TABLE `PendingOrder` DISABLE KEYS */;
INSERT INTO `PendingOrder` VALUES (1,'2015-07-22 22:40:27','2015-07-22 22:40:27',NULL,1,NULL,'{\"OrderItems\":[{\"item_type\":\"CustomerBentoBox\",\"items\":[{\"id\":1,\"type\":\"main\"},{\"id\":2,\"type\":\"side1\"}]}],\"OrderDetails\":{\"address\":{\"number\":\"1111\",\"street\":\"Kearny st.\",\"city\":\"San Francisco\",\"state\":\"CA\",\"zip\":\"94133\"},\"coords\":{\"lat\":\"37.798220\",\"long\":\"-122.405606\"},\"tax_cents\":137,\"tip_cents\":200,\"total_cents\":\"1537\"},\"Stripe\":{\"stripeToken\":\"badToken!\"}}'),(2,'2015-07-22 22:40:28','2015-07-22 22:40:29','2015-07-22 22:40:29',6,1,'{\"OrderItems\":[{\"item_type\":\"CustomerBentoBox\",\"items\":[{\"id\":1,\"type\":\"main\"},{\"id\":2,\"type\":\"side1\"}]},{\"item_type\":\"CustomerBentoBox\",\"items\":[{\"id\":1,\"type\":\"main\"},{\"id\":2,\"type\":\"side1\"}]}],\"OrderDetails\":{\"address\":{\"number\":\"1111\",\"street\":\"Kearny st.\",\"city\":\"San Francisco\",\"state\":\"CA\",\"zip\":\"94133\"},\"coords\":{\"lat\":\"37.798220\",\"long\":\"-122.405606\"},\"tax_cents\":137,\"tip_cents\":200,\"total_cents\":\"1537\"},\"Stripe\":{\"stripeToken\":null}}'),(3,'2015-07-22 22:40:31','2015-07-22 22:40:31','2015-07-22 22:40:31',6,2,'{\"OrderItems\":[{\"item_type\":\"CustomerBentoBox\",\"items\":[{\"id\":1,\"type\":\"main\"},{\"id\":2,\"type\":\"side1\"}]}],\"OrderDetails\":{\"address\":{\"number\":\"1111998883\",\"street\":\"Kearny st.\",\"city\":\"San Francisco\",\"state\":\"CA\",\"zip\":\"94199\"},\"coords\":{\"lat\":\"37.798220\",\"long\":\"-122.405606\"},\"tax_cents\":137,\"tip_cents\":200,\"total_cents\":\"1537\"},\"Stripe\":{\"stripeToken\":null}}'),(4,'2015-07-22 22:40:33','2015-07-22 22:40:34','2015-07-22 22:40:34',6,3,'{\"OrderItems\":[{\"item_type\":\"CustomerBentoBox\",\"items\":[{\"id\":1,\"type\":\"main\",\"name\":\"Soba Noodles with \\\"Chick\'n\\\"\"},{\"id\":2,\"type\":\"side1\",\"name\":\"Soba Noodles with \\\"Chick\'n\\\"\"}]}],\"OrderDetails\":{\"address\":{\"number\":\"\",\"street\":\"Kearny st.\",\"city\":\"\",\"state\":\"CA\",\"zip\":\"94199\"},\"coords\":{\"lat\":\"37.798220\",\"long\":\"-122.405606\"},\"tax_cents\":137,\"tip_cents\":200,\"total_cents\":\"1537\"},\"Stripe\":{\"stripeToken\":null}}'),(5,'2015-07-22 22:40:36','2015-07-22 22:40:37','2015-07-22 22:40:37',6,4,'{\"OrderItems\":[{\"item_type\":\"CustomerBentoBox\",\"items\":[{\"id\":1,\"type\":\"main\"},{\"id\":2,\"type\":\"side1\"}]}],\"OrderDetails\":{\"address\":{\"number\":\"706\",\"street\":\"Buchanan Street\",\"city\":\"San Francisco\",\"state\":\"CA\",\"zip\":\"94102\"},\"coords\":{\"lat\":\"37.798220\",\"long\":\"-122.405606\"},\"tax_cents\":137,\"tip_cents\":200,\"total_cents\":\"1537\"},\"Stripe\":{\"stripeToken\":null}}'),(6,'2015-07-22 22:40:39','2015-07-22 22:40:39','2015-07-22 22:40:39',2,5,'{\"OrderItems\":[{\"item_type\":\"CustomerBentoBox\",\"items\":[{\"id\":1,\"type\":\"main\"},{\"id\":2,\"type\":\"side1\"}]}],\"OrderDetails\":{\"address\":{\"number\":\"1111\",\"street\":\"Kearny st.\",\"city\":\"San Francisco\",\"state\":\"CA\",\"zip\":\"94133\"},\"coords\":{\"lat\":\"37.798220\",\"long\":\"-122.405606\"},\"tax_cents\":137,\"tip_cents\":200,\"total_cents\":\"1537\"},\"Stripe\":{\"stripeToken\":null}}'),(7,'2015-07-22 22:40:41','2015-07-22 22:40:41','2015-07-22 22:40:41',6,6,'{\"OrderItems\":[{\"item_type\":\"CustomerBentoBox\",\"items\":[{\"id\":1,\"type\":\"main\"},{\"id\":2,\"type\":\"side1\"}]}],\"OrderDetails\":{\"address\":{\"number\":\"1111\",\"street\":\"Kearny st.\",\"city\":\"San Francisco\",\"state\":\"CA\",\"zip\":\"94133\"},\"coords\":{\"lat\":\"37.798220\",\"long\":\"-122.405606\"},\"tax_cents\":137,\"tip_cents\":200,\"total_cents\":\"000\"},\"Stripe\":{\"stripeToken\":null}}'),(8,'2015-07-22 22:40:43','2015-07-22 22:40:43','2015-07-22 22:40:43',4,7,'{\"OrderItems\":[{\"item_type\":\"CustomerBentoBox\",\"items\":[{\"id\":1,\"type\":\"main\"},{\"id\":2,\"type\":\"side1\"}]}],\"OrderDetails\":{\"address\":{\"number\":\"1111\",\"street\":\"Kearny st.\",\"city\":\"San Francisco\",\"state\":\"CA\",\"zip\":\"94133\"},\"coords\":{\"lat\":\"37.798220\",\"long\":\"-122.405606\"},\"tax_cents\":137,\"tip_cents\":200,\"total_cents\":\"000\"},\"Stripe\":{\"stripeToken\":null}}'),(9,'2015-07-22 22:44:19','2015-07-22 22:44:19',NULL,1,NULL,'{\"OrderItems\":[{\"item_type\":\"CustomerBentoBox\",\"items\":[{\"id\":1,\"type\":\"main\"},{\"id\":2,\"type\":\"side1\"}]}],\"OrderDetails\":{\"address\":{\"number\":\"1111\",\"street\":\"Kearny st.\",\"city\":\"San Francisco\",\"state\":\"CA\",\"zip\":\"94133\"},\"coords\":{\"lat\":\"37.798220\",\"long\":\"-122.405606\"},\"tax_cents\":137,\"tip_cents\":200,\"total_cents\":\"1537\"},\"Stripe\":{\"stripeToken\":\"badToken!\"}}'),(10,'2015-07-22 22:44:20','2015-07-22 22:44:21','2015-07-22 22:44:21',6,8,'{\"OrderItems\":[{\"item_type\":\"CustomerBentoBox\",\"items\":[{\"id\":1,\"type\":\"main\"},{\"id\":2,\"type\":\"side1\"}]},{\"item_type\":\"CustomerBentoBox\",\"items\":[{\"id\":1,\"type\":\"main\"},{\"id\":2,\"type\":\"side1\"}]}],\"OrderDetails\":{\"address\":{\"number\":\"1111\",\"street\":\"Kearny st.\",\"city\":\"San Francisco\",\"state\":\"CA\",\"zip\":\"94133\"},\"coords\":{\"lat\":\"37.798220\",\"long\":\"-122.405606\"},\"tax_cents\":137,\"tip_cents\":200,\"total_cents\":\"1537\"},\"Stripe\":{\"stripeToken\":null}}'),(11,'2015-07-22 22:44:23','2015-07-22 22:44:23','2015-07-22 22:44:23',6,9,'{\"OrderItems\":[{\"item_type\":\"CustomerBentoBox\",\"items\":[{\"id\":1,\"type\":\"main\"},{\"id\":2,\"type\":\"side1\"}]}],\"OrderDetails\":{\"address\":{\"number\":\"1111998883\",\"street\":\"Kearny st.\",\"city\":\"San Francisco\",\"state\":\"CA\",\"zip\":\"94199\"},\"coords\":{\"lat\":\"37.798220\",\"long\":\"-122.405606\"},\"tax_cents\":137,\"tip_cents\":200,\"total_cents\":\"1537\"},\"Stripe\":{\"stripeToken\":null}}'),(12,'2015-07-22 22:44:25','2015-07-22 22:44:26','2015-07-22 22:44:26',6,10,'{\"OrderItems\":[{\"item_type\":\"CustomerBentoBox\",\"items\":[{\"id\":1,\"type\":\"main\",\"name\":\"Soba Noodles with \\\"Chick\'n\\\"\"},{\"id\":2,\"type\":\"side1\",\"name\":\"Soba Noodles with \\\"Chick\'n\\\"\"}]}],\"OrderDetails\":{\"address\":{\"number\":\"\",\"street\":\"Kearny st.\",\"city\":\"\",\"state\":\"CA\",\"zip\":\"94199\"},\"coords\":{\"lat\":\"37.798220\",\"long\":\"-122.405606\"},\"tax_cents\":137,\"tip_cents\":200,\"total_cents\":\"1537\"},\"Stripe\":{\"stripeToken\":null}}'),(13,'2015-07-22 22:44:28','2015-07-22 22:44:28','2015-07-22 22:44:28',6,11,'{\"OrderItems\":[{\"item_type\":\"CustomerBentoBox\",\"items\":[{\"id\":1,\"type\":\"main\"},{\"id\":2,\"type\":\"side1\"}]}],\"OrderDetails\":{\"address\":{\"number\":\"706\",\"street\":\"Buchanan Street\",\"city\":\"San Francisco\",\"state\":\"CA\",\"zip\":\"94102\"},\"coords\":{\"lat\":\"37.798220\",\"long\":\"-122.405606\"},\"tax_cents\":137,\"tip_cents\":200,\"total_cents\":\"1537\"},\"Stripe\":{\"stripeToken\":null}}'),(14,'2015-07-22 22:44:30','2015-07-22 22:44:30','2015-07-22 22:44:30',2,12,'{\"OrderItems\":[{\"item_type\":\"CustomerBentoBox\",\"items\":[{\"id\":1,\"type\":\"main\"},{\"id\":2,\"type\":\"side1\"}]}],\"OrderDetails\":{\"address\":{\"number\":\"1111\",\"street\":\"Kearny st.\",\"city\":\"San Francisco\",\"state\":\"CA\",\"zip\":\"94133\"},\"coords\":{\"lat\":\"37.798220\",\"long\":\"-122.405606\"},\"tax_cents\":137,\"tip_cents\":200,\"total_cents\":\"1537\"},\"Stripe\":{\"stripeToken\":null}}'),(15,'2015-07-22 22:44:32','2015-07-22 22:44:32','2015-07-22 22:44:32',6,13,'{\"OrderItems\":[{\"item_type\":\"CustomerBentoBox\",\"items\":[{\"id\":1,\"type\":\"main\"},{\"id\":2,\"type\":\"side1\"}]}],\"OrderDetails\":{\"address\":{\"number\":\"1111\",\"street\":\"Kearny st.\",\"city\":\"San Francisco\",\"state\":\"CA\",\"zip\":\"94133\"},\"coords\":{\"lat\":\"37.798220\",\"long\":\"-122.405606\"},\"tax_cents\":137,\"tip_cents\":200,\"total_cents\":\"000\"},\"Stripe\":{\"stripeToken\":null}}'),(16,'2015-07-22 22:44:35','2015-07-22 22:44:35','2015-07-22 22:44:35',4,14,'{\"OrderItems\":[{\"item_type\":\"CustomerBentoBox\",\"items\":[{\"id\":1,\"type\":\"main\"},{\"id\":2,\"type\":\"side1\"}]}],\"OrderDetails\":{\"address\":{\"number\":\"1111\",\"street\":\"Kearny st.\",\"city\":\"San Francisco\",\"state\":\"CA\",\"zip\":\"94133\"},\"coords\":{\"lat\":\"37.798220\",\"long\":\"-122.405606\"},\"tax_cents\":137,\"tip_cents\":200,\"total_cents\":\"000\"},\"Stripe\":{\"stripeToken\":null}}'),(17,'2015-07-23 23:02:19','2015-07-23 23:02:19',NULL,1,NULL,'{\"OrderItems\":[{\"item_type\":\"CustomerBentoBox\",\"items\":[{\"id\":1,\"type\":\"main\"},{\"id\":2,\"type\":\"side1\"}]}],\"OrderDetails\":{\"address\":{\"number\":\"1111\",\"street\":\"Kearny st.\",\"city\":\"San Francisco\",\"state\":\"CA\",\"zip\":\"94133\"},\"coords\":{\"lat\":\"37.798220\",\"long\":\"-122.405606\"},\"tax_cents\":137,\"tip_cents\":200,\"total_cents\":\"1537\"},\"Stripe\":{\"stripeToken\":\"badToken!\"}}'),(18,'2015-07-23 23:02:20','2015-07-23 23:02:21','2015-07-23 23:02:21',6,15,'{\"OrderItems\":[{\"item_type\":\"CustomerBentoBox\",\"items\":[{\"id\":1,\"type\":\"main\"},{\"id\":2,\"type\":\"side1\"}]},{\"item_type\":\"CustomerBentoBox\",\"items\":[{\"id\":1,\"type\":\"main\"},{\"id\":2,\"type\":\"side1\"}]}],\"OrderDetails\":{\"address\":{\"number\":\"1111\",\"street\":\"Kearny st.\",\"city\":\"San Francisco\",\"state\":\"CA\",\"zip\":\"94133\"},\"coords\":{\"lat\":\"37.798220\",\"long\":\"-122.405606\"},\"tax_cents\":137,\"tip_cents\":200,\"total_cents\":\"1537\"},\"Stripe\":{\"stripeToken\":null}}'),(19,'2015-07-23 23:02:23','2015-07-23 23:02:24','2015-07-23 23:02:24',6,16,'{\"OrderItems\":[{\"item_type\":\"CustomerBentoBox\",\"items\":[{\"id\":1,\"type\":\"main\"},{\"id\":2,\"type\":\"side1\"}]}],\"OrderDetails\":{\"address\":{\"number\":\"1111998883\",\"street\":\"Kearny st.\",\"city\":\"San Francisco\",\"state\":\"CA\",\"zip\":\"94199\"},\"coords\":{\"lat\":\"37.798220\",\"long\":\"-122.405606\"},\"tax_cents\":137,\"tip_cents\":200,\"total_cents\":\"1537\"},\"Stripe\":{\"stripeToken\":null}}'),(20,'2015-07-23 23:02:26','2015-07-23 23:02:26','2015-07-23 23:02:26',6,17,'{\"OrderItems\":[{\"item_type\":\"CustomerBentoBox\",\"items\":[{\"id\":1,\"type\":\"main\",\"name\":\"Soba Noodles with \\\"Chick\'n\\\"\"},{\"id\":2,\"type\":\"side1\",\"name\":\"Soba Noodles with \\\"Chick\'n\\\"\"}]}],\"OrderDetails\":{\"address\":{\"number\":\"\",\"street\":\"Kearny st.\",\"city\":\"\",\"state\":\"CA\",\"zip\":\"94199\"},\"coords\":{\"lat\":\"37.798220\",\"long\":\"-122.405606\"},\"tax_cents\":137,\"tip_cents\":200,\"total_cents\":\"1537\"},\"Stripe\":{\"stripeToken\":null}}'),(21,'2015-07-23 23:02:29','2015-07-23 23:02:29','2015-07-23 23:02:29',6,18,'{\"OrderItems\":[{\"item_type\":\"CustomerBentoBox\",\"items\":[{\"id\":1,\"type\":\"main\"},{\"id\":2,\"type\":\"side1\"}]}],\"OrderDetails\":{\"address\":{\"number\":\"706\",\"street\":\"Buchanan Street\",\"city\":\"San Francisco\",\"state\":\"CA\",\"zip\":\"94102\"},\"coords\":{\"lat\":\"37.798220\",\"long\":\"-122.405606\"},\"tax_cents\":137,\"tip_cents\":200,\"total_cents\":\"1537\"},\"Stripe\":{\"stripeToken\":null}}'),(22,'2015-07-23 23:02:31','2015-07-23 23:02:32','2015-07-23 23:02:32',2,19,'{\"OrderItems\":[{\"item_type\":\"CustomerBentoBox\",\"items\":[{\"id\":1,\"type\":\"main\"},{\"id\":2,\"type\":\"side1\"}]}],\"OrderDetails\":{\"address\":{\"number\":\"1111\",\"street\":\"Kearny st.\",\"city\":\"San Francisco\",\"state\":\"CA\",\"zip\":\"94133\"},\"coords\":{\"lat\":\"37.798220\",\"long\":\"-122.405606\"},\"tax_cents\":137,\"tip_cents\":200,\"total_cents\":\"1537\"},\"Stripe\":{\"stripeToken\":null}}'),(23,'2015-07-23 23:02:34','2015-07-23 23:02:34','2015-07-23 23:02:34',6,20,'{\"OrderItems\":[{\"item_type\":\"CustomerBentoBox\",\"items\":[{\"id\":1,\"type\":\"main\"},{\"id\":2,\"type\":\"side1\"}]}],\"OrderDetails\":{\"address\":{\"number\":\"1111\",\"street\":\"Kearny st.\",\"city\":\"San Francisco\",\"state\":\"CA\",\"zip\":\"94133\"},\"coords\":{\"lat\":\"37.798220\",\"long\":\"-122.405606\"},\"tax_cents\":137,\"tip_cents\":200,\"total_cents\":\"000\"},\"Stripe\":{\"stripeToken\":null}}'),(24,'2015-07-23 23:02:36','2015-07-23 23:02:36','2015-07-23 23:02:36',4,21,'{\"OrderItems\":[{\"item_type\":\"CustomerBentoBox\",\"items\":[{\"id\":1,\"type\":\"main\"},{\"id\":2,\"type\":\"side1\"}]}],\"OrderDetails\":{\"address\":{\"number\":\"1111\",\"street\":\"Kearny st.\",\"city\":\"San Francisco\",\"state\":\"CA\",\"zip\":\"94133\"},\"coords\":{\"lat\":\"37.798220\",\"long\":\"-122.405606\"},\"tax_cents\":137,\"tip_cents\":200,\"total_cents\":\"000\"},\"Stripe\":{\"stripeToken\":null}}'),(25,'2015-07-23 23:22:11','2015-07-23 23:22:11',NULL,1,NULL,'{\"OrderItems\":[{\"item_type\":\"CustomerBentoBox\",\"items\":[{\"id\":1,\"type\":\"main\"},{\"id\":2,\"type\":\"side1\"}]}],\"OrderDetails\":{\"address\":{\"number\":\"1111\",\"street\":\"Kearny st.\",\"city\":\"San Francisco\",\"state\":\"CA\",\"zip\":\"94133\"},\"coords\":{\"lat\":\"37.798220\",\"long\":\"-122.405606\"},\"tax_cents\":137,\"tip_cents\":200,\"total_cents\":\"1537\"},\"Stripe\":{\"stripeToken\":\"badToken!\"}}'),(26,'2015-07-23 23:22:12','2015-07-23 23:22:13','2015-07-23 23:22:13',6,22,'{\"OrderItems\":[{\"item_type\":\"CustomerBentoBox\",\"items\":[{\"id\":1,\"type\":\"main\"},{\"id\":2,\"type\":\"side1\"}]},{\"item_type\":\"CustomerBentoBox\",\"items\":[{\"id\":1,\"type\":\"main\"},{\"id\":2,\"type\":\"side1\"}]}],\"OrderDetails\":{\"address\":{\"number\":\"1111\",\"street\":\"Kearny st.\",\"city\":\"San Francisco\",\"state\":\"CA\",\"zip\":\"94133\"},\"coords\":{\"lat\":\"37.798220\",\"long\":\"-122.405606\"},\"tax_cents\":137,\"tip_cents\":200,\"total_cents\":\"1537\"},\"Stripe\":{\"stripeToken\":null}}'),(27,'2015-07-23 23:22:15','2015-07-23 23:22:15','2015-07-23 23:22:15',6,23,'{\"OrderItems\":[{\"item_type\":\"CustomerBentoBox\",\"items\":[{\"id\":1,\"type\":\"main\"},{\"id\":2,\"type\":\"side1\"}]}],\"OrderDetails\":{\"address\":{\"number\":\"1111998883\",\"street\":\"Kearny st.\",\"city\":\"San Francisco\",\"state\":\"CA\",\"zip\":\"94199\"},\"coords\":{\"lat\":\"37.798220\",\"long\":\"-122.405606\"},\"tax_cents\":137,\"tip_cents\":200,\"total_cents\":\"1537\"},\"Stripe\":{\"stripeToken\":null}}'),(28,'2015-07-23 23:22:17','2015-07-23 23:22:18','2015-07-23 23:22:18',6,24,'{\"OrderItems\":[{\"item_type\":\"CustomerBentoBox\",\"items\":[{\"id\":1,\"type\":\"main\",\"name\":\"Soba Noodles with \\\"Chick\'n\\\"\"},{\"id\":2,\"type\":\"side1\",\"name\":\"Soba Noodles with \\\"Chick\'n\\\"\"}]}],\"OrderDetails\":{\"address\":{\"number\":\"\",\"street\":\"Kearny st.\",\"city\":\"\",\"state\":\"CA\",\"zip\":\"94199\"},\"coords\":{\"lat\":\"37.798220\",\"long\":\"-122.405606\"},\"tax_cents\":137,\"tip_cents\":200,\"total_cents\":\"1537\"},\"Stripe\":{\"stripeToken\":null}}'),(29,'2015-07-23 23:22:20','2015-07-23 23:22:20','2015-07-23 23:22:20',6,25,'{\"OrderItems\":[{\"item_type\":\"CustomerBentoBox\",\"items\":[{\"id\":1,\"type\":\"main\"},{\"id\":2,\"type\":\"side1\"}]}],\"OrderDetails\":{\"address\":{\"number\":\"706\",\"street\":\"Buchanan Street\",\"city\":\"San Francisco\",\"state\":\"CA\",\"zip\":\"94102\"},\"coords\":{\"lat\":\"37.798220\",\"long\":\"-122.405606\"},\"tax_cents\":137,\"tip_cents\":200,\"total_cents\":\"1537\"},\"Stripe\":{\"stripeToken\":null}}'),(30,'2015-07-23 23:22:22','2015-07-23 23:22:22','2015-07-23 23:22:22',2,26,'{\"OrderItems\":[{\"item_type\":\"CustomerBentoBox\",\"items\":[{\"id\":1,\"type\":\"main\"},{\"id\":2,\"type\":\"side1\"}]}],\"OrderDetails\":{\"address\":{\"number\":\"1111\",\"street\":\"Kearny st.\",\"city\":\"San Francisco\",\"state\":\"CA\",\"zip\":\"94133\"},\"coords\":{\"lat\":\"37.798220\",\"long\":\"-122.405606\"},\"tax_cents\":137,\"tip_cents\":200,\"total_cents\":\"1537\"},\"Stripe\":{\"stripeToken\":null}}'),(31,'2015-07-23 23:22:25','2015-07-23 23:22:25','2015-07-23 23:22:25',6,27,'{\"OrderItems\":[{\"item_type\":\"CustomerBentoBox\",\"items\":[{\"id\":1,\"type\":\"main\"},{\"id\":2,\"type\":\"side1\"}]}],\"OrderDetails\":{\"address\":{\"number\":\"1111\",\"street\":\"Kearny st.\",\"city\":\"San Francisco\",\"state\":\"CA\",\"zip\":\"94133\"},\"coords\":{\"lat\":\"37.798220\",\"long\":\"-122.405606\"},\"tax_cents\":137,\"tip_cents\":200,\"total_cents\":\"000\"},\"Stripe\":{\"stripeToken\":null}}'),(32,'2015-07-23 23:22:27','2015-07-23 23:22:27','2015-07-23 23:22:27',4,28,'{\"OrderItems\":[{\"item_type\":\"CustomerBentoBox\",\"items\":[{\"id\":1,\"type\":\"main\"},{\"id\":2,\"type\":\"side1\"}]}],\"OrderDetails\":{\"address\":{\"number\":\"1111\",\"street\":\"Kearny st.\",\"city\":\"San Francisco\",\"state\":\"CA\",\"zip\":\"94133\"},\"coords\":{\"lat\":\"37.798220\",\"long\":\"-122.405606\"},\"tax_cents\":137,\"tip_cents\":200,\"total_cents\":\"000\"},\"Stripe\":{\"stripeToken\":null}}'),(33,'2015-07-23 23:24:30','2015-07-23 23:24:30',NULL,1,NULL,'{\"OrderItems\":[{\"item_type\":\"CustomerBentoBox\",\"items\":[{\"id\":1,\"type\":\"main\"},{\"id\":2,\"type\":\"side1\"}]}],\"OrderDetails\":{\"address\":{\"number\":\"1111\",\"street\":\"Kearny st.\",\"city\":\"San Francisco\",\"state\":\"CA\",\"zip\":\"94133\"},\"coords\":{\"lat\":\"37.798220\",\"long\":\"-122.405606\"},\"tax_cents\":137,\"tip_cents\":200,\"total_cents\":\"1537\"},\"Stripe\":{\"stripeToken\":\"badToken!\"}}'),(34,'2015-07-23 23:24:31','2015-07-23 23:24:31','2015-07-23 23:24:31',6,29,'{\"OrderItems\":[{\"item_type\":\"CustomerBentoBox\",\"items\":[{\"id\":1,\"type\":\"main\"},{\"id\":2,\"type\":\"side1\"}]},{\"item_type\":\"CustomerBentoBox\",\"items\":[{\"id\":1,\"type\":\"main\"},{\"id\":2,\"type\":\"side1\"}]}],\"OrderDetails\":{\"address\":{\"number\":\"1111\",\"street\":\"Kearny st.\",\"city\":\"San Francisco\",\"state\":\"CA\",\"zip\":\"94133\"},\"coords\":{\"lat\":\"37.798220\",\"long\":\"-122.405606\"},\"tax_cents\":137,\"tip_cents\":200,\"total_cents\":\"1537\"},\"Stripe\":{\"stripeToken\":null}}'),(35,'2015-07-23 23:24:34','2015-07-23 23:24:34','2015-07-23 23:24:34',6,30,'{\"OrderItems\":[{\"item_type\":\"CustomerBentoBox\",\"items\":[{\"id\":1,\"type\":\"main\"},{\"id\":2,\"type\":\"side1\"}]}],\"OrderDetails\":{\"address\":{\"number\":\"1111998883\",\"street\":\"Kearny st.\",\"city\":\"San Francisco\",\"state\":\"CA\",\"zip\":\"94199\"},\"coords\":{\"lat\":\"37.798220\",\"long\":\"-122.405606\"},\"tax_cents\":137,\"tip_cents\":200,\"total_cents\":\"1537\"},\"Stripe\":{\"stripeToken\":null}}'),(36,'2015-07-23 23:24:36','2015-07-23 23:24:36','2015-07-23 23:24:36',6,31,'{\"OrderItems\":[{\"item_type\":\"CustomerBentoBox\",\"items\":[{\"id\":1,\"type\":\"main\",\"name\":\"Soba Noodles with \\\"Chick\'n\\\"\"},{\"id\":2,\"type\":\"side1\",\"name\":\"Soba Noodles with \\\"Chick\'n\\\"\"}]}],\"OrderDetails\":{\"address\":{\"number\":\"\",\"street\":\"Kearny st.\",\"city\":\"\",\"state\":\"CA\",\"zip\":\"94199\"},\"coords\":{\"lat\":\"37.798220\",\"long\":\"-122.405606\"},\"tax_cents\":137,\"tip_cents\":200,\"total_cents\":\"1537\"},\"Stripe\":{\"stripeToken\":null}}'),(37,'2015-07-23 23:24:38','2015-07-23 23:24:39','2015-07-23 23:24:39',6,32,'{\"OrderItems\":[{\"item_type\":\"CustomerBentoBox\",\"items\":[{\"id\":1,\"type\":\"main\"},{\"id\":2,\"type\":\"side1\"}]}],\"OrderDetails\":{\"address\":{\"number\":\"706\",\"street\":\"Buchanan Street\",\"city\":\"San Francisco\",\"state\":\"CA\",\"zip\":\"94102\"},\"coords\":{\"lat\":\"37.798220\",\"long\":\"-122.405606\"},\"tax_cents\":137,\"tip_cents\":200,\"total_cents\":\"1537\"},\"Stripe\":{\"stripeToken\":null}}'),(38,'2015-07-23 23:24:41','2015-07-23 23:24:41','2015-07-23 23:24:41',2,33,'{\"OrderItems\":[{\"item_type\":\"CustomerBentoBox\",\"items\":[{\"id\":1,\"type\":\"main\"},{\"id\":2,\"type\":\"side1\"}]}],\"OrderDetails\":{\"address\":{\"number\":\"1111\",\"street\":\"Kearny st.\",\"city\":\"San Francisco\",\"state\":\"CA\",\"zip\":\"94133\"},\"coords\":{\"lat\":\"37.798220\",\"long\":\"-122.405606\"},\"tax_cents\":137,\"tip_cents\":200,\"total_cents\":\"1537\"},\"Stripe\":{\"stripeToken\":null}}'),(39,'2015-07-23 23:24:43','2015-07-23 23:24:43','2015-07-23 23:24:43',6,34,'{\"OrderItems\":[{\"item_type\":\"CustomerBentoBox\",\"items\":[{\"id\":1,\"type\":\"main\"},{\"id\":2,\"type\":\"side1\"}]}],\"OrderDetails\":{\"address\":{\"number\":\"1111\",\"street\":\"Kearny st.\",\"city\":\"San Francisco\",\"state\":\"CA\",\"zip\":\"94133\"},\"coords\":{\"lat\":\"37.798220\",\"long\":\"-122.405606\"},\"tax_cents\":137,\"tip_cents\":200,\"total_cents\":\"000\"},\"Stripe\":{\"stripeToken\":null}}'),(40,'2015-07-23 23:24:46','2015-07-23 23:24:46','2015-07-23 23:24:46',4,35,'{\"OrderItems\":[{\"item_type\":\"CustomerBentoBox\",\"items\":[{\"id\":1,\"type\":\"main\"},{\"id\":2,\"type\":\"side1\"}]}],\"OrderDetails\":{\"address\":{\"number\":\"1111\",\"street\":\"Kearny st.\",\"city\":\"San Francisco\",\"state\":\"CA\",\"zip\":\"94133\"},\"coords\":{\"lat\":\"37.798220\",\"long\":\"-122.405606\"},\"tax_cents\":137,\"tip_cents\":200,\"total_cents\":\"000\"},\"Stripe\":{\"stripeToken\":null}}'),(41,'2015-07-23 23:30:41','2015-07-23 23:30:41',NULL,1,NULL,'{\"OrderItems\":[{\"item_type\":\"CustomerBentoBox\",\"items\":[{\"id\":1,\"type\":\"main\"},{\"id\":2,\"type\":\"side1\"}]}],\"OrderDetails\":{\"address\":{\"number\":\"1111\",\"street\":\"Kearny st.\",\"city\":\"San Francisco\",\"state\":\"CA\",\"zip\":\"94133\"},\"coords\":{\"lat\":\"37.798220\",\"long\":\"-122.405606\"},\"tax_cents\":137,\"tip_cents\":200,\"total_cents\":\"1537\"},\"Stripe\":{\"stripeToken\":\"badToken!\"}}'),(42,'2015-07-23 23:30:43','2015-07-23 23:30:43','2015-07-23 23:30:43',6,36,'{\"OrderItems\":[{\"item_type\":\"CustomerBentoBox\",\"items\":[{\"id\":1,\"type\":\"main\"},{\"id\":2,\"type\":\"side1\"}]},{\"item_type\":\"CustomerBentoBox\",\"items\":[{\"id\":1,\"type\":\"main\"},{\"id\":2,\"type\":\"side1\"}]}],\"OrderDetails\":{\"address\":{\"number\":\"1111\",\"street\":\"Kearny st.\",\"city\":\"San Francisco\",\"state\":\"CA\",\"zip\":\"94133\"},\"coords\":{\"lat\":\"37.798220\",\"long\":\"-122.405606\"},\"tax_cents\":137,\"tip_cents\":200,\"total_cents\":\"1537\"},\"Stripe\":{\"stripeToken\":null}}'),(43,'2015-07-23 23:30:45','2015-07-23 23:30:46','2015-07-23 23:30:46',6,37,'{\"OrderItems\":[{\"item_type\":\"CustomerBentoBox\",\"items\":[{\"id\":1,\"type\":\"main\"},{\"id\":2,\"type\":\"side1\"}]}],\"OrderDetails\":{\"address\":{\"number\":\"1111998883\",\"street\":\"Kearny st.\",\"city\":\"San Francisco\",\"state\":\"CA\",\"zip\":\"94199\"},\"coords\":{\"lat\":\"37.798220\",\"long\":\"-122.405606\"},\"tax_cents\":137,\"tip_cents\":200,\"total_cents\":\"1537\"},\"Stripe\":{\"stripeToken\":null}}'),(44,'2015-07-23 23:30:49','2015-07-23 23:30:50','2015-07-23 23:30:50',6,38,'{\"OrderItems\":[{\"item_type\":\"CustomerBentoBox\",\"items\":[{\"id\":1,\"type\":\"main\",\"name\":\"Soba Noodles with \\\"Chick\'n\\\"\"},{\"id\":2,\"type\":\"side1\",\"name\":\"Soba Noodles with \\\"Chick\'n\\\"\"}]}],\"OrderDetails\":{\"address\":{\"number\":\"\",\"street\":\"Kearny st.\",\"city\":\"\",\"state\":\"CA\",\"zip\":\"94199\"},\"coords\":{\"lat\":\"37.798220\",\"long\":\"-122.405606\"},\"tax_cents\":137,\"tip_cents\":200,\"total_cents\":\"1537\"},\"Stripe\":{\"stripeToken\":null}}'),(45,'2015-07-23 23:30:56','2015-07-23 23:30:56','2015-07-23 23:30:56',6,39,'{\"OrderItems\":[{\"item_type\":\"CustomerBentoBox\",\"items\":[{\"id\":1,\"type\":\"main\"},{\"id\":2,\"type\":\"side1\"}]}],\"OrderDetails\":{\"address\":{\"number\":\"706\",\"street\":\"Buchanan Street\",\"city\":\"San Francisco\",\"state\":\"CA\",\"zip\":\"94102\"},\"coords\":{\"lat\":\"37.798220\",\"long\":\"-122.405606\"},\"tax_cents\":137,\"tip_cents\":200,\"total_cents\":\"1537\"},\"Stripe\":{\"stripeToken\":null}}'),(46,'2015-07-23 23:30:59','2015-07-23 23:30:59','2015-07-23 23:30:59',2,40,'{\"OrderItems\":[{\"item_type\":\"CustomerBentoBox\",\"items\":[{\"id\":1,\"type\":\"main\"},{\"id\":2,\"type\":\"side1\"}]}],\"OrderDetails\":{\"address\":{\"number\":\"1111\",\"street\":\"Kearny st.\",\"city\":\"San Francisco\",\"state\":\"CA\",\"zip\":\"94133\"},\"coords\":{\"lat\":\"37.798220\",\"long\":\"-122.405606\"},\"tax_cents\":137,\"tip_cents\":200,\"total_cents\":\"1537\"},\"Stripe\":{\"stripeToken\":null}}'),(47,'2015-07-23 23:31:01','2015-07-23 23:31:01','2015-07-23 23:31:01',6,41,'{\"OrderItems\":[{\"item_type\":\"CustomerBentoBox\",\"items\":[{\"id\":1,\"type\":\"main\"},{\"id\":2,\"type\":\"side1\"}]}],\"OrderDetails\":{\"address\":{\"number\":\"1111\",\"street\":\"Kearny st.\",\"city\":\"San Francisco\",\"state\":\"CA\",\"zip\":\"94133\"},\"coords\":{\"lat\":\"37.798220\",\"long\":\"-122.405606\"},\"tax_cents\":137,\"tip_cents\":200,\"total_cents\":\"000\"},\"Stripe\":{\"stripeToken\":null}}'),(48,'2015-07-23 23:31:03','2015-07-23 23:31:03','2015-07-23 23:31:03',4,42,'{\"OrderItems\":[{\"item_type\":\"CustomerBentoBox\",\"items\":[{\"id\":1,\"type\":\"main\"},{\"id\":2,\"type\":\"side1\"}]}],\"OrderDetails\":{\"address\":{\"number\":\"1111\",\"street\":\"Kearny st.\",\"city\":\"San Francisco\",\"state\":\"CA\",\"zip\":\"94133\"},\"coords\":{\"lat\":\"37.798220\",\"long\":\"-122.405606\"},\"tax_cents\":137,\"tip_cents\":200,\"total_cents\":\"000\"},\"Stripe\":{\"stripeToken\":null}}'),(49,'2015-07-23 23:54:12','2015-07-23 23:54:12',NULL,1,NULL,'{\"OrderItems\":[{\"item_type\":\"CustomerBentoBox\",\"items\":[{\"id\":1,\"type\":\"main\"},{\"id\":2,\"type\":\"side1\"}]}],\"OrderDetails\":{\"address\":{\"number\":\"1111\",\"street\":\"Kearny st.\",\"city\":\"San Francisco\",\"state\":\"CA\",\"zip\":\"94133\"},\"coords\":{\"lat\":\"37.798220\",\"long\":\"-122.405606\"},\"tax_cents\":137,\"tip_cents\":200,\"total_cents\":\"1537\"},\"Stripe\":{\"stripeToken\":\"badToken!\"}}'),(50,'2015-07-23 23:54:14','2015-07-23 23:54:14','2015-07-23 23:54:14',6,43,'{\"OrderItems\":[{\"item_type\":\"CustomerBentoBox\",\"items\":[{\"id\":1,\"type\":\"main\"},{\"id\":2,\"type\":\"side1\"}]},{\"item_type\":\"CustomerBentoBox\",\"items\":[{\"id\":1,\"type\":\"main\"},{\"id\":2,\"type\":\"side1\"}]}],\"OrderDetails\":{\"address\":{\"number\":\"1111\",\"street\":\"Kearny st.\",\"city\":\"San Francisco\",\"state\":\"CA\",\"zip\":\"94133\"},\"coords\":{\"lat\":\"37.798220\",\"long\":\"-122.405606\"},\"tax_cents\":137,\"tip_cents\":200,\"total_cents\":\"1537\"},\"Stripe\":{\"stripeToken\":null}}'),(51,'2015-07-23 23:54:17','2015-07-23 23:54:18','2015-07-23 23:54:18',6,44,'{\"OrderItems\":[{\"item_type\":\"CustomerBentoBox\",\"items\":[{\"id\":1,\"type\":\"main\"},{\"id\":2,\"type\":\"side1\"}]}],\"OrderDetails\":{\"address\":{\"number\":\"1111998883\",\"street\":\"Kearny st.\",\"city\":\"San Francisco\",\"state\":\"CA\",\"zip\":\"94199\"},\"coords\":{\"lat\":\"37.798220\",\"long\":\"-122.405606\"},\"tax_cents\":137,\"tip_cents\":200,\"total_cents\":\"1537\"},\"Stripe\":{\"stripeToken\":null}}'),(52,'2015-07-23 23:54:20','2015-07-23 23:54:21','2015-07-23 23:54:21',6,45,'{\"OrderItems\":[{\"item_type\":\"CustomerBentoBox\",\"items\":[{\"id\":1,\"type\":\"main\",\"name\":\"Soba Noodles with \\\"Chick\'n\\\"\"},{\"id\":2,\"type\":\"side1\",\"name\":\"Soba Noodles with \\\"Chick\'n\\\"\"}]}],\"OrderDetails\":{\"address\":{\"number\":\"\",\"street\":\"Kearny st.\",\"city\":\"\",\"state\":\"CA\",\"zip\":\"94199\"},\"coords\":{\"lat\":\"37.798220\",\"long\":\"-122.405606\"},\"tax_cents\":137,\"tip_cents\":200,\"total_cents\":\"1537\"},\"Stripe\":{\"stripeToken\":null}}'),(53,'2015-07-23 23:54:23','2015-07-23 23:54:23','2015-07-23 23:54:23',6,46,'{\"OrderItems\":[{\"item_type\":\"CustomerBentoBox\",\"items\":[{\"id\":1,\"type\":\"main\"},{\"id\":2,\"type\":\"side1\"}]}],\"OrderDetails\":{\"address\":{\"number\":\"706\",\"street\":\"Buchanan Street\",\"city\":\"San Francisco\",\"state\":\"CA\",\"zip\":\"94102\"},\"coords\":{\"lat\":\"37.798220\",\"long\":\"-122.405606\"},\"tax_cents\":137,\"tip_cents\":200,\"total_cents\":\"1537\"},\"Stripe\":{\"stripeToken\":null}}'),(54,'2015-07-23 23:54:26','2015-07-23 23:54:26','2015-07-23 23:54:26',2,47,'{\"OrderItems\":[{\"item_type\":\"CustomerBentoBox\",\"items\":[{\"id\":1,\"type\":\"main\"},{\"id\":2,\"type\":\"side1\"}]}],\"OrderDetails\":{\"address\":{\"number\":\"1111\",\"street\":\"Kearny st.\",\"city\":\"San Francisco\",\"state\":\"CA\",\"zip\":\"94133\"},\"coords\":{\"lat\":\"37.798220\",\"long\":\"-122.405606\"},\"tax_cents\":137,\"tip_cents\":200,\"total_cents\":\"1537\"},\"Stripe\":{\"stripeToken\":null}}'),(55,'2015-07-23 23:54:28','2015-07-23 23:54:28','2015-07-23 23:54:28',6,48,'{\"OrderItems\":[{\"item_type\":\"CustomerBentoBox\",\"items\":[{\"id\":1,\"type\":\"main\"},{\"id\":2,\"type\":\"side1\"}]}],\"OrderDetails\":{\"address\":{\"number\":\"1111\",\"street\":\"Kearny st.\",\"city\":\"San Francisco\",\"state\":\"CA\",\"zip\":\"94133\"},\"coords\":{\"lat\":\"37.798220\",\"long\":\"-122.405606\"},\"tax_cents\":137,\"tip_cents\":200,\"total_cents\":\"000\"},\"Stripe\":{\"stripeToken\":null}}'),(56,'2015-07-23 23:54:30','2015-07-23 23:54:30','2015-07-23 23:54:30',4,49,'{\"OrderItems\":[{\"item_type\":\"CustomerBentoBox\",\"items\":[{\"id\":1,\"type\":\"main\"},{\"id\":2,\"type\":\"side1\"}]}],\"OrderDetails\":{\"address\":{\"number\":\"1111\",\"street\":\"Kearny st.\",\"city\":\"San Francisco\",\"state\":\"CA\",\"zip\":\"94133\"},\"coords\":{\"lat\":\"37.798220\",\"long\":\"-122.405606\"},\"tax_cents\":137,\"tip_cents\":200,\"total_cents\":\"000\"},\"Stripe\":{\"stripeToken\":null}}'),(57,'2015-07-30 00:26:57','2015-07-30 00:26:57',NULL,1,NULL,'{\"OrderItems\":[{\"item_type\":\"CustomerBentoBox\",\"items\":[{\"id\":1,\"type\":\"main\"},{\"id\":2,\"type\":\"side1\"}]}],\"OrderDetails\":{\"address\":{\"number\":\"1111\",\"street\":\"Kearny st.\",\"city\":\"San Francisco\",\"state\":\"CA\",\"zip\":\"94133\"},\"coords\":{\"lat\":\"37.798220\",\"long\":\"-122.405606\"},\"tax_cents\":137,\"tip_cents\":200,\"total_cents\":\"1537\"},\"Stripe\":{\"stripeToken\":\"badToken!\"}}'),(58,'2015-07-30 00:26:58','2015-07-30 00:26:59','2015-07-30 00:26:59',6,50,'{\"OrderItems\":[{\"item_type\":\"CustomerBentoBox\",\"items\":[{\"id\":1,\"type\":\"main\"},{\"id\":2,\"type\":\"side1\"}]},{\"item_type\":\"CustomerBentoBox\",\"items\":[{\"id\":1,\"type\":\"main\"},{\"id\":2,\"type\":\"side1\"}]}],\"OrderDetails\":{\"address\":{\"number\":\"1111\",\"street\":\"Kearny st.\",\"city\":\"San Francisco\",\"state\":\"CA\",\"zip\":\"94133\"},\"coords\":{\"lat\":\"37.798220\",\"long\":\"-122.405606\"},\"tax_cents\":137,\"tip_cents\":200,\"total_cents\":\"1537\"},\"Stripe\":{\"stripeToken\":null}}'),(59,'2015-07-30 00:27:01','2015-07-30 00:27:01','2015-07-30 00:27:01',6,51,'{\"OrderItems\":[{\"item_type\":\"CustomerBentoBox\",\"items\":[{\"id\":1,\"type\":\"main\"},{\"id\":2,\"type\":\"side1\"}]}],\"OrderDetails\":{\"address\":{\"number\":\"1111998883\",\"street\":\"Kearny st.\",\"city\":\"San Francisco\",\"state\":\"CA\",\"zip\":\"94199\"},\"coords\":{\"lat\":\"37.798220\",\"long\":\"-122.405606\"},\"tax_cents\":137,\"tip_cents\":200,\"total_cents\":\"1537\"},\"Stripe\":{\"stripeToken\":null}}'),(60,'2015-07-30 00:27:03','2015-07-30 00:27:04','2015-07-30 00:27:04',6,52,'{\"OrderItems\":[{\"item_type\":\"CustomerBentoBox\",\"items\":[{\"id\":1,\"type\":\"main\",\"name\":\"Soba Noodles with \\\"Chick\'n\\\"\"},{\"id\":2,\"type\":\"side1\",\"name\":\"Soba Noodles with \\\"Chick\'n\\\"\"}]}],\"OrderDetails\":{\"address\":{\"number\":\"\",\"street\":\"Kearny st.\",\"city\":\"\",\"state\":\"CA\",\"zip\":\"94199\"},\"coords\":{\"lat\":\"37.798220\",\"long\":\"-122.405606\"},\"tax_cents\":137,\"tip_cents\":200,\"total_cents\":\"1537\"},\"Stripe\":{\"stripeToken\":null}}'),(61,'2015-07-30 00:27:06','2015-07-30 00:27:06','2015-07-30 00:27:06',6,53,'{\"OrderItems\":[{\"item_type\":\"CustomerBentoBox\",\"items\":[{\"id\":1,\"type\":\"main\"},{\"id\":2,\"type\":\"side1\"}]}],\"OrderDetails\":{\"address\":{\"number\":\"706\",\"street\":\"Buchanan Street\",\"city\":\"San Francisco\",\"state\":\"CA\",\"zip\":\"94102\"},\"coords\":{\"lat\":\"37.798220\",\"long\":\"-122.405606\"},\"tax_cents\":137,\"tip_cents\":200,\"total_cents\":\"1537\"},\"Stripe\":{\"stripeToken\":null}}'),(62,'2015-07-30 00:27:08','2015-07-30 00:27:09','2015-07-30 00:27:09',2,54,'{\"OrderItems\":[{\"item_type\":\"CustomerBentoBox\",\"items\":[{\"id\":1,\"type\":\"main\"},{\"id\":2,\"type\":\"side1\"}]}],\"OrderDetails\":{\"address\":{\"number\":\"1111\",\"street\":\"Kearny st.\",\"city\":\"San Francisco\",\"state\":\"CA\",\"zip\":\"94133\"},\"coords\":{\"lat\":\"37.798220\",\"long\":\"-122.405606\"},\"tax_cents\":137,\"tip_cents\":200,\"total_cents\":\"1537\"},\"Stripe\":{\"stripeToken\":null}}'),(63,'2015-07-30 00:27:11','2015-07-30 00:27:11','2015-07-30 00:27:11',6,55,'{\"OrderItems\":[{\"item_type\":\"CustomerBentoBox\",\"items\":[{\"id\":1,\"type\":\"main\"},{\"id\":2,\"type\":\"side1\"}]}],\"OrderDetails\":{\"address\":{\"number\":\"1111\",\"street\":\"Kearny st.\",\"city\":\"San Francisco\",\"state\":\"CA\",\"zip\":\"94133\"},\"coords\":{\"lat\":\"37.798220\",\"long\":\"-122.405606\"},\"tax_cents\":137,\"tip_cents\":200,\"total_cents\":\"000\"},\"Stripe\":{\"stripeToken\":null}}'),(64,'2015-07-30 00:27:13','2015-07-30 00:27:13','2015-07-30 00:27:13',4,56,'{\"OrderItems\":[{\"item_type\":\"CustomerBentoBox\",\"items\":[{\"id\":1,\"type\":\"main\"},{\"id\":2,\"type\":\"side1\"}]}],\"OrderDetails\":{\"address\":{\"number\":\"1111\",\"street\":\"Kearny st.\",\"city\":\"San Francisco\",\"state\":\"CA\",\"zip\":\"94133\"},\"coords\":{\"lat\":\"37.798220\",\"long\":\"-122.405606\"},\"tax_cents\":137,\"tip_cents\":200,\"total_cents\":\"000\"},\"Stripe\":{\"stripeToken\":null}}'),(65,'2015-07-30 17:42:14','2015-07-30 17:42:14',NULL,1,NULL,'{\"OrderItems\":[{\"item_type\":\"CustomerBentoBox\",\"items\":[{\"id\":1,\"type\":\"main\"},{\"id\":2,\"type\":\"side1\"}]}],\"OrderDetails\":{\"address\":{\"number\":\"1111\",\"street\":\"Kearny st.\",\"city\":\"San Francisco\",\"state\":\"CA\",\"zip\":\"94133\"},\"coords\":{\"lat\":\"37.798220\",\"long\":\"-122.405606\"},\"tax_cents\":137,\"tip_cents\":200,\"total_cents\":\"1537\"},\"Stripe\":{\"stripeToken\":\"badToken!\"}}'),(66,'2015-07-30 17:42:15','2015-07-30 17:42:16','2015-07-30 17:42:16',6,57,'{\"OrderItems\":[{\"item_type\":\"CustomerBentoBox\",\"items\":[{\"id\":1,\"type\":\"main\"},{\"id\":2,\"type\":\"side1\"}]},{\"item_type\":\"CustomerBentoBox\",\"items\":[{\"id\":1,\"type\":\"main\"},{\"id\":2,\"type\":\"side1\"}]}],\"OrderDetails\":{\"address\":{\"number\":\"1111\",\"street\":\"Kearny st.\",\"city\":\"San Francisco\",\"state\":\"CA\",\"zip\":\"94133\"},\"coords\":{\"lat\":\"37.798220\",\"long\":\"-122.405606\"},\"tax_cents\":137,\"tip_cents\":200,\"total_cents\":\"1537\"},\"Stripe\":{\"stripeToken\":null}}'),(67,'2015-07-30 17:42:18','2015-07-30 17:42:18','2015-07-30 17:42:18',6,58,'{\"OrderItems\":[{\"item_type\":\"CustomerBentoBox\",\"items\":[{\"id\":1,\"type\":\"main\"},{\"id\":2,\"type\":\"side1\"}]}],\"OrderDetails\":{\"address\":{\"number\":\"1111998883\",\"street\":\"Kearny st.\",\"city\":\"San Francisco\",\"state\":\"CA\",\"zip\":\"94199\"},\"coords\":{\"lat\":\"37.798220\",\"long\":\"-122.405606\"},\"tax_cents\":137,\"tip_cents\":200,\"total_cents\":\"1537\"},\"Stripe\":{\"stripeToken\":null}}'),(68,'2015-07-30 17:42:20','2015-07-30 17:42:21','2015-07-30 17:42:21',6,59,'{\"OrderItems\":[{\"item_type\":\"CustomerBentoBox\",\"items\":[{\"id\":1,\"type\":\"main\",\"name\":\"Soba Noodles with \\\"Chick\'n\\\"\"},{\"id\":2,\"type\":\"side1\",\"name\":\"Soba Noodles with \\\"Chick\'n\\\"\"}]}],\"OrderDetails\":{\"address\":{\"number\":\"\",\"street\":\"Kearny st.\",\"city\":\"\",\"state\":\"CA\",\"zip\":\"94199\"},\"coords\":{\"lat\":\"37.798220\",\"long\":\"-122.405606\"},\"tax_cents\":137,\"tip_cents\":200,\"total_cents\":\"1537\"},\"Stripe\":{\"stripeToken\":null}}'),(69,'2015-07-30 17:42:23','2015-07-30 17:42:23','2015-07-30 17:42:23',6,60,'{\"OrderItems\":[{\"item_type\":\"CustomerBentoBox\",\"items\":[{\"id\":1,\"type\":\"main\"},{\"id\":2,\"type\":\"side1\"}]}],\"OrderDetails\":{\"address\":{\"number\":\"706\",\"street\":\"Buchanan Street\",\"city\":\"San Francisco\",\"state\":\"CA\",\"zip\":\"94102\"},\"coords\":{\"lat\":\"37.798220\",\"long\":\"-122.405606\"},\"tax_cents\":137,\"tip_cents\":200,\"total_cents\":\"1537\"},\"Stripe\":{\"stripeToken\":null}}'),(70,'2015-07-30 17:42:25','2015-07-30 17:42:26','2015-07-30 17:42:26',2,61,'{\"OrderItems\":[{\"item_type\":\"CustomerBentoBox\",\"items\":[{\"id\":1,\"type\":\"main\"},{\"id\":2,\"type\":\"side1\"}]}],\"OrderDetails\":{\"address\":{\"number\":\"1111\",\"street\":\"Kearny st.\",\"city\":\"San Francisco\",\"state\":\"CA\",\"zip\":\"94133\"},\"coords\":{\"lat\":\"37.798220\",\"long\":\"-122.405606\"},\"tax_cents\":137,\"tip_cents\":200,\"total_cents\":\"1537\"},\"Stripe\":{\"stripeToken\":null}}'),(71,'2015-07-30 17:42:28','2015-07-30 17:42:28','2015-07-30 17:42:28',6,62,'{\"OrderItems\":[{\"item_type\":\"CustomerBentoBox\",\"items\":[{\"id\":1,\"type\":\"main\"},{\"id\":2,\"type\":\"side1\"}]}],\"OrderDetails\":{\"address\":{\"number\":\"1111\",\"street\":\"Kearny st.\",\"city\":\"San Francisco\",\"state\":\"CA\",\"zip\":\"94133\"},\"coords\":{\"lat\":\"37.798220\",\"long\":\"-122.405606\"},\"tax_cents\":137,\"tip_cents\":200,\"total_cents\":\"000\"},\"Stripe\":{\"stripeToken\":null}}'),(72,'2015-07-30 17:42:30','2015-07-30 17:42:30','2015-07-30 17:42:30',4,63,'{\"OrderItems\":[{\"item_type\":\"CustomerBentoBox\",\"items\":[{\"id\":1,\"type\":\"main\"},{\"id\":2,\"type\":\"side1\"}]}],\"OrderDetails\":{\"address\":{\"number\":\"1111\",\"street\":\"Kearny st.\",\"city\":\"San Francisco\",\"state\":\"CA\",\"zip\":\"94133\"},\"coords\":{\"lat\":\"37.798220\",\"long\":\"-122.405606\"},\"tax_cents\":137,\"tip_cents\":200,\"total_cents\":\"000\"},\"Stripe\":{\"stripeToken\":null}}'),(73,'2015-08-12 19:20:28','2015-08-12 19:20:28',NULL,1,NULL,'{\"OrderItems\":[{\"item_type\":\"CustomerBentoBox\",\"items\":[{\"id\":1,\"type\":\"main\"},{\"id\":2,\"type\":\"side1\"}]}],\"OrderDetails\":{\"address\":{\"number\":\"1111\",\"street\":\"Kearny st.\",\"city\":\"San Francisco\",\"state\":\"CA\",\"zip\":\"94133\"},\"coords\":{\"lat\":\"37.798220\",\"long\":\"-122.405606\"},\"tax_cents\":137,\"tip_cents\":200,\"total_cents\":\"1537\"},\"Stripe\":{\"stripeToken\":\"badToken!\"}}'),(74,'2015-08-12 19:20:29','2015-08-12 19:20:29','2015-08-12 19:20:29',6,64,'{\"OrderItems\":[{\"item_type\":\"CustomerBentoBox\",\"items\":[{\"id\":1,\"type\":\"main\"},{\"id\":2,\"type\":\"side1\"}]},{\"item_type\":\"CustomerBentoBox\",\"items\":[{\"id\":1,\"type\":\"main\"},{\"id\":2,\"type\":\"side1\"}]}],\"OrderDetails\":{\"address\":{\"number\":\"1111\",\"street\":\"Kearny st.\",\"city\":\"San Francisco\",\"state\":\"CA\",\"zip\":\"94133\"},\"coords\":{\"lat\":\"37.798220\",\"long\":\"-122.405606\"},\"tax_cents\":137,\"tip_cents\":200,\"total_cents\":\"1537\"},\"Stripe\":{\"stripeToken\":null}}'),(75,'2015-08-12 19:20:32','2015-08-12 19:20:32','2015-08-12 19:20:32',6,65,'{\"OrderItems\":[{\"item_type\":\"CustomerBentoBox\",\"items\":[{\"id\":1,\"type\":\"main\"},{\"id\":2,\"type\":\"side1\"}]}],\"OrderDetails\":{\"address\":{\"number\":\"1111998883\",\"street\":\"Kearny st.\",\"city\":\"San Francisco\",\"state\":\"CA\",\"zip\":\"94199\"},\"coords\":{\"lat\":\"37.798220\",\"long\":\"-122.405606\"},\"tax_cents\":137,\"tip_cents\":200,\"total_cents\":\"1537\"},\"Stripe\":{\"stripeToken\":null}}'),(76,'2015-08-12 19:20:35','2015-08-12 19:20:35','2015-08-12 19:20:35',6,66,'{\"OrderItems\":[{\"item_type\":\"CustomerBentoBox\",\"items\":[{\"id\":1,\"type\":\"main\"},{\"id\":2,\"type\":\"side1\"}]}],\"OrderDetails\":{\"address\":{\"number\":\"1111998883\",\"street\":\"Kearny st.\",\"city\":\"San Francisco\",\"state\":\"CA\",\"zip\":\"94199\"},\"coords\":{\"lat\":\"9937.798220\",\"long\":\"-99122.405606\"},\"tax_cents\":137,\"tip_cents\":200,\"total_cents\":\"1537\"},\"Stripe\":{\"stripeToken\":null}}'),(77,'2015-08-12 19:20:36','2015-08-12 19:20:36','2015-08-12 19:20:36',6,67,'{\"OrderItems\":[{\"item_type\":\"CustomerBentoBox\",\"items\":[{\"id\":1,\"type\":\"main\",\"name\":\"Soba Noodles with \\\"Chick\'n\\\"\"},{\"id\":2,\"type\":\"side1\",\"name\":\"Soba Noodles with \\\"Chick\'n\\\"\"}]}],\"OrderDetails\":{\"address\":{\"number\":\"\",\"street\":\"Kearny st.\",\"city\":\"\",\"state\":\"CA\",\"zip\":\"94199\"},\"coords\":{\"lat\":\"37.798220\",\"long\":\"-122.405606\"},\"tax_cents\":137,\"tip_cents\":200,\"total_cents\":\"1537\"},\"Stripe\":{\"stripeToken\":null}}'),(78,'2015-08-12 19:20:39','2015-08-12 19:20:39','2015-08-12 19:20:39',6,68,'{\"OrderItems\":[{\"item_type\":\"CustomerBentoBox\",\"items\":[{\"id\":1,\"type\":\"main\"},{\"id\":2,\"type\":\"side1\"}]}],\"OrderDetails\":{\"address\":{\"number\":\"706\",\"street\":\"Buchanan Street\",\"city\":\"San Francisco\",\"state\":\"CA\",\"zip\":\"94102\"},\"coords\":{\"lat\":\"37.798220\",\"long\":\"-122.405606\"},\"tax_cents\":137,\"tip_cents\":200,\"total_cents\":\"1537\"},\"Stripe\":{\"stripeToken\":null}}'),(79,'2015-08-12 19:20:41','2015-08-12 19:20:42','2015-08-12 19:20:42',2,69,'{\"OrderItems\":[{\"item_type\":\"CustomerBentoBox\",\"items\":[{\"id\":1,\"type\":\"main\"},{\"id\":2,\"type\":\"side1\"}]}],\"OrderDetails\":{\"address\":{\"number\":\"1111\",\"street\":\"Kearny st.\",\"city\":\"San Francisco\",\"state\":\"CA\",\"zip\":\"94133\"},\"coords\":{\"lat\":\"37.798220\",\"long\":\"-122.405606\"},\"tax_cents\":137,\"tip_cents\":200,\"total_cents\":\"1537\"},\"Stripe\":{\"stripeToken\":null}}'),(80,'2015-08-12 19:20:44','2015-08-12 19:20:44','2015-08-12 19:20:44',6,70,'{\"OrderItems\":[{\"item_type\":\"CustomerBentoBox\",\"items\":[{\"id\":1,\"type\":\"main\"},{\"id\":2,\"type\":\"side1\"}]}],\"OrderDetails\":{\"address\":{\"number\":\"1111\",\"street\":\"Kearny st.\",\"city\":\"San Francisco\",\"state\":\"CA\",\"zip\":\"94133\"},\"coords\":{\"lat\":\"37.798220\",\"long\":\"-122.405606\"},\"tax_cents\":137,\"tip_cents\":200,\"total_cents\":\"000\"},\"Stripe\":{\"stripeToken\":null}}'),(81,'2015-08-12 19:20:47','2015-08-12 19:20:47','2015-08-12 19:20:47',4,71,'{\"OrderItems\":[{\"item_type\":\"CustomerBentoBox\",\"items\":[{\"id\":1,\"type\":\"main\"},{\"id\":2,\"type\":\"side1\"}]}],\"OrderDetails\":{\"address\":{\"number\":\"1111\",\"street\":\"Kearny st.\",\"city\":\"San Francisco\",\"state\":\"CA\",\"zip\":\"94133\"},\"coords\":{\"lat\":\"37.798220\",\"long\":\"-122.405606\"},\"tax_cents\":137,\"tip_cents\":200,\"total_cents\":\"000\"},\"Stripe\":{\"stripeToken\":null}}'),(82,'2015-08-12 19:48:29','2015-08-12 19:48:29',NULL,1,NULL,'{\"OrderItems\":[{\"item_type\":\"CustomerBentoBox\",\"items\":[{\"id\":1,\"type\":\"main\"},{\"id\":2,\"type\":\"side1\"}]}],\"OrderDetails\":{\"address\":{\"number\":\"1111\",\"street\":\"Kearny st.\",\"city\":\"San Francisco\",\"state\":\"CA\",\"zip\":\"94133\"},\"coords\":{\"lat\":\"37.798220\",\"long\":\"-122.405606\"},\"tax_cents\":137,\"tip_cents\":200,\"total_cents\":\"1537\"},\"Stripe\":{\"stripeToken\":\"badToken!\"}}'),(83,'2015-08-12 19:48:32','2015-08-12 19:48:32','2015-08-12 19:48:32',6,72,'{\"OrderItems\":[{\"item_type\":\"CustomerBentoBox\",\"items\":[{\"id\":1,\"type\":\"main\"},{\"id\":2,\"type\":\"side1\"}]},{\"item_type\":\"CustomerBentoBox\",\"items\":[{\"id\":1,\"type\":\"main\"},{\"id\":2,\"type\":\"side1\"}]}],\"OrderDetails\":{\"address\":{\"number\":\"1111\",\"street\":\"Kearny st.\",\"city\":\"San Francisco\",\"state\":\"CA\",\"zip\":\"94133\"},\"coords\":{\"lat\":\"37.798220\",\"long\":\"-122.405606\"},\"tax_cents\":137,\"tip_cents\":200,\"total_cents\":\"1537\"},\"Stripe\":{\"stripeToken\":null}}'),(84,'2015-08-12 19:48:36','2015-08-12 19:48:37','2015-08-12 19:48:37',6,73,'{\"OrderItems\":[{\"item_type\":\"CustomerBentoBox\",\"items\":[{\"id\":1,\"type\":\"main\"},{\"id\":2,\"type\":\"side1\"}]}],\"OrderDetails\":{\"address\":{\"number\":\"1111998883\",\"street\":\"Kearny st.\",\"city\":\"San Francisco\",\"state\":\"CA\",\"zip\":\"94199\"},\"coords\":{\"lat\":\"37.798220\",\"long\":\"-122.405606\"},\"tax_cents\":137,\"tip_cents\":200,\"total_cents\":\"1537\"},\"Stripe\":{\"stripeToken\":null}}'),(85,'2015-08-12 19:48:40','2015-08-12 19:48:40','2015-08-12 19:48:40',6,74,'{\"OrderItems\":[{\"item_type\":\"CustomerBentoBox\",\"items\":[{\"id\":1,\"type\":\"main\"},{\"id\":2,\"type\":\"side1\"}]}],\"OrderDetails\":{\"address\":{\"number\":\"1111998883\",\"street\":\"Kearny st.\",\"city\":\"San Francisco\",\"state\":\"CA\",\"zip\":\"94199\"},\"coords\":{\"lat\":\"9937.798220\",\"long\":\"-99122.405606\"},\"tax_cents\":137,\"tip_cents\":200,\"total_cents\":\"1537\"},\"Stripe\":{\"stripeToken\":null}}'),(86,'2015-08-12 19:48:41','2015-08-12 19:48:42','2015-08-12 19:48:42',6,75,'{\"OrderItems\":[{\"item_type\":\"CustomerBentoBox\",\"items\":[{\"id\":1,\"type\":\"main\",\"name\":\"Soba Noodles with \\\"Chick\'n\\\"\"},{\"id\":2,\"type\":\"side1\",\"name\":\"Soba Noodles with \\\"Chick\'n\\\"\"}]}],\"OrderDetails\":{\"address\":{\"number\":\"\",\"street\":\"Kearny st.\",\"city\":\"\",\"state\":\"CA\",\"zip\":\"94199\"},\"coords\":{\"lat\":\"37.798220\",\"long\":\"-122.405606\"},\"tax_cents\":137,\"tip_cents\":200,\"total_cents\":\"1537\"},\"Stripe\":{\"stripeToken\":null}}'),(87,'2015-08-12 19:48:45','2015-08-12 19:48:46','2015-08-12 19:48:46',6,76,'{\"OrderItems\":[{\"item_type\":\"CustomerBentoBox\",\"items\":[{\"id\":1,\"type\":\"main\"},{\"id\":2,\"type\":\"side1\"}]}],\"OrderDetails\":{\"address\":{\"number\":\"706\",\"street\":\"Buchanan Street\",\"city\":\"San Francisco\",\"state\":\"CA\",\"zip\":\"94102\"},\"coords\":{\"lat\":\"37.798220\",\"long\":\"-122.405606\"},\"tax_cents\":137,\"tip_cents\":200,\"total_cents\":\"1537\"},\"Stripe\":{\"stripeToken\":null}}'),(88,'2015-08-12 19:48:48','2015-08-12 19:48:49','2015-08-12 19:48:49',2,77,'{\"OrderItems\":[{\"item_type\":\"CustomerBentoBox\",\"items\":[{\"id\":1,\"type\":\"main\"},{\"id\":2,\"type\":\"side1\"}]}],\"OrderDetails\":{\"address\":{\"number\":\"1111\",\"street\":\"Kearny st.\",\"city\":\"San Francisco\",\"state\":\"CA\",\"zip\":\"94133\"},\"coords\":{\"lat\":\"37.798220\",\"long\":\"-122.405606\"},\"tax_cents\":137,\"tip_cents\":200,\"total_cents\":\"1537\"},\"Stripe\":{\"stripeToken\":null}}'),(89,'2015-08-12 19:48:51','2015-08-12 19:48:51','2015-08-12 19:48:51',6,78,'{\"OrderItems\":[{\"item_type\":\"CustomerBentoBox\",\"items\":[{\"id\":1,\"type\":\"main\"},{\"id\":2,\"type\":\"side1\"}]}],\"OrderDetails\":{\"address\":{\"number\":\"1111\",\"street\":\"Kearny st.\",\"city\":\"San Francisco\",\"state\":\"CA\",\"zip\":\"94133\"},\"coords\":{\"lat\":\"37.798220\",\"long\":\"-122.405606\"},\"tax_cents\":137,\"tip_cents\":200,\"total_cents\":\"000\"},\"Stripe\":{\"stripeToken\":null}}'),(90,'2015-08-12 19:48:54','2015-08-12 19:48:54','2015-08-12 19:48:54',4,79,'{\"OrderItems\":[{\"item_type\":\"CustomerBentoBox\",\"items\":[{\"id\":1,\"type\":\"main\"},{\"id\":2,\"type\":\"side1\"}]}],\"OrderDetails\":{\"address\":{\"number\":\"1111\",\"street\":\"Kearny st.\",\"city\":\"San Francisco\",\"state\":\"CA\",\"zip\":\"94133\"},\"coords\":{\"lat\":\"37.798220\",\"long\":\"-122.405606\"},\"tax_cents\":137,\"tip_cents\":200,\"total_cents\":\"000\"},\"Stripe\":{\"stripeToken\":null}}'),(91,'2015-08-12 19:53:05','2015-08-12 19:53:05',NULL,1,NULL,'{\"OrderItems\":[{\"item_type\":\"CustomerBentoBox\",\"items\":[{\"id\":1,\"type\":\"main\"},{\"id\":2,\"type\":\"side1\"}]}],\"OrderDetails\":{\"address\":{\"number\":\"1111\",\"street\":\"Kearny st.\",\"city\":\"San Francisco\",\"state\":\"CA\",\"zip\":\"94133\"},\"coords\":{\"lat\":\"37.798220\",\"long\":\"-122.405606\"},\"tax_cents\":137,\"tip_cents\":200,\"total_cents\":\"1537\"},\"Stripe\":{\"stripeToken\":\"badToken!\"}}'),(92,'2015-08-12 19:53:08','2015-08-12 19:53:09','2015-08-12 19:53:09',6,80,'{\"OrderItems\":[{\"item_type\":\"CustomerBentoBox\",\"items\":[{\"id\":1,\"type\":\"main\"},{\"id\":2,\"type\":\"side1\"}]},{\"item_type\":\"CustomerBentoBox\",\"items\":[{\"id\":1,\"type\":\"main\"},{\"id\":2,\"type\":\"side1\"}]}],\"OrderDetails\":{\"address\":{\"number\":\"1111\",\"street\":\"Kearny st.\",\"city\":\"San Francisco\",\"state\":\"CA\",\"zip\":\"94133\"},\"coords\":{\"lat\":\"37.798220\",\"long\":\"-122.405606\"},\"tax_cents\":137,\"tip_cents\":200,\"total_cents\":\"1537\"},\"Stripe\":{\"stripeToken\":null}}'),(93,'2015-08-12 19:53:13','2015-08-12 19:53:13','2015-08-12 19:53:13',6,81,'{\"OrderItems\":[{\"item_type\":\"CustomerBentoBox\",\"items\":[{\"id\":1,\"type\":\"main\"},{\"id\":2,\"type\":\"side1\"}]}],\"OrderDetails\":{\"address\":{\"number\":\"1111998883\",\"street\":\"Kearny st.\",\"city\":\"San Francisco\",\"state\":\"CA\",\"zip\":\"94199\"},\"coords\":{\"lat\":\"37.798220\",\"long\":\"-122.405606\"},\"tax_cents\":137,\"tip_cents\":200,\"total_cents\":\"1537\"},\"Stripe\":{\"stripeToken\":null}}'),(94,'2015-08-12 19:53:17','2015-08-12 19:53:18','2015-08-12 19:53:18',6,82,'{\"OrderItems\":[{\"item_type\":\"CustomerBentoBox\",\"items\":[{\"id\":1,\"type\":\"main\"},{\"id\":2,\"type\":\"side1\"}]}],\"OrderDetails\":{\"address\":{\"number\":\"1111998883\",\"street\":\"Kearny st.\",\"city\":\"San Francisco\",\"state\":\"CA\",\"zip\":\"94199\"},\"coords\":{\"lat\":\"9937.798220\",\"long\":\"-99122.405606\"},\"tax_cents\":137,\"tip_cents\":200,\"total_cents\":\"1537\"},\"Stripe\":{\"stripeToken\":null}}'),(95,'2015-08-12 19:53:20','2015-08-12 19:53:20','2015-08-12 19:53:20',6,83,'{\"OrderItems\":[{\"item_type\":\"CustomerBentoBox\",\"items\":[{\"id\":1,\"type\":\"main\",\"name\":\"Soba Noodles with \\\"Chick\'n\\\"\"},{\"id\":2,\"type\":\"side1\",\"name\":\"Soba Noodles with \\\"Chick\'n\\\"\"}]}],\"OrderDetails\":{\"address\":{\"number\":\"\",\"street\":\"Kearny st.\",\"city\":\"\",\"state\":\"CA\",\"zip\":\"94199\"},\"coords\":{\"lat\":\"37.798220\",\"long\":\"-122.405606\"},\"tax_cents\":137,\"tip_cents\":200,\"total_cents\":\"1537\"},\"Stripe\":{\"stripeToken\":null}}'),(96,'2015-08-12 19:53:24','2015-08-12 19:53:25','2015-08-12 19:53:25',6,84,'{\"OrderItems\":[{\"item_type\":\"CustomerBentoBox\",\"items\":[{\"id\":1,\"type\":\"main\"},{\"id\":2,\"type\":\"side1\"}]}],\"OrderDetails\":{\"address\":{\"number\":\"706\",\"street\":\"Buchanan Street\",\"city\":\"San Francisco\",\"state\":\"CA\",\"zip\":\"94102\"},\"coords\":{\"lat\":\"37.798220\",\"long\":\"-122.405606\"},\"tax_cents\":137,\"tip_cents\":200,\"total_cents\":\"1537\"},\"Stripe\":{\"stripeToken\":null}}'),(97,'2015-08-12 19:53:28','2015-08-12 19:53:29','2015-08-12 19:53:29',2,85,'{\"OrderItems\":[{\"item_type\":\"CustomerBentoBox\",\"items\":[{\"id\":1,\"type\":\"main\"},{\"id\":2,\"type\":\"side1\"}]}],\"OrderDetails\":{\"address\":{\"number\":\"1111\",\"street\":\"Kearny st.\",\"city\":\"San Francisco\",\"state\":\"CA\",\"zip\":\"94133\"},\"coords\":{\"lat\":\"37.798220\",\"long\":\"-122.405606\"},\"tax_cents\":137,\"tip_cents\":200,\"total_cents\":\"1537\"},\"Stripe\":{\"stripeToken\":null}}'),(98,'2015-08-12 19:53:32','2015-08-12 19:53:32','2015-08-12 19:53:32',6,86,'{\"OrderItems\":[{\"item_type\":\"CustomerBentoBox\",\"items\":[{\"id\":1,\"type\":\"main\"},{\"id\":2,\"type\":\"side1\"}]}],\"OrderDetails\":{\"address\":{\"number\":\"1111\",\"street\":\"Kearny st.\",\"city\":\"San Francisco\",\"state\":\"CA\",\"zip\":\"94133\"},\"coords\":{\"lat\":\"37.798220\",\"long\":\"-122.405606\"},\"tax_cents\":137,\"tip_cents\":200,\"total_cents\":\"000\"},\"Stripe\":{\"stripeToken\":null}}'),(99,'2015-08-12 19:53:36','2015-08-12 19:53:36','2015-08-12 19:53:36',4,87,'{\"OrderItems\":[{\"item_type\":\"CustomerBentoBox\",\"items\":[{\"id\":1,\"type\":\"main\"},{\"id\":2,\"type\":\"side1\"}]}],\"OrderDetails\":{\"address\":{\"number\":\"1111\",\"street\":\"Kearny st.\",\"city\":\"San Francisco\",\"state\":\"CA\",\"zip\":\"94133\"},\"coords\":{\"lat\":\"37.798220\",\"long\":\"-122.405606\"},\"tax_cents\":137,\"tip_cents\":200,\"total_cents\":\"000\"},\"Stripe\":{\"stripeToken\":null}}'),(100,'2015-08-12 20:16:31','2015-08-12 20:16:31',NULL,1,NULL,'{\"OrderItems\":[{\"item_type\":\"CustomerBentoBox\",\"items\":[{\"id\":1,\"type\":\"main\"},{\"id\":2,\"type\":\"side1\"}]}],\"OrderDetails\":{\"address\":{\"number\":\"1111\",\"street\":\"Kearny st.\",\"city\":\"San Francisco\",\"state\":\"CA\",\"zip\":\"94133\"},\"coords\":{\"lat\":\"37.798220\",\"long\":\"-122.405606\"},\"tax_cents\":137,\"tip_cents\":200,\"total_cents\":\"1537\"},\"Stripe\":{\"stripeToken\":\"badToken!\"}}'),(101,'2015-08-12 20:16:32','2015-08-12 20:16:33','2015-08-12 20:16:33',6,88,'{\"OrderItems\":[{\"item_type\":\"CustomerBentoBox\",\"items\":[{\"id\":1,\"type\":\"main\"},{\"id\":2,\"type\":\"side1\"}]},{\"item_type\":\"CustomerBentoBox\",\"items\":[{\"id\":1,\"type\":\"main\"},{\"id\":2,\"type\":\"side1\"}]}],\"OrderDetails\":{\"address\":{\"number\":\"1111\",\"street\":\"Kearny st.\",\"city\":\"San Francisco\",\"state\":\"CA\",\"zip\":\"94133\"},\"coords\":{\"lat\":\"37.798220\",\"long\":\"-122.405606\"},\"tax_cents\":137,\"tip_cents\":200,\"total_cents\":\"1537\"},\"Stripe\":{\"stripeToken\":null}}'),(102,'2015-08-12 20:16:35','2015-08-12 20:16:36','2015-08-12 20:16:36',6,89,'{\"OrderItems\":[{\"item_type\":\"CustomerBentoBox\",\"items\":[{\"id\":1,\"type\":\"main\"},{\"id\":2,\"type\":\"side1\"}]}],\"OrderDetails\":{\"address\":{\"number\":\"1111998883\",\"street\":\"Kearny st.\",\"city\":\"San Francisco\",\"state\":\"CA\",\"zip\":\"94199\"},\"coords\":{\"lat\":\"37.798220\",\"long\":\"-122.405606\"},\"tax_cents\":137,\"tip_cents\":200,\"total_cents\":\"1537\"},\"Stripe\":{\"stripeToken\":null}}'),(103,'2015-08-12 20:16:40','2015-08-12 20:16:40','2015-08-12 20:16:40',6,90,'{\"OrderItems\":[{\"item_type\":\"CustomerBentoBox\",\"items\":[{\"id\":1,\"type\":\"main\"},{\"id\":2,\"type\":\"side1\"}]}],\"OrderDetails\":{\"address\":{\"number\":\"1111998883\",\"street\":\"Kearny st.\",\"city\":\"San Francisco\",\"state\":\"CA\",\"zip\":\"94199\"},\"coords\":{\"lat\":\"9937.798220\",\"long\":\"-99122.405606\"},\"tax_cents\":137,\"tip_cents\":200,\"total_cents\":\"1537\"},\"Stripe\":{\"stripeToken\":null}}'),(104,'2015-08-12 20:16:42','2015-08-12 20:16:43','2015-08-12 20:16:43',6,91,'{\"OrderItems\":[{\"item_type\":\"CustomerBentoBox\",\"items\":[{\"id\":1,\"type\":\"main\",\"name\":\"Soba Noodles with \\\"Chick\'n\\\"\"},{\"id\":2,\"type\":\"side1\",\"name\":\"Soba Noodles with \\\"Chick\'n\\\"\"}]}],\"OrderDetails\":{\"address\":{\"number\":\"\",\"street\":\"Kearny st.\",\"city\":\"\",\"state\":\"CA\",\"zip\":\"94199\"},\"coords\":{\"lat\":\"37.798220\",\"long\":\"-122.405606\"},\"tax_cents\":137,\"tip_cents\":200,\"total_cents\":\"1537\"},\"Stripe\":{\"stripeToken\":null}}'),(105,'2015-08-12 20:16:45','2015-08-12 20:16:46','2015-08-12 20:16:46',6,92,'{\"OrderItems\":[{\"item_type\":\"CustomerBentoBox\",\"items\":[{\"id\":1,\"type\":\"main\"},{\"id\":2,\"type\":\"side1\"}]}],\"OrderDetails\":{\"address\":{\"number\":\"706\",\"street\":\"Buchanan Street\",\"city\":\"San Francisco\",\"state\":\"CA\",\"zip\":\"94102\"},\"coords\":{\"lat\":\"37.798220\",\"long\":\"-122.405606\"},\"tax_cents\":137,\"tip_cents\":200,\"total_cents\":\"1537\"},\"Stripe\":{\"stripeToken\":null}}'),(106,'2015-08-12 20:16:48','2015-08-12 20:16:48','2015-08-12 20:16:48',2,93,'{\"OrderItems\":[{\"item_type\":\"CustomerBentoBox\",\"items\":[{\"id\":1,\"type\":\"main\"},{\"id\":2,\"type\":\"side1\"}]}],\"OrderDetails\":{\"address\":{\"number\":\"1111\",\"street\":\"Kearny st.\",\"city\":\"San Francisco\",\"state\":\"CA\",\"zip\":\"94133\"},\"coords\":{\"lat\":\"37.798220\",\"long\":\"-122.405606\"},\"tax_cents\":137,\"tip_cents\":200,\"total_cents\":\"1537\"},\"Stripe\":{\"stripeToken\":null}}'),(107,'2015-08-12 20:16:51','2015-08-12 20:16:51','2015-08-12 20:16:51',6,94,'{\"OrderItems\":[{\"item_type\":\"CustomerBentoBox\",\"items\":[{\"id\":1,\"type\":\"main\"},{\"id\":2,\"type\":\"side1\"}]}],\"OrderDetails\":{\"address\":{\"number\":\"1111\",\"street\":\"Kearny st.\",\"city\":\"San Francisco\",\"state\":\"CA\",\"zip\":\"94133\"},\"coords\":{\"lat\":\"37.798220\",\"long\":\"-122.405606\"},\"tax_cents\":137,\"tip_cents\":200,\"total_cents\":\"000\"},\"Stripe\":{\"stripeToken\":null}}'),(108,'2015-08-12 20:16:53','2015-08-12 20:16:53','2015-08-12 20:16:53',4,95,'{\"OrderItems\":[{\"item_type\":\"CustomerBentoBox\",\"items\":[{\"id\":1,\"type\":\"main\"},{\"id\":2,\"type\":\"side1\"}]}],\"OrderDetails\":{\"address\":{\"number\":\"1111\",\"street\":\"Kearny st.\",\"city\":\"San Francisco\",\"state\":\"CA\",\"zip\":\"94133\"},\"coords\":{\"lat\":\"37.798220\",\"long\":\"-122.405606\"},\"tax_cents\":137,\"tip_cents\":200,\"total_cents\":\"000\"},\"Stripe\":{\"stripeToken\":null}}'),(109,'2015-08-12 20:34:17','2015-08-12 20:34:17',NULL,1,NULL,'{\"OrderItems\":[{\"item_type\":\"CustomerBentoBox\",\"items\":[{\"id\":1,\"type\":\"main\"},{\"id\":2,\"type\":\"side1\"}]}],\"OrderDetails\":{\"address\":{\"number\":\"1111\",\"street\":\"Kearny st.\",\"city\":\"San Francisco\",\"state\":\"CA\",\"zip\":\"94133\"},\"coords\":{\"lat\":\"37.798220\",\"long\":\"-122.405606\"},\"tax_cents\":137,\"tip_cents\":200,\"total_cents\":\"1537\"},\"Stripe\":{\"stripeToken\":\"badToken!\"}}'),(110,'2015-08-12 20:34:19','2015-08-12 20:34:19','2015-08-12 20:34:19',6,96,'{\"OrderItems\":[{\"item_type\":\"CustomerBentoBox\",\"items\":[{\"id\":1,\"type\":\"main\"},{\"id\":2,\"type\":\"side1\"}]},{\"item_type\":\"CustomerBentoBox\",\"items\":[{\"id\":1,\"type\":\"main\"},{\"id\":2,\"type\":\"side1\"}]}],\"OrderDetails\":{\"address\":{\"number\":\"1111\",\"street\":\"Kearny st.\",\"city\":\"San Francisco\",\"state\":\"CA\",\"zip\":\"94133\"},\"coords\":{\"lat\":\"37.798220\",\"long\":\"-122.405606\"},\"tax_cents\":137,\"tip_cents\":200,\"total_cents\":\"1537\"},\"Stripe\":{\"stripeToken\":null}}'),(111,'2015-08-12 20:34:23','2015-08-12 20:34:24','2015-08-12 20:34:24',6,97,'{\"OrderItems\":[{\"item_type\":\"CustomerBentoBox\",\"items\":[{\"id\":1,\"type\":\"main\"},{\"id\":2,\"type\":\"side1\"}]}],\"OrderDetails\":{\"address\":{\"number\":\"1111998883\",\"street\":\"Kearny st.\",\"city\":\"San Francisco\",\"state\":\"CA\",\"zip\":\"94199\"},\"coords\":{\"lat\":\"37.798220\",\"long\":\"-122.405606\"},\"tax_cents\":137,\"tip_cents\":200,\"total_cents\":\"1537\"},\"Stripe\":{\"stripeToken\":null}}'),(112,'2015-08-12 20:34:27','2015-08-12 20:34:27','2015-08-12 20:34:27',6,98,'{\"OrderItems\":[{\"item_type\":\"CustomerBentoBox\",\"items\":[{\"id\":1,\"type\":\"main\"},{\"id\":2,\"type\":\"side1\"}]}],\"OrderDetails\":{\"address\":{\"number\":\"1111998883\",\"street\":\"Kearny st.\",\"city\":\"San Francisco\",\"state\":\"CA\",\"zip\":\"94199\"},\"coords\":{\"lat\":\"9937.798220\",\"long\":\"-99122.405606\"},\"tax_cents\":137,\"tip_cents\":200,\"total_cents\":\"1537\"},\"Stripe\":{\"stripeToken\":null}}'),(113,'2015-08-12 20:34:29','2015-08-12 20:34:30','2015-08-12 20:34:30',6,99,'{\"OrderItems\":[{\"item_type\":\"CustomerBentoBox\",\"items\":[{\"id\":1,\"type\":\"main\",\"name\":\"Soba Noodles with \\\"Chick\'n\\\"\"},{\"id\":2,\"type\":\"side1\",\"name\":\"Soba Noodles with \\\"Chick\'n\\\"\"}]}],\"OrderDetails\":{\"address\":{\"number\":\"\",\"street\":\"Kearny st.\",\"city\":\"\",\"state\":\"CA\",\"zip\":\"94199\"},\"coords\":{\"lat\":\"37.798220\",\"long\":\"-122.405606\"},\"tax_cents\":137,\"tip_cents\":200,\"total_cents\":\"1537\"},\"Stripe\":{\"stripeToken\":null}}'),(114,'2015-08-12 20:34:32','2015-08-12 20:34:33','2015-08-12 20:34:33',6,100,'{\"OrderItems\":[{\"item_type\":\"CustomerBentoBox\",\"items\":[{\"id\":1,\"type\":\"main\"},{\"id\":2,\"type\":\"side1\"}]}],\"OrderDetails\":{\"address\":{\"number\":\"706\",\"street\":\"Buchanan Street\",\"city\":\"San Francisco\",\"state\":\"CA\",\"zip\":\"94102\"},\"coords\":{\"lat\":\"37.798220\",\"long\":\"-122.405606\"},\"tax_cents\":137,\"tip_cents\":200,\"total_cents\":\"1537\"},\"Stripe\":{\"stripeToken\":null}}'),(115,'2015-08-12 20:34:35','2015-08-12 20:34:36','2015-08-12 20:34:36',2,101,'{\"OrderItems\":[{\"item_type\":\"CustomerBentoBox\",\"items\":[{\"id\":1,\"type\":\"main\"},{\"id\":2,\"type\":\"side1\"}]}],\"OrderDetails\":{\"address\":{\"number\":\"1111\",\"street\":\"Kearny st.\",\"city\":\"San Francisco\",\"state\":\"CA\",\"zip\":\"94133\"},\"coords\":{\"lat\":\"37.798220\",\"long\":\"-122.405606\"},\"tax_cents\":137,\"tip_cents\":200,\"total_cents\":\"1537\"},\"Stripe\":{\"stripeToken\":null}}'),(116,'2015-08-12 20:34:39','2015-08-12 20:34:39','2015-08-12 20:34:39',6,102,'{\"OrderItems\":[{\"item_type\":\"CustomerBentoBox\",\"items\":[{\"id\":1,\"type\":\"main\"},{\"id\":2,\"type\":\"side1\"}]}],\"OrderDetails\":{\"address\":{\"number\":\"1111\",\"street\":\"Kearny st.\",\"city\":\"San Francisco\",\"state\":\"CA\",\"zip\":\"94133\"},\"coords\":{\"lat\":\"37.798220\",\"long\":\"-122.405606\"},\"tax_cents\":137,\"tip_cents\":200,\"total_cents\":\"000\"},\"Stripe\":{\"stripeToken\":null}}'),(117,'2015-08-12 20:34:42','2015-08-12 20:34:42','2015-08-12 20:34:42',4,103,'{\"OrderItems\":[{\"item_type\":\"CustomerBentoBox\",\"items\":[{\"id\":1,\"type\":\"main\"},{\"id\":2,\"type\":\"side1\"}]}],\"OrderDetails\":{\"address\":{\"number\":\"1111\",\"street\":\"Kearny st.\",\"city\":\"San Francisco\",\"state\":\"CA\",\"zip\":\"94133\"},\"coords\":{\"lat\":\"37.798220\",\"long\":\"-122.405606\"},\"tax_cents\":137,\"tip_cents\":200,\"total_cents\":\"000\"},\"Stripe\":{\"stripeToken\":null}}'),(118,'2015-08-14 18:53:47','2015-08-14 18:53:47',NULL,1,NULL,'{\"OrderItems\":[{\"item_type\":\"CustomerBentoBox\",\"items\":[{\"id\":1,\"type\":\"main\"},{\"id\":2,\"type\":\"side1\"}]}],\"OrderDetails\":{\"address\":{\"number\":\"1111\",\"street\":\"Kearny st.\",\"city\":\"San Francisco\",\"state\":\"CA\",\"zip\":\"94133\"},\"coords\":{\"lat\":\"37.798220\",\"long\":\"-122.405606\"},\"tax_cents\":137,\"tip_cents\":200,\"total_cents\":\"1537\"},\"Stripe\":{\"stripeToken\":\"badToken!\"}}'),(119,'2015-08-14 18:53:48','2015-08-14 18:53:48','2015-08-14 18:53:48',6,104,'{\"OrderItems\":[{\"item_type\":\"CustomerBentoBox\",\"items\":[{\"id\":1,\"type\":\"main\"},{\"id\":2,\"type\":\"side1\"}]},{\"item_type\":\"CustomerBentoBox\",\"items\":[{\"id\":1,\"type\":\"main\"},{\"id\":2,\"type\":\"side1\"}]}],\"OrderDetails\":{\"address\":{\"number\":\"1111\",\"street\":\"Kearny st.\",\"city\":\"San Francisco\",\"state\":\"CA\",\"zip\":\"94133\"},\"coords\":{\"lat\":\"37.798220\",\"long\":\"-122.405606\"},\"tax_cents\":137,\"tip_cents\":200,\"total_cents\":\"1537\"},\"Stripe\":{\"stripeToken\":null}}'),(120,'2015-08-14 18:53:50','2015-08-14 18:53:51','2015-08-14 18:53:51',6,105,'{\"OrderItems\":[{\"item_type\":\"CustomerBentoBox\",\"items\":[{\"id\":1,\"type\":\"main\"},{\"id\":2,\"type\":\"side1\"}]}],\"OrderDetails\":{\"address\":{\"number\":\"1111998883\",\"street\":\"Kearny st.\",\"city\":\"San Francisco\",\"state\":\"CA\",\"zip\":\"94199\"},\"coords\":{\"lat\":\"37.798220\",\"long\":\"-122.405606\"},\"tax_cents\":137,\"tip_cents\":200,\"total_cents\":\"1537\"},\"Stripe\":{\"stripeToken\":null}}'),(121,'2015-08-14 18:53:53','2015-08-14 18:53:53','2015-08-14 18:53:53',6,106,'{\"OrderItems\":[{\"item_type\":\"CustomerBentoBox\",\"items\":[{\"id\":1,\"type\":\"main\"},{\"id\":2,\"type\":\"side1\"}]}],\"OrderDetails\":{\"address\":{\"number\":\"1111998883\",\"street\":\"Kearny st.\",\"city\":\"San Francisco\",\"state\":\"CA\",\"zip\":\"94199\"},\"coords\":{\"lat\":\"9937.798220\",\"long\":\"-99122.405606\"},\"tax_cents\":137,\"tip_cents\":200,\"total_cents\":\"1537\"},\"Stripe\":{\"stripeToken\":null}}'),(122,'2015-08-14 18:53:55','2015-08-14 18:53:55','2015-08-14 18:53:55',6,107,'{\"OrderItems\":[{\"item_type\":\"CustomerBentoBox\",\"items\":[{\"id\":1,\"type\":\"main\",\"name\":\"Soba Noodles with \\\"Chick\'n\\\"\"},{\"id\":2,\"type\":\"side1\",\"name\":\"Soba Noodles with \\\"Chick\'n\\\"\"}]}],\"OrderDetails\":{\"address\":{\"number\":\"\",\"street\":\"Kearny st.\",\"city\":\"\",\"state\":\"CA\",\"zip\":\"94199\"},\"coords\":{\"lat\":\"37.798220\",\"long\":\"-122.405606\"},\"tax_cents\":137,\"tip_cents\":200,\"total_cents\":\"1537\"},\"Stripe\":{\"stripeToken\":null}}'),(123,'2015-08-14 18:53:57','2015-08-14 18:53:58','2015-08-14 18:53:58',6,108,'{\"OrderItems\":[{\"item_type\":\"CustomerBentoBox\",\"items\":[{\"id\":1,\"type\":\"main\"},{\"id\":2,\"type\":\"side1\"}]}],\"OrderDetails\":{\"address\":{\"number\":\"706\",\"street\":\"Buchanan Street\",\"city\":\"San Francisco\",\"state\":\"CA\",\"zip\":\"94102\"},\"coords\":{\"lat\":\"37.798220\",\"long\":\"-122.405606\"},\"tax_cents\":137,\"tip_cents\":200,\"total_cents\":\"1537\"},\"Stripe\":{\"stripeToken\":null}}'),(124,'2015-08-14 18:54:00','2015-08-14 18:54:01','2015-08-14 18:54:01',2,109,'{\"OrderItems\":[{\"item_type\":\"CustomerBentoBox\",\"items\":[{\"id\":1,\"type\":\"main\"},{\"id\":2,\"type\":\"side1\"}]}],\"OrderDetails\":{\"address\":{\"number\":\"1111\",\"street\":\"Kearny st.\",\"city\":\"San Francisco\",\"state\":\"CA\",\"zip\":\"94133\"},\"coords\":{\"lat\":\"37.798220\",\"long\":\"-122.405606\"},\"tax_cents\":137,\"tip_cents\":200,\"total_cents\":\"1537\"},\"Stripe\":{\"stripeToken\":null}}'),(125,'2015-08-14 18:54:03','2015-08-14 18:54:03','2015-08-14 18:54:03',6,110,'{\"OrderItems\":[{\"item_type\":\"CustomerBentoBox\",\"items\":[{\"id\":1,\"type\":\"main\"},{\"id\":2,\"type\":\"side1\"}]}],\"OrderDetails\":{\"address\":{\"number\":\"1111\",\"street\":\"Kearny st.\",\"city\":\"San Francisco\",\"state\":\"CA\",\"zip\":\"94133\"},\"coords\":{\"lat\":\"37.798220\",\"long\":\"-122.405606\"},\"tax_cents\":137,\"tip_cents\":200,\"total_cents\":\"000\"},\"Stripe\":{\"stripeToken\":null}}'),(126,'2015-08-14 18:54:05','2015-08-14 18:54:05','2015-08-14 18:54:05',4,111,'{\"OrderItems\":[{\"item_type\":\"CustomerBentoBox\",\"items\":[{\"id\":1,\"type\":\"main\"},{\"id\":2,\"type\":\"side1\"}]}],\"OrderDetails\":{\"address\":{\"number\":\"1111\",\"street\":\"Kearny st.\",\"city\":\"San Francisco\",\"state\":\"CA\",\"zip\":\"94133\"},\"coords\":{\"lat\":\"37.798220\",\"long\":\"-122.405606\"},\"tax_cents\":137,\"tip_cents\":200,\"total_cents\":\"000\"},\"Stripe\":{\"stripeToken\":null}}'),(127,'2015-08-14 19:02:25','2015-08-14 19:02:25',NULL,1,NULL,'{\"OrderItems\":[{\"item_type\":\"CustomerBentoBox\",\"items\":[{\"id\":1,\"type\":\"main\"},{\"id\":2,\"type\":\"side1\"}]}],\"OrderDetails\":{\"address\":{\"number\":\"1111\",\"street\":\"Kearny st.\",\"city\":\"San Francisco\",\"state\":\"CA\",\"zip\":\"94133\"},\"coords\":{\"lat\":\"37.798220\",\"long\":\"-122.405606\"},\"tax_cents\":137,\"tip_cents\":200,\"total_cents\":\"1537\"},\"Stripe\":{\"stripeToken\":\"badToken!\"}}'),(128,'2015-08-14 19:02:26','2015-08-14 19:02:26','2015-08-14 19:02:26',6,112,'{\"OrderItems\":[{\"item_type\":\"CustomerBentoBox\",\"items\":[{\"id\":1,\"type\":\"main\"},{\"id\":2,\"type\":\"side1\"}]},{\"item_type\":\"CustomerBentoBox\",\"items\":[{\"id\":1,\"type\":\"main\"},{\"id\":2,\"type\":\"side1\"}]}],\"OrderDetails\":{\"address\":{\"number\":\"1111\",\"street\":\"Kearny st.\",\"city\":\"San Francisco\",\"state\":\"CA\",\"zip\":\"94133\"},\"coords\":{\"lat\":\"37.798220\",\"long\":\"-122.405606\"},\"tax_cents\":137,\"tip_cents\":200,\"total_cents\":\"1537\"},\"Stripe\":{\"stripeToken\":null}}'),(129,'2015-08-14 19:02:28','2015-08-14 19:02:28','2015-08-14 19:02:28',6,113,'{\"OrderItems\":[{\"item_type\":\"CustomerBentoBox\",\"items\":[{\"id\":1,\"type\":\"main\"},{\"id\":2,\"type\":\"side1\"}]}],\"OrderDetails\":{\"address\":{\"number\":\"1111998883\",\"street\":\"Kearny st.\",\"city\":\"San Francisco\",\"state\":\"CA\",\"zip\":\"94199\"},\"coords\":{\"lat\":\"37.798220\",\"long\":\"-122.405606\"},\"tax_cents\":137,\"tip_cents\":200,\"total_cents\":\"1537\"},\"Stripe\":{\"stripeToken\":null}}'),(130,'2015-08-14 19:02:30','2015-08-14 19:02:31','2015-08-14 19:02:31',6,114,'{\"OrderItems\":[{\"item_type\":\"CustomerBentoBox\",\"items\":[{\"id\":1,\"type\":\"main\"},{\"id\":2,\"type\":\"side1\"}]}],\"OrderDetails\":{\"address\":{\"number\":\"1111998883\",\"street\":\"Kearny st.\",\"city\":\"San Francisco\",\"state\":\"CA\",\"zip\":\"94199\"},\"coords\":{\"lat\":\"9937.798220\",\"long\":\"-99122.405606\"},\"tax_cents\":137,\"tip_cents\":200,\"total_cents\":\"1537\"},\"Stripe\":{\"stripeToken\":null}}'),(131,'2015-08-14 19:02:32','2015-08-14 19:02:33','2015-08-14 19:02:33',6,115,'{\"OrderItems\":[{\"item_type\":\"CustomerBentoBox\",\"items\":[{\"id\":1,\"type\":\"main\",\"name\":\"Soba Noodles with \\\"Chick\'n\\\"\"},{\"id\":2,\"type\":\"side1\",\"name\":\"Soba Noodles with \\\"Chick\'n\\\"\"}]}],\"OrderDetails\":{\"address\":{\"number\":\"\",\"street\":\"Kearny st.\",\"city\":\"\",\"state\":\"CA\",\"zip\":\"94199\"},\"coords\":{\"lat\":\"37.798220\",\"long\":\"-122.405606\"},\"tax_cents\":137,\"tip_cents\":200,\"total_cents\":\"1537\"},\"Stripe\":{\"stripeToken\":null}}'),(132,'2015-08-14 19:02:35','2015-08-14 19:02:35','2015-08-14 19:02:35',6,116,'{\"OrderItems\":[{\"item_type\":\"CustomerBentoBox\",\"items\":[{\"id\":1,\"type\":\"main\"},{\"id\":2,\"type\":\"side1\"}]}],\"OrderDetails\":{\"address\":{\"number\":\"706\",\"street\":\"Buchanan Street\",\"city\":\"San Francisco\",\"state\":\"CA\",\"zip\":\"94102\"},\"coords\":{\"lat\":\"37.798220\",\"long\":\"-122.405606\"},\"tax_cents\":137,\"tip_cents\":200,\"total_cents\":\"1537\"},\"Stripe\":{\"stripeToken\":null}}'),(133,'2015-08-14 19:02:37','2015-08-14 19:02:37','2015-08-14 19:02:37',2,117,'{\"OrderItems\":[{\"item_type\":\"CustomerBentoBox\",\"items\":[{\"id\":1,\"type\":\"main\"},{\"id\":2,\"type\":\"side1\"}]}],\"OrderDetails\":{\"address\":{\"number\":\"1111\",\"street\":\"Kearny st.\",\"city\":\"San Francisco\",\"state\":\"CA\",\"zip\":\"94133\"},\"coords\":{\"lat\":\"37.798220\",\"long\":\"-122.405606\"},\"tax_cents\":137,\"tip_cents\":200,\"total_cents\":\"1537\"},\"Stripe\":{\"stripeToken\":null}}'),(134,'2015-08-14 19:02:39','2015-08-14 19:02:39','2015-08-14 19:02:39',6,118,'{\"OrderItems\":[{\"item_type\":\"CustomerBentoBox\",\"items\":[{\"id\":1,\"type\":\"main\"},{\"id\":2,\"type\":\"side1\"}]}],\"OrderDetails\":{\"address\":{\"number\":\"1111\",\"street\":\"Kearny st.\",\"city\":\"San Francisco\",\"state\":\"CA\",\"zip\":\"94133\"},\"coords\":{\"lat\":\"37.798220\",\"long\":\"-122.405606\"},\"tax_cents\":137,\"tip_cents\":200,\"total_cents\":\"000\"},\"Stripe\":{\"stripeToken\":null}}'),(135,'2015-08-14 19:02:41','2015-08-14 19:02:41','2015-08-14 19:02:41',4,119,'{\"OrderItems\":[{\"item_type\":\"CustomerBentoBox\",\"items\":[{\"id\":1,\"type\":\"main\"},{\"id\":2,\"type\":\"side1\"}]}],\"OrderDetails\":{\"address\":{\"number\":\"1111\",\"street\":\"Kearny st.\",\"city\":\"San Francisco\",\"state\":\"CA\",\"zip\":\"94133\"},\"coords\":{\"lat\":\"37.798220\",\"long\":\"-122.405606\"},\"tax_cents\":137,\"tip_cents\":200,\"total_cents\":\"000\"},\"Stripe\":{\"stripeToken\":null}}'),(136,'2015-08-14 22:36:14','2015-08-14 22:36:14',NULL,1,NULL,'{\"OrderItems\":[{\"item_type\":\"CustomerBentoBox\",\"items\":[{\"id\":1,\"type\":\"main\"},{\"id\":2,\"type\":\"side1\"}]}],\"OrderDetails\":{\"address\":{\"number\":\"1111\",\"street\":\"Kearny st.\",\"city\":\"San Francisco\",\"state\":\"CA\",\"zip\":\"94133\"},\"coords\":{\"lat\":\"37.798220\",\"long\":\"-122.405606\"},\"tax_cents\":137,\"tip_cents\":200,\"total_cents\":\"1537\"},\"Stripe\":{\"stripeToken\":\"badToken!\"}}'),(137,'2015-08-14 22:36:15','2015-08-14 22:36:15','2015-08-14 22:36:15',6,120,'{\"OrderItems\":[{\"item_type\":\"CustomerBentoBox\",\"items\":[{\"id\":1,\"type\":\"main\"},{\"id\":2,\"type\":\"side1\"}]},{\"item_type\":\"CustomerBentoBox\",\"items\":[{\"id\":1,\"type\":\"main\"},{\"id\":2,\"type\":\"side1\"}]}],\"OrderDetails\":{\"address\":{\"number\":\"1111\",\"street\":\"Kearny st.\",\"city\":\"San Francisco\",\"state\":\"CA\",\"zip\":\"94133\"},\"coords\":{\"lat\":\"37.798220\",\"long\":\"-122.405606\"},\"tax_cents\":137,\"tip_cents\":200,\"total_cents\":\"1537\"},\"Stripe\":{\"stripeToken\":null}}'),(138,'2015-08-14 22:36:18','2015-08-14 22:36:18','2015-08-14 22:36:18',6,121,'{\"OrderItems\":[{\"item_type\":\"CustomerBentoBox\",\"items\":[{\"id\":1,\"type\":\"main\"},{\"id\":2,\"type\":\"side1\"}]}],\"OrderDetails\":{\"address\":{\"number\":\"1111998883\",\"street\":\"Kearny st.\",\"city\":\"San Francisco\",\"state\":\"CA\",\"zip\":\"94199\"},\"coords\":{\"lat\":\"37.798220\",\"long\":\"-122.405606\"},\"tax_cents\":137,\"tip_cents\":200,\"total_cents\":\"1537\"},\"Stripe\":{\"stripeToken\":null}}'),(139,'2015-08-14 22:36:20','2015-08-14 22:36:20','2015-08-14 22:36:20',6,122,'{\"OrderItems\":[{\"item_type\":\"CustomerBentoBox\",\"items\":[{\"id\":1,\"type\":\"main\"},{\"id\":2,\"type\":\"side1\"}]}],\"OrderDetails\":{\"address\":{\"number\":\"1111998883\",\"street\":\"Kearny st.\",\"city\":\"San Francisco\",\"state\":\"CA\",\"zip\":\"94199\"},\"coords\":{\"lat\":\"9937.798220\",\"long\":\"-99122.405606\"},\"tax_cents\":137,\"tip_cents\":200,\"total_cents\":\"1537\"},\"Stripe\":{\"stripeToken\":null}}'),(140,'2015-08-14 22:36:22','2015-08-14 22:36:22','2015-08-14 22:36:22',6,123,'{\"OrderItems\":[{\"item_type\":\"CustomerBentoBox\",\"items\":[{\"id\":1,\"type\":\"main\",\"name\":\"Soba Noodles with \\\"Chick\'n\\\"\"},{\"id\":2,\"type\":\"side1\",\"name\":\"Soba Noodles with \\\"Chick\'n\\\"\"}]}],\"OrderDetails\":{\"address\":{\"number\":\"\",\"street\":\"Kearny st.\",\"city\":\"\",\"state\":\"CA\",\"zip\":\"94199\"},\"coords\":{\"lat\":\"37.798220\",\"long\":\"-122.405606\"},\"tax_cents\":137,\"tip_cents\":200,\"total_cents\":\"1537\"},\"Stripe\":{\"stripeToken\":null}}'),(141,'2015-08-14 22:36:24','2015-08-14 22:36:24','2015-08-14 22:36:24',6,124,'{\"OrderItems\":[{\"item_type\":\"CustomerBentoBox\",\"items\":[{\"id\":1,\"type\":\"main\"},{\"id\":2,\"type\":\"side1\"}]}],\"OrderDetails\":{\"address\":{\"number\":\"706\",\"street\":\"Buchanan Street\",\"city\":\"San Francisco\",\"state\":\"CA\",\"zip\":\"94102\"},\"coords\":{\"lat\":\"37.798220\",\"long\":\"-122.405606\"},\"tax_cents\":137,\"tip_cents\":200,\"total_cents\":\"1537\"},\"Stripe\":{\"stripeToken\":null}}'),(142,'2015-08-14 22:36:27','2015-08-14 22:36:27','2015-08-14 22:36:27',2,125,'{\"OrderItems\":[{\"item_type\":\"CustomerBentoBox\",\"items\":[{\"id\":1,\"type\":\"main\"},{\"id\":2,\"type\":\"side1\"}]}],\"OrderDetails\":{\"address\":{\"number\":\"1111\",\"street\":\"Kearny st.\",\"city\":\"San Francisco\",\"state\":\"CA\",\"zip\":\"94133\"},\"coords\":{\"lat\":\"37.798220\",\"long\":\"-122.405606\"},\"tax_cents\":137,\"tip_cents\":200,\"total_cents\":\"1537\"},\"Stripe\":{\"stripeToken\":null}}'),(143,'2015-08-14 22:36:30','2015-08-14 22:36:30','2015-08-14 22:36:30',6,126,'{\"OrderItems\":[{\"item_type\":\"CustomerBentoBox\",\"items\":[{\"id\":1,\"type\":\"main\"},{\"id\":2,\"type\":\"side1\"}]}],\"OrderDetails\":{\"address\":{\"number\":\"1111\",\"street\":\"Kearny st.\",\"city\":\"San Francisco\",\"state\":\"CA\",\"zip\":\"94133\"},\"coords\":{\"lat\":\"37.798220\",\"long\":\"-122.405606\"},\"tax_cents\":137,\"tip_cents\":200,\"total_cents\":\"000\"},\"Stripe\":{\"stripeToken\":null}}'),(144,'2015-08-14 22:36:32','2015-08-14 22:36:32','2015-08-14 22:36:32',4,127,'{\"OrderItems\":[{\"item_type\":\"CustomerBentoBox\",\"items\":[{\"id\":1,\"type\":\"main\"},{\"id\":2,\"type\":\"side1\"}]}],\"OrderDetails\":{\"address\":{\"number\":\"1111\",\"street\":\"Kearny st.\",\"city\":\"San Francisco\",\"state\":\"CA\",\"zip\":\"94133\"},\"coords\":{\"lat\":\"37.798220\",\"long\":\"-122.405606\"},\"tax_cents\":137,\"tip_cents\":200,\"total_cents\":\"000\"},\"Stripe\":{\"stripeToken\":null}}'),(145,'2015-08-14 23:19:22','2015-08-14 23:19:22',NULL,1,NULL,'{\"OrderItems\":[{\"item_type\":\"CustomerBentoBox\",\"items\":[{\"id\":1,\"type\":\"main\"},{\"id\":2,\"type\":\"side1\"}]}],\"OrderDetails\":{\"address\":{\"number\":\"1111\",\"street\":\"Kearny st.\",\"city\":\"San Francisco\",\"state\":\"CA\",\"zip\":\"94133\"},\"coords\":{\"lat\":\"37.798220\",\"long\":\"-122.405606\"},\"tax_cents\":137,\"tip_cents\":200,\"total_cents\":\"1537\"},\"Stripe\":{\"stripeToken\":\"badToken!\"}}'),(146,'2015-08-14 23:19:24','2015-08-14 23:19:25','2015-08-14 23:19:25',6,128,'{\"OrderItems\":[{\"item_type\":\"CustomerBentoBox\",\"items\":[{\"id\":1,\"type\":\"main\"},{\"id\":2,\"type\":\"side1\"}]},{\"item_type\":\"CustomerBentoBox\",\"items\":[{\"id\":1,\"type\":\"main\"},{\"id\":2,\"type\":\"side1\"}]}],\"OrderDetails\":{\"address\":{\"number\":\"1111\",\"street\":\"Kearny st.\",\"city\":\"San Francisco\",\"state\":\"CA\",\"zip\":\"94133\"},\"coords\":{\"lat\":\"37.798220\",\"long\":\"-122.405606\"},\"tax_cents\":137,\"tip_cents\":200,\"total_cents\":\"1537\"},\"Stripe\":{\"stripeToken\":null}}'),(147,'2015-08-14 23:19:30','2015-08-14 23:19:30',NULL,1,NULL,'{\"OrderItems\":[{\"item_type\":\"CustomerBentoBox\",\"items\":[{\"id\":1,\"type\":\"main\"},{\"id\":2,\"type\":\"side1\"}]}],\"OrderDetails\":{\"address\":{\"number\":\"1111\",\"street\":\"Kearny st.\",\"city\":\"San Francisco\",\"state\":\"CA\",\"zip\":\"94133\"},\"coords\":{\"lat\":\"37.798220\",\"long\":\"-122.405606\"},\"tax_cents\":137,\"tip_cents\":200,\"total_cents\":\"1537\"},\"Stripe\":{\"stripeToken\":\"badToken!\"}}'),(148,'2015-08-14 23:19:33','2015-08-14 23:19:34','2015-08-14 23:19:34',6,129,'{\"OrderItems\":[{\"item_type\":\"CustomerBentoBox\",\"items\":[{\"id\":1,\"type\":\"main\"},{\"id\":2,\"type\":\"side1\"}]},{\"item_type\":\"CustomerBentoBox\",\"items\":[{\"id\":1,\"type\":\"main\"},{\"id\":2,\"type\":\"side1\"}]}],\"OrderDetails\":{\"address\":{\"number\":\"1111\",\"street\":\"Kearny st.\",\"city\":\"San Francisco\",\"state\":\"CA\",\"zip\":\"94133\"},\"coords\":{\"lat\":\"37.798220\",\"long\":\"-122.405606\"},\"tax_cents\":137,\"tip_cents\":200,\"total_cents\":\"1537\"},\"Stripe\":{\"stripeToken\":null}}'),(149,'2015-08-14 23:19:38','2015-08-14 23:19:39','2015-08-14 23:19:39',6,130,'{\"OrderItems\":[{\"item_type\":\"CustomerBentoBox\",\"items\":[{\"id\":1,\"type\":\"main\"},{\"id\":2,\"type\":\"side1\"}]}],\"OrderDetails\":{\"address\":{\"number\":\"1111998883\",\"street\":\"Kearny st.\",\"city\":\"San Francisco\",\"state\":\"CA\",\"zip\":\"94199\"},\"coords\":{\"lat\":\"37.798220\",\"long\":\"-122.405606\"},\"tax_cents\":137,\"tip_cents\":200,\"total_cents\":\"1537\"},\"Stripe\":{\"stripeToken\":null}}'),(150,'2015-08-14 23:19:43','2015-08-14 23:19:44','2015-08-14 23:19:44',6,131,'{\"OrderItems\":[{\"item_type\":\"CustomerBentoBox\",\"items\":[{\"id\":1,\"type\":\"main\"},{\"id\":2,\"type\":\"side1\"}]}],\"OrderDetails\":{\"address\":{\"number\":\"1111998883\",\"street\":\"Kearny st.\",\"city\":\"San Francisco\",\"state\":\"CA\",\"zip\":\"94199\"},\"coords\":{\"lat\":\"9937.798220\",\"long\":\"-99122.405606\"},\"tax_cents\":137,\"tip_cents\":200,\"total_cents\":\"1537\"},\"Stripe\":{\"stripeToken\":null}}'),(151,'2015-08-14 23:19:47','2015-08-14 23:19:48','2015-08-14 23:19:48',6,132,'{\"OrderItems\":[{\"item_type\":\"CustomerBentoBox\",\"items\":[{\"id\":1,\"type\":\"main\",\"name\":\"Soba Noodles with \\\"Chick\'n\\\"\"},{\"id\":2,\"type\":\"side1\",\"name\":\"Soba Noodles with \\\"Chick\'n\\\"\"}]}],\"OrderDetails\":{\"address\":{\"number\":\"\",\"street\":\"Kearny st.\",\"city\":\"\",\"state\":\"CA\",\"zip\":\"94199\"},\"coords\":{\"lat\":\"37.798220\",\"long\":\"-122.405606\"},\"tax_cents\":137,\"tip_cents\":200,\"total_cents\":\"1537\"},\"Stripe\":{\"stripeToken\":null}}'),(152,'2015-08-14 23:19:52','2015-08-14 23:19:53','2015-08-14 23:19:53',6,133,'{\"OrderItems\":[{\"item_type\":\"CustomerBentoBox\",\"items\":[{\"id\":1,\"type\":\"main\"},{\"id\":2,\"type\":\"side1\"}]}],\"OrderDetails\":{\"address\":{\"number\":\"706\",\"street\":\"Buchanan Street\",\"city\":\"San Francisco\",\"state\":\"CA\",\"zip\":\"94102\"},\"coords\":{\"lat\":\"37.798220\",\"long\":\"-122.405606\"},\"tax_cents\":137,\"tip_cents\":200,\"total_cents\":\"1537\"},\"Stripe\":{\"stripeToken\":null}}'),(153,'2015-08-14 23:19:57','2015-08-14 23:19:59','2015-08-14 23:19:59',2,134,'{\"OrderItems\":[{\"item_type\":\"CustomerBentoBox\",\"items\":[{\"id\":1,\"type\":\"main\"},{\"id\":2,\"type\":\"side1\"}]}],\"OrderDetails\":{\"address\":{\"number\":\"1111\",\"street\":\"Kearny st.\",\"city\":\"San Francisco\",\"state\":\"CA\",\"zip\":\"94133\"},\"coords\":{\"lat\":\"37.798220\",\"long\":\"-122.405606\"},\"tax_cents\":137,\"tip_cents\":200,\"total_cents\":\"1537\"},\"Stripe\":{\"stripeToken\":null}}'),(154,'2015-08-14 23:20:03','2015-08-14 23:20:03','2015-08-14 23:20:03',6,135,'{\"OrderItems\":[{\"item_type\":\"CustomerBentoBox\",\"items\":[{\"id\":1,\"type\":\"main\"},{\"id\":2,\"type\":\"side1\"}]}],\"OrderDetails\":{\"address\":{\"number\":\"1111\",\"street\":\"Kearny st.\",\"city\":\"San Francisco\",\"state\":\"CA\",\"zip\":\"94133\"},\"coords\":{\"lat\":\"37.798220\",\"long\":\"-122.405606\"},\"tax_cents\":137,\"tip_cents\":200,\"total_cents\":\"000\"},\"Stripe\":{\"stripeToken\":null}}'),(155,'2015-08-14 23:20:08','2015-08-14 23:20:08','2015-08-14 23:20:08',4,136,'{\"OrderItems\":[{\"item_type\":\"CustomerBentoBox\",\"items\":[{\"id\":1,\"type\":\"main\"},{\"id\":2,\"type\":\"side1\"}]}],\"OrderDetails\":{\"address\":{\"number\":\"1111\",\"street\":\"Kearny st.\",\"city\":\"San Francisco\",\"state\":\"CA\",\"zip\":\"94133\"},\"coords\":{\"lat\":\"37.798220\",\"long\":\"-122.405606\"},\"tax_cents\":137,\"tip_cents\":200,\"total_cents\":\"000\"},\"Stripe\":{\"stripeToken\":null}}'),(156,'2015-08-15 00:46:26','2015-08-15 00:46:26',NULL,1,NULL,'{\"OrderItems\":[{\"item_type\":\"CustomerBentoBox\",\"items\":[{\"id\":1,\"type\":\"main\"},{\"id\":2,\"type\":\"side1\"}]}],\"OrderDetails\":{\"address\":{\"number\":\"1111\",\"street\":\"Kearny st.\",\"city\":\"San Francisco\",\"state\":\"CA\",\"zip\":\"94133\"},\"coords\":{\"lat\":\"37.798220\",\"long\":\"-122.405606\"},\"tax_cents\":137,\"tip_cents\":200,\"total_cents\":\"1537\"},\"Stripe\":{\"stripeToken\":\"badToken!\"}}'),(157,'2015-08-15 00:46:28','2015-08-15 00:46:28','2015-08-15 00:46:28',6,137,'{\"OrderItems\":[{\"item_type\":\"CustomerBentoBox\",\"items\":[{\"id\":1,\"type\":\"main\"},{\"id\":2,\"type\":\"side1\"}]},{\"item_type\":\"CustomerBentoBox\",\"items\":[{\"id\":1,\"type\":\"main\"},{\"id\":2,\"type\":\"side1\"}]}],\"OrderDetails\":{\"address\":{\"number\":\"1111\",\"street\":\"Kearny st.\",\"city\":\"San Francisco\",\"state\":\"CA\",\"zip\":\"94133\"},\"coords\":{\"lat\":\"37.798220\",\"long\":\"-122.405606\"},\"tax_cents\":137,\"tip_cents\":200,\"total_cents\":\"1537\"},\"Stripe\":{\"stripeToken\":null}}'),(158,'2015-08-15 00:48:50','2015-08-15 00:48:50',NULL,1,NULL,'{\"OrderItems\":[{\"item_type\":\"CustomerBentoBox\",\"items\":[{\"id\":1,\"type\":\"main\"},{\"id\":2,\"type\":\"side1\"}]}],\"OrderDetails\":{\"address\":{\"number\":\"1111\",\"street\":\"Kearny st.\",\"city\":\"San Francisco\",\"state\":\"CA\",\"zip\":\"94133\"},\"coords\":{\"lat\":\"37.798220\",\"long\":\"-122.405606\"},\"tax_cents\":137,\"tip_cents\":200,\"total_cents\":\"1537\"},\"Stripe\":{\"stripeToken\":\"badToken!\"}}'),(159,'2015-08-15 00:48:51','2015-08-15 00:48:52','2015-08-15 00:48:52',6,138,'{\"OrderItems\":[{\"item_type\":\"CustomerBentoBox\",\"items\":[{\"id\":1,\"type\":\"main\"},{\"id\":2,\"type\":\"side1\"}]},{\"item_type\":\"CustomerBentoBox\",\"items\":[{\"id\":1,\"type\":\"main\"},{\"id\":2,\"type\":\"side1\"}]}],\"OrderDetails\":{\"address\":{\"number\":\"1111\",\"street\":\"Kearny st.\",\"city\":\"San Francisco\",\"state\":\"CA\",\"zip\":\"94133\"},\"coords\":{\"lat\":\"37.798220\",\"long\":\"-122.405606\"},\"tax_cents\":137,\"tip_cents\":200,\"total_cents\":\"1537\"},\"Stripe\":{\"stripeToken\":null}}'),(160,'2015-08-15 00:48:54','2015-08-15 00:48:54','2015-08-15 00:48:54',6,139,'{\"OrderItems\":[{\"item_type\":\"CustomerBentoBox\",\"items\":[{\"id\":1,\"type\":\"main\"},{\"id\":2,\"type\":\"side1\"}]}],\"OrderDetails\":{\"address\":{\"number\":\"1111998883\",\"street\":\"Kearny st.\",\"city\":\"San Francisco\",\"state\":\"CA\",\"zip\":\"94199\"},\"coords\":{\"lat\":\"37.798220\",\"long\":\"-122.405606\"},\"tax_cents\":137,\"tip_cents\":200,\"total_cents\":\"1537\"},\"Stripe\":{\"stripeToken\":null}}'),(161,'2015-08-15 00:48:56','2015-08-15 00:48:57','2015-08-15 00:48:57',6,140,'{\"OrderItems\":[{\"item_type\":\"CustomerBentoBox\",\"items\":[{\"id\":1,\"type\":\"main\"},{\"id\":2,\"type\":\"side1\"}]}],\"OrderDetails\":{\"address\":{\"number\":\"1111998883\",\"street\":\"Kearny st.\",\"city\":\"San Francisco\",\"state\":\"CA\",\"zip\":\"94199\"},\"coords\":{\"lat\":\"9937.798220\",\"long\":\"-99122.405606\"},\"tax_cents\":137,\"tip_cents\":200,\"total_cents\":\"1537\"},\"Stripe\":{\"stripeToken\":null}}'),(162,'2015-08-15 00:48:58','2015-08-15 00:48:59','2015-08-15 00:48:59',6,141,'{\"OrderItems\":[{\"item_type\":\"CustomerBentoBox\",\"items\":[{\"id\":1,\"type\":\"main\",\"name\":\"Soba Noodles with \\\"Chick\'n\\\"\"},{\"id\":2,\"type\":\"side1\",\"name\":\"Soba Noodles with \\\"Chick\'n\\\"\"}]}],\"OrderDetails\":{\"address\":{\"number\":\"\",\"street\":\"Kearny st.\",\"city\":\"\",\"state\":\"CA\",\"zip\":\"94199\"},\"coords\":{\"lat\":\"37.798220\",\"long\":\"-122.405606\"},\"tax_cents\":137,\"tip_cents\":200,\"total_cents\":\"1537\"},\"Stripe\":{\"stripeToken\":null}}'),(163,'2015-08-15 00:49:01','2015-08-15 00:49:01','2015-08-15 00:49:01',6,142,'{\"OrderItems\":[{\"item_type\":\"CustomerBentoBox\",\"items\":[{\"id\":1,\"type\":\"main\"},{\"id\":2,\"type\":\"side1\"}]}],\"OrderDetails\":{\"address\":{\"number\":\"706\",\"street\":\"Buchanan Street\",\"city\":\"San Francisco\",\"state\":\"CA\",\"zip\":\"94102\"},\"coords\":{\"lat\":\"37.798220\",\"long\":\"-122.405606\"},\"tax_cents\":137,\"tip_cents\":200,\"total_cents\":\"1537\"},\"Stripe\":{\"stripeToken\":null}}'),(164,'2015-08-15 00:49:03','2015-08-15 00:49:04','2015-08-15 00:49:04',2,143,'{\"OrderItems\":[{\"item_type\":\"CustomerBentoBox\",\"items\":[{\"id\":1,\"type\":\"main\"},{\"id\":2,\"type\":\"side1\"}]}],\"OrderDetails\":{\"address\":{\"number\":\"1111\",\"street\":\"Kearny st.\",\"city\":\"San Francisco\",\"state\":\"CA\",\"zip\":\"94133\"},\"coords\":{\"lat\":\"37.798220\",\"long\":\"-122.405606\"},\"tax_cents\":137,\"tip_cents\":200,\"total_cents\":\"1537\"},\"Stripe\":{\"stripeToken\":null}}'),(165,'2015-08-15 00:49:06','2015-08-15 00:49:06','2015-08-15 00:49:06',6,144,'{\"OrderItems\":[{\"item_type\":\"CustomerBentoBox\",\"items\":[{\"id\":1,\"type\":\"main\"},{\"id\":2,\"type\":\"side1\"}]}],\"OrderDetails\":{\"address\":{\"number\":\"1111\",\"street\":\"Kearny st.\",\"city\":\"San Francisco\",\"state\":\"CA\",\"zip\":\"94133\"},\"coords\":{\"lat\":\"37.798220\",\"long\":\"-122.405606\"},\"tax_cents\":137,\"tip_cents\":200,\"total_cents\":\"000\"},\"Stripe\":{\"stripeToken\":null}}'),(166,'2015-08-15 00:49:08','2015-08-15 00:49:08','2015-08-15 00:49:08',4,145,'{\"OrderItems\":[{\"item_type\":\"CustomerBentoBox\",\"items\":[{\"id\":1,\"type\":\"main\"},{\"id\":2,\"type\":\"side1\"}]}],\"OrderDetails\":{\"address\":{\"number\":\"1111\",\"street\":\"Kearny st.\",\"city\":\"San Francisco\",\"state\":\"CA\",\"zip\":\"94133\"},\"coords\":{\"lat\":\"37.798220\",\"long\":\"-122.405606\"},\"tax_cents\":137,\"tip_cents\":200,\"total_cents\":\"000\"},\"Stripe\":{\"stripeToken\":null}}'),(167,'2015-08-15 00:51:51','2015-08-15 00:51:51',NULL,1,NULL,'{\"OrderItems\":[{\"item_type\":\"CustomerBentoBox\",\"items\":[{\"id\":1,\"type\":\"main\"},{\"id\":2,\"type\":\"side1\"}]}],\"OrderDetails\":{\"address\":{\"number\":\"1111\",\"street\":\"Kearny st.\",\"city\":\"San Francisco\",\"state\":\"CA\",\"zip\":\"94133\"},\"coords\":{\"lat\":\"37.798220\",\"long\":\"-122.405606\"},\"tax_cents\":137,\"tip_cents\":200,\"total_cents\":\"1537\"},\"Stripe\":{\"stripeToken\":\"badToken!\"}}'),(168,'2015-08-15 00:51:51','2015-08-15 00:51:52','2015-08-15 00:51:52',6,146,'{\"OrderItems\":[{\"item_type\":\"CustomerBentoBox\",\"items\":[{\"id\":1,\"type\":\"main\"},{\"id\":2,\"type\":\"side1\"}]},{\"item_type\":\"CustomerBentoBox\",\"items\":[{\"id\":1,\"type\":\"main\"},{\"id\":2,\"type\":\"side1\"}]}],\"OrderDetails\":{\"address\":{\"number\":\"1111\",\"street\":\"Kearny st.\",\"city\":\"San Francisco\",\"state\":\"CA\",\"zip\":\"94133\"},\"coords\":{\"lat\":\"37.798220\",\"long\":\"-122.405606\"},\"tax_cents\":137,\"tip_cents\":200,\"total_cents\":\"1537\"},\"Stripe\":{\"stripeToken\":null}}'),(169,'2015-08-15 00:51:54','2015-08-15 00:51:55','2015-08-15 00:51:55',6,147,'{\"OrderItems\":[{\"item_type\":\"CustomerBentoBox\",\"items\":[{\"id\":1,\"type\":\"main\"},{\"id\":2,\"type\":\"side1\"}]}],\"OrderDetails\":{\"address\":{\"number\":\"1111998883\",\"street\":\"Kearny st.\",\"city\":\"San Francisco\",\"state\":\"CA\",\"zip\":\"94199\"},\"coords\":{\"lat\":\"37.798220\",\"long\":\"-122.405606\"},\"tax_cents\":137,\"tip_cents\":200,\"total_cents\":\"1537\"},\"Stripe\":{\"stripeToken\":null}}'),(170,'2015-08-15 00:51:58','2015-08-15 00:51:59','2015-08-15 00:51:59',6,148,'{\"OrderItems\":[{\"item_type\":\"CustomerBentoBox\",\"items\":[{\"id\":1,\"type\":\"main\"},{\"id\":2,\"type\":\"side1\"}]}],\"OrderDetails\":{\"address\":{\"number\":\"1111998883\",\"street\":\"Kearny st.\",\"city\":\"San Francisco\",\"state\":\"CA\",\"zip\":\"94199\"},\"coords\":{\"lat\":\"9937.798220\",\"long\":\"-99122.405606\"},\"tax_cents\":137,\"tip_cents\":200,\"total_cents\":\"1537\"},\"Stripe\":{\"stripeToken\":null}}'),(171,'2015-08-15 00:52:00','2015-08-15 00:52:01','2015-08-15 00:52:01',6,149,'{\"OrderItems\":[{\"item_type\":\"CustomerBentoBox\",\"items\":[{\"id\":1,\"type\":\"main\",\"name\":\"Soba Noodles with \\\"Chick\'n\\\"\"},{\"id\":2,\"type\":\"side1\",\"name\":\"Soba Noodles with \\\"Chick\'n\\\"\"}]}],\"OrderDetails\":{\"address\":{\"number\":\"\",\"street\":\"Kearny st.\",\"city\":\"\",\"state\":\"CA\",\"zip\":\"94199\"},\"coords\":{\"lat\":\"37.798220\",\"long\":\"-122.405606\"},\"tax_cents\":137,\"tip_cents\":200,\"total_cents\":\"1537\"},\"Stripe\":{\"stripeToken\":null}}'),(172,'2015-08-15 00:52:03','2015-08-15 00:52:03','2015-08-15 00:52:03',6,150,'{\"OrderItems\":[{\"item_type\":\"CustomerBentoBox\",\"items\":[{\"id\":1,\"type\":\"main\"},{\"id\":2,\"type\":\"side1\"}]}],\"OrderDetails\":{\"address\":{\"number\":\"706\",\"street\":\"Buchanan Street\",\"city\":\"San Francisco\",\"state\":\"CA\",\"zip\":\"94102\"},\"coords\":{\"lat\":\"37.798220\",\"long\":\"-122.405606\"},\"tax_cents\":137,\"tip_cents\":200,\"total_cents\":\"1537\"},\"Stripe\":{\"stripeToken\":null}}'),(173,'2015-08-15 00:52:05','2015-08-15 00:52:06','2015-08-15 00:52:06',2,151,'{\"OrderItems\":[{\"item_type\":\"CustomerBentoBox\",\"items\":[{\"id\":1,\"type\":\"main\"},{\"id\":2,\"type\":\"side1\"}]}],\"OrderDetails\":{\"address\":{\"number\":\"1111\",\"street\":\"Kearny st.\",\"city\":\"San Francisco\",\"state\":\"CA\",\"zip\":\"94133\"},\"coords\":{\"lat\":\"37.798220\",\"long\":\"-122.405606\"},\"tax_cents\":137,\"tip_cents\":200,\"total_cents\":\"1537\"},\"Stripe\":{\"stripeToken\":null}}'),(174,'2015-08-15 00:52:08','2015-08-15 00:52:08','2015-08-15 00:52:08',6,152,'{\"OrderItems\":[{\"item_type\":\"CustomerBentoBox\",\"items\":[{\"id\":1,\"type\":\"main\"},{\"id\":2,\"type\":\"side1\"}]}],\"OrderDetails\":{\"address\":{\"number\":\"1111\",\"street\":\"Kearny st.\",\"city\":\"San Francisco\",\"state\":\"CA\",\"zip\":\"94133\"},\"coords\":{\"lat\":\"37.798220\",\"long\":\"-122.405606\"},\"tax_cents\":137,\"tip_cents\":200,\"total_cents\":\"000\"},\"Stripe\":{\"stripeToken\":null}}'),(175,'2015-08-15 00:52:10','2015-08-15 00:52:10','2015-08-15 00:52:10',4,153,'{\"OrderItems\":[{\"item_type\":\"CustomerBentoBox\",\"items\":[{\"id\":1,\"type\":\"main\"},{\"id\":2,\"type\":\"side1\"}]}],\"OrderDetails\":{\"address\":{\"number\":\"1111\",\"street\":\"Kearny st.\",\"city\":\"San Francisco\",\"state\":\"CA\",\"zip\":\"94133\"},\"coords\":{\"lat\":\"37.798220\",\"long\":\"-122.405606\"},\"tax_cents\":137,\"tip_cents\":200,\"total_cents\":\"000\"},\"Stripe\":{\"stripeToken\":null}}'),(176,'2015-08-15 00:56:35','2015-08-15 00:56:35',NULL,1,NULL,'{\"OrderItems\":[{\"item_type\":\"CustomerBentoBox\",\"items\":[{\"id\":1,\"type\":\"main\"},{\"id\":2,\"type\":\"side1\"}]}],\"OrderDetails\":{\"address\":{\"number\":\"1111\",\"street\":\"Kearny st.\",\"city\":\"San Francisco\",\"state\":\"CA\",\"zip\":\"94133\"},\"coords\":{\"lat\":\"37.798220\",\"long\":\"-122.405606\"},\"tax_cents\":137,\"tip_cents\":200,\"total_cents\":\"1537\"},\"Stripe\":{\"stripeToken\":\"badToken!\"}}'),(177,'2015-08-15 00:56:36','2015-08-15 00:56:36','2015-08-15 00:56:36',6,154,'{\"OrderItems\":[{\"item_type\":\"CustomerBentoBox\",\"items\":[{\"id\":1,\"type\":\"main\"},{\"id\":2,\"type\":\"side1\"}]},{\"item_type\":\"CustomerBentoBox\",\"items\":[{\"id\":1,\"type\":\"main\"},{\"id\":2,\"type\":\"side1\"}]}],\"OrderDetails\":{\"address\":{\"number\":\"1111\",\"street\":\"Kearny st.\",\"city\":\"San Francisco\",\"state\":\"CA\",\"zip\":\"94133\"},\"coords\":{\"lat\":\"37.798220\",\"long\":\"-122.405606\"},\"tax_cents\":137,\"tip_cents\":200,\"total_cents\":\"1537\"},\"Stripe\":{\"stripeToken\":null}}'),(178,'2015-08-15 00:56:38','2015-08-15 00:56:39','2015-08-15 00:56:39',6,155,'{\"OrderItems\":[{\"item_type\":\"CustomerBentoBox\",\"items\":[{\"id\":1,\"type\":\"main\"},{\"id\":2,\"type\":\"side1\"}]}],\"OrderDetails\":{\"address\":{\"number\":\"1111998883\",\"street\":\"Kearny st.\",\"city\":\"San Francisco\",\"state\":\"CA\",\"zip\":\"94199\"},\"coords\":{\"lat\":\"37.798220\",\"long\":\"-122.405606\"},\"tax_cents\":137,\"tip_cents\":200,\"total_cents\":\"1537\"},\"Stripe\":{\"stripeToken\":null}}'),(179,'2015-08-15 00:56:41','2015-08-15 00:56:42','2015-08-15 00:56:42',6,156,'{\"OrderItems\":[{\"item_type\":\"CustomerBentoBox\",\"items\":[{\"id\":1,\"type\":\"main\"},{\"id\":2,\"type\":\"side1\"}]}],\"OrderDetails\":{\"address\":{\"number\":\"1111998883\",\"street\":\"Kearny st.\",\"city\":\"San Francisco\",\"state\":\"CA\",\"zip\":\"94199\"},\"coords\":{\"lat\":\"9937.798220\",\"long\":\"-99122.405606\"},\"tax_cents\":137,\"tip_cents\":200,\"total_cents\":\"1537\"},\"Stripe\":{\"stripeToken\":null}}'),(180,'2015-08-15 00:56:43','2015-08-15 00:56:43','2015-08-15 00:56:43',6,157,'{\"OrderItems\":[{\"item_type\":\"CustomerBentoBox\",\"items\":[{\"id\":1,\"type\":\"main\",\"name\":\"Soba Noodles with \\\"Chick\'n\\\"\"},{\"id\":2,\"type\":\"side1\",\"name\":\"Soba Noodles with \\\"Chick\'n\\\"\"}]}],\"OrderDetails\":{\"address\":{\"number\":\"\",\"street\":\"Kearny st.\",\"city\":\"\",\"state\":\"CA\",\"zip\":\"94199\"},\"coords\":{\"lat\":\"37.798220\",\"long\":\"-122.405606\"},\"tax_cents\":137,\"tip_cents\":200,\"total_cents\":\"1537\"},\"Stripe\":{\"stripeToken\":null}}'),(181,'2015-08-15 00:56:45','2015-08-15 00:56:46','2015-08-15 00:56:46',6,158,'{\"OrderItems\":[{\"item_type\":\"CustomerBentoBox\",\"items\":[{\"id\":1,\"type\":\"main\"},{\"id\":2,\"type\":\"side1\"}]}],\"OrderDetails\":{\"address\":{\"number\":\"706\",\"street\":\"Buchanan Street\",\"city\":\"San Francisco\",\"state\":\"CA\",\"zip\":\"94102\"},\"coords\":{\"lat\":\"37.798220\",\"long\":\"-122.405606\"},\"tax_cents\":137,\"tip_cents\":200,\"total_cents\":\"1537\"},\"Stripe\":{\"stripeToken\":null}}'),(182,'2015-08-15 00:56:48','2015-08-15 00:56:49','2015-08-15 00:56:49',2,159,'{\"OrderItems\":[{\"item_type\":\"CustomerBentoBox\",\"items\":[{\"id\":1,\"type\":\"main\"},{\"id\":2,\"type\":\"side1\"}]}],\"OrderDetails\":{\"address\":{\"number\":\"1111\",\"street\":\"Kearny st.\",\"city\":\"San Francisco\",\"state\":\"CA\",\"zip\":\"94133\"},\"coords\":{\"lat\":\"37.798220\",\"long\":\"-122.405606\"},\"tax_cents\":137,\"tip_cents\":200,\"total_cents\":\"1537\"},\"Stripe\":{\"stripeToken\":null}}'),(183,'2015-08-15 00:56:51','2015-08-15 00:56:51','2015-08-15 00:56:51',6,160,'{\"OrderItems\":[{\"item_type\":\"CustomerBentoBox\",\"items\":[{\"id\":1,\"type\":\"main\"},{\"id\":2,\"type\":\"side1\"}]}],\"OrderDetails\":{\"address\":{\"number\":\"1111\",\"street\":\"Kearny st.\",\"city\":\"San Francisco\",\"state\":\"CA\",\"zip\":\"94133\"},\"coords\":{\"lat\":\"37.798220\",\"long\":\"-122.405606\"},\"tax_cents\":137,\"tip_cents\":200,\"total_cents\":\"000\"},\"Stripe\":{\"stripeToken\":null}}'),(184,'2015-08-15 00:56:53','2015-08-15 00:56:53','2015-08-15 00:56:53',4,161,'{\"OrderItems\":[{\"item_type\":\"CustomerBentoBox\",\"items\":[{\"id\":1,\"type\":\"main\"},{\"id\":2,\"type\":\"side1\"}]}],\"OrderDetails\":{\"address\":{\"number\":\"1111\",\"street\":\"Kearny st.\",\"city\":\"San Francisco\",\"state\":\"CA\",\"zip\":\"94133\"},\"coords\":{\"lat\":\"37.798220\",\"long\":\"-122.405606\"},\"tax_cents\":137,\"tip_cents\":200,\"total_cents\":\"000\"},\"Stripe\":{\"stripeToken\":null}}'),(185,'2015-08-15 00:56:56','2015-08-15 00:56:56',NULL,6,NULL,'{\"OrderItems\":[{\"item_type\":\"CustomerBentoBox\",\"items\":[{\"id\":1,\"type\":\"main\"},{\"id\":2,\"type\":\"side1\"}]},{\"item_type\":\"CustomerBentoBox\",\"items\":[{\"id\":1,\"type\":\"main\"},{\"id\":2,\"type\":\"side1\"}]}],\"OrderDetails\":{\"address\":{\"number\":\"1111\",\"street\":\"Kearny st.\",\"city\":\"San Francisco\",\"state\":\"CA\",\"zip\":\"94133\"},\"coords\":{\"lat\":\"37.798220\",\"long\":\"-122.405606\"},\"tax_cents\":137,\"tip_cents\":200,\"total_cents\":\"1537\"},\"Stripe\":{\"stripeToken\":null},\"CouponCode\":\"1121113370998kkk7\"}'),(186,'2015-08-15 00:58:34','2015-08-15 00:58:34',NULL,1,NULL,'{\"OrderItems\":[{\"item_type\":\"CustomerBentoBox\",\"items\":[{\"id\":1,\"type\":\"main\"},{\"id\":2,\"type\":\"side1\"}]}],\"OrderDetails\":{\"address\":{\"number\":\"1111\",\"street\":\"Kearny st.\",\"city\":\"San Francisco\",\"state\":\"CA\",\"zip\":\"94133\"},\"coords\":{\"lat\":\"37.798220\",\"long\":\"-122.405606\"},\"tax_cents\":137,\"tip_cents\":200,\"total_cents\":\"1537\"},\"Stripe\":{\"stripeToken\":\"badToken!\"}}'),(187,'2015-08-15 00:58:35','2015-08-15 00:58:36','2015-08-15 00:58:36',6,162,'{\"OrderItems\":[{\"item_type\":\"CustomerBentoBox\",\"items\":[{\"id\":1,\"type\":\"main\"},{\"id\":2,\"type\":\"side1\"}]},{\"item_type\":\"CustomerBentoBox\",\"items\":[{\"id\":1,\"type\":\"main\"},{\"id\":2,\"type\":\"side1\"}]}],\"OrderDetails\":{\"address\":{\"number\":\"1111\",\"street\":\"Kearny st.\",\"city\":\"San Francisco\",\"state\":\"CA\",\"zip\":\"94133\"},\"coords\":{\"lat\":\"37.798220\",\"long\":\"-122.405606\"},\"tax_cents\":137,\"tip_cents\":200,\"total_cents\":\"1537\"},\"Stripe\":{\"stripeToken\":null}}'),(188,'2015-08-15 00:58:38','2015-08-15 00:58:38','2015-08-15 00:58:38',6,163,'{\"OrderItems\":[{\"item_type\":\"CustomerBentoBox\",\"items\":[{\"id\":1,\"type\":\"main\"},{\"id\":2,\"type\":\"side1\"}]}],\"OrderDetails\":{\"address\":{\"number\":\"1111998883\",\"street\":\"Kearny st.\",\"city\":\"San Francisco\",\"state\":\"CA\",\"zip\":\"94199\"},\"coords\":{\"lat\":\"37.798220\",\"long\":\"-122.405606\"},\"tax_cents\":137,\"tip_cents\":200,\"total_cents\":\"1537\"},\"Stripe\":{\"stripeToken\":null}}'),(189,'2015-08-15 00:58:40','2015-08-15 00:58:40','2015-08-15 00:58:40',6,164,'{\"OrderItems\":[{\"item_type\":\"CustomerBentoBox\",\"items\":[{\"id\":1,\"type\":\"main\"},{\"id\":2,\"type\":\"side1\"}]}],\"OrderDetails\":{\"address\":{\"number\":\"1111998883\",\"street\":\"Kearny st.\",\"city\":\"San Francisco\",\"state\":\"CA\",\"zip\":\"94199\"},\"coords\":{\"lat\":\"9937.798220\",\"long\":\"-99122.405606\"},\"tax_cents\":137,\"tip_cents\":200,\"total_cents\":\"1537\"},\"Stripe\":{\"stripeToken\":null}}'),(190,'2015-08-15 00:58:42','2015-08-15 00:58:42','2015-08-15 00:58:42',6,165,'{\"OrderItems\":[{\"item_type\":\"CustomerBentoBox\",\"items\":[{\"id\":1,\"type\":\"main\",\"name\":\"Soba Noodles with \\\"Chick\'n\\\"\"},{\"id\":2,\"type\":\"side1\",\"name\":\"Soba Noodles with \\\"Chick\'n\\\"\"}]}],\"OrderDetails\":{\"address\":{\"number\":\"\",\"street\":\"Kearny st.\",\"city\":\"\",\"state\":\"CA\",\"zip\":\"94199\"},\"coords\":{\"lat\":\"37.798220\",\"long\":\"-122.405606\"},\"tax_cents\":137,\"tip_cents\":200,\"total_cents\":\"1537\"},\"Stripe\":{\"stripeToken\":null}}'),(191,'2015-08-15 00:58:44','2015-08-15 00:58:45','2015-08-15 00:58:45',6,166,'{\"OrderItems\":[{\"item_type\":\"CustomerBentoBox\",\"items\":[{\"id\":1,\"type\":\"main\"},{\"id\":2,\"type\":\"side1\"}]}],\"OrderDetails\":{\"address\":{\"number\":\"706\",\"street\":\"Buchanan Street\",\"city\":\"San Francisco\",\"state\":\"CA\",\"zip\":\"94102\"},\"coords\":{\"lat\":\"37.798220\",\"long\":\"-122.405606\"},\"tax_cents\":137,\"tip_cents\":200,\"total_cents\":\"1537\"},\"Stripe\":{\"stripeToken\":null}}'),(192,'2015-08-15 00:58:47','2015-08-15 00:58:47','2015-08-15 00:58:47',2,167,'{\"OrderItems\":[{\"item_type\":\"CustomerBentoBox\",\"items\":[{\"id\":1,\"type\":\"main\"},{\"id\":2,\"type\":\"side1\"}]}],\"OrderDetails\":{\"address\":{\"number\":\"1111\",\"street\":\"Kearny st.\",\"city\":\"San Francisco\",\"state\":\"CA\",\"zip\":\"94133\"},\"coords\":{\"lat\":\"37.798220\",\"long\":\"-122.405606\"},\"tax_cents\":137,\"tip_cents\":200,\"total_cents\":\"1537\"},\"Stripe\":{\"stripeToken\":null}}'),(193,'2015-08-15 00:58:49','2015-08-15 00:58:49','2015-08-15 00:58:49',6,168,'{\"OrderItems\":[{\"item_type\":\"CustomerBentoBox\",\"items\":[{\"id\":1,\"type\":\"main\"},{\"id\":2,\"type\":\"side1\"}]}],\"OrderDetails\":{\"address\":{\"number\":\"1111\",\"street\":\"Kearny st.\",\"city\":\"San Francisco\",\"state\":\"CA\",\"zip\":\"94133\"},\"coords\":{\"lat\":\"37.798220\",\"long\":\"-122.405606\"},\"tax_cents\":137,\"tip_cents\":200,\"total_cents\":\"000\"},\"Stripe\":{\"stripeToken\":null}}'),(194,'2015-08-15 00:58:52','2015-08-15 00:58:52','2015-08-15 00:58:52',4,169,'{\"OrderItems\":[{\"item_type\":\"CustomerBentoBox\",\"items\":[{\"id\":1,\"type\":\"main\"},{\"id\":2,\"type\":\"side1\"}]}],\"OrderDetails\":{\"address\":{\"number\":\"1111\",\"street\":\"Kearny st.\",\"city\":\"San Francisco\",\"state\":\"CA\",\"zip\":\"94133\"},\"coords\":{\"lat\":\"37.798220\",\"long\":\"-122.405606\"},\"tax_cents\":137,\"tip_cents\":200,\"total_cents\":\"000\"},\"Stripe\":{\"stripeToken\":null}}'),(195,'2015-08-15 00:58:54','2015-08-15 00:58:54','2015-08-15 00:58:54',6,170,'{\"OrderItems\":[{\"item_type\":\"CustomerBentoBox\",\"items\":[{\"id\":1,\"type\":\"main\"},{\"id\":2,\"type\":\"side1\"}]},{\"item_type\":\"CustomerBentoBox\",\"items\":[{\"id\":1,\"type\":\"main\"},{\"id\":2,\"type\":\"side1\"}]}],\"OrderDetails\":{\"address\":{\"number\":\"1111\",\"street\":\"Kearny st.\",\"city\":\"San Francisco\",\"state\":\"CA\",\"zip\":\"94133\"},\"coords\":{\"lat\":\"37.798220\",\"long\":\"-122.405606\"},\"tax_cents\":137,\"tip_cents\":200,\"total_cents\":\"1537\"},\"Stripe\":{\"stripeToken\":null},\"CouponCode\":\"1121113370998kkk7\"}'),(196,'2015-08-17 18:56:01','2015-08-17 18:56:01',NULL,1,NULL,'{\"OrderItems\":[{\"item_type\":\"CustomerBentoBox\",\"items\":[{\"id\":1,\"type\":\"main\"},{\"id\":2,\"type\":\"side1\"}]}],\"OrderDetails\":{\"address\":{\"number\":\"1111\",\"street\":\"Kearny st.\",\"city\":\"San Francisco\",\"state\":\"CA\",\"zip\":\"94133\"},\"coords\":{\"lat\":\"37.798220\",\"long\":\"-122.405606\"},\"tax_cents\":137,\"tip_cents\":200,\"total_cents\":\"1537\"},\"Stripe\":{\"stripeToken\":\"badToken!\"}}'),(197,'2015-08-17 18:56:02','2015-08-17 18:56:03','2015-08-17 18:56:03',6,171,'{\"OrderItems\":[{\"item_type\":\"CustomerBentoBox\",\"items\":[{\"id\":1,\"type\":\"main\"},{\"id\":2,\"type\":\"side1\"}]},{\"item_type\":\"CustomerBentoBox\",\"items\":[{\"id\":1,\"type\":\"main\"},{\"id\":2,\"type\":\"side1\"}]}],\"OrderDetails\":{\"address\":{\"number\":\"1111\",\"street\":\"Kearny st.\",\"city\":\"San Francisco\",\"state\":\"CA\",\"zip\":\"94133\"},\"coords\":{\"lat\":\"37.798220\",\"long\":\"-122.405606\"},\"tax_cents\":137,\"tip_cents\":200,\"total_cents\":\"1537\"},\"Stripe\":{\"stripeToken\":null}}'),(198,'2015-08-17 18:56:05','2015-08-17 18:56:05','2015-08-17 18:56:05',6,172,'{\"OrderItems\":[{\"item_type\":\"CustomerBentoBox\",\"items\":[{\"id\":1,\"type\":\"main\"},{\"id\":2,\"type\":\"side1\"}]}],\"OrderDetails\":{\"address\":{\"number\":\"1111998883\",\"street\":\"Kearny st.\",\"city\":\"San Francisco\",\"state\":\"CA\",\"zip\":\"94199\"},\"coords\":{\"lat\":\"37.798220\",\"long\":\"-122.405606\"},\"tax_cents\":137,\"tip_cents\":200,\"total_cents\":\"1537\"},\"Stripe\":{\"stripeToken\":null}}'),(199,'2015-08-17 18:56:08','2015-08-17 18:56:08','2015-08-17 18:56:08',6,173,'{\"OrderItems\":[{\"item_type\":\"CustomerBentoBox\",\"items\":[{\"id\":1,\"type\":\"main\"},{\"id\":2,\"type\":\"side1\"}]}],\"OrderDetails\":{\"address\":{\"number\":\"1111998883\",\"street\":\"Kearny st.\",\"city\":\"San Francisco\",\"state\":\"CA\",\"zip\":\"94199\"},\"coords\":{\"lat\":\"9937.798220\",\"long\":\"-99122.405606\"},\"tax_cents\":137,\"tip_cents\":200,\"total_cents\":\"1537\"},\"Stripe\":{\"stripeToken\":null}}'),(200,'2015-08-17 18:56:10','2015-08-17 18:56:10','2015-08-17 18:56:10',6,174,'{\"OrderItems\":[{\"item_type\":\"CustomerBentoBox\",\"items\":[{\"id\":1,\"type\":\"main\",\"name\":\"Soba Noodles with \\\"Chick\'n\\\"\"},{\"id\":2,\"type\":\"side1\",\"name\":\"Soba Noodles with \\\"Chick\'n\\\"\"}]}],\"OrderDetails\":{\"address\":{\"number\":\"\",\"street\":\"Kearny st.\",\"city\":\"\",\"state\":\"CA\",\"zip\":\"94199\"},\"coords\":{\"lat\":\"37.798220\",\"long\":\"-122.405606\"},\"tax_cents\":137,\"tip_cents\":200,\"total_cents\":\"1537\"},\"Stripe\":{\"stripeToken\":null}}'),(201,'2015-08-17 18:56:12','2015-08-17 18:56:13','2015-08-17 18:56:13',6,175,'{\"OrderItems\":[{\"item_type\":\"CustomerBentoBox\",\"items\":[{\"id\":1,\"type\":\"main\"},{\"id\":2,\"type\":\"side1\"}]}],\"OrderDetails\":{\"address\":{\"number\":\"706\",\"street\":\"Buchanan Street\",\"city\":\"San Francisco\",\"state\":\"CA\",\"zip\":\"94102\"},\"coords\":{\"lat\":\"37.798220\",\"long\":\"-122.405606\"},\"tax_cents\":137,\"tip_cents\":200,\"total_cents\":\"1537\"},\"Stripe\":{\"stripeToken\":null}}'),(202,'2015-08-17 18:56:15','2015-08-17 18:56:15','2015-08-17 18:56:15',2,176,'{\"OrderItems\":[{\"item_type\":\"CustomerBentoBox\",\"items\":[{\"id\":1,\"type\":\"main\"},{\"id\":2,\"type\":\"side1\"}]}],\"OrderDetails\":{\"address\":{\"number\":\"1111\",\"street\":\"Kearny st.\",\"city\":\"San Francisco\",\"state\":\"CA\",\"zip\":\"94133\"},\"coords\":{\"lat\":\"37.798220\",\"long\":\"-122.405606\"},\"tax_cents\":137,\"tip_cents\":200,\"total_cents\":\"1537\"},\"Stripe\":{\"stripeToken\":null}}'),(203,'2015-08-17 18:56:17','2015-08-17 18:56:17','2015-08-17 18:56:17',6,177,'{\"OrderItems\":[{\"item_type\":\"CustomerBentoBox\",\"items\":[{\"id\":1,\"type\":\"main\"},{\"id\":2,\"type\":\"side1\"}]}],\"OrderDetails\":{\"address\":{\"number\":\"1111\",\"street\":\"Kearny st.\",\"city\":\"San Francisco\",\"state\":\"CA\",\"zip\":\"94133\"},\"coords\":{\"lat\":\"37.798220\",\"long\":\"-122.405606\"},\"tax_cents\":137,\"tip_cents\":200,\"total_cents\":\"000\"},\"Stripe\":{\"stripeToken\":null}}'),(204,'2015-08-17 18:56:20','2015-08-17 18:56:20','2015-08-17 18:56:20',4,178,'{\"OrderItems\":[{\"item_type\":\"CustomerBentoBox\",\"items\":[{\"id\":1,\"type\":\"main\"},{\"id\":2,\"type\":\"side1\"}]}],\"OrderDetails\":{\"address\":{\"number\":\"1111\",\"street\":\"Kearny st.\",\"city\":\"San Francisco\",\"state\":\"CA\",\"zip\":\"94133\"},\"coords\":{\"lat\":\"37.798220\",\"long\":\"-122.405606\"},\"tax_cents\":137,\"tip_cents\":200,\"total_cents\":\"000\"},\"Stripe\":{\"stripeToken\":null}}'),(205,'2015-08-17 18:56:24','2015-08-17 18:56:24','2015-08-17 18:56:24',6,179,'{\"OrderItems\":[{\"item_type\":\"CustomerBentoBox\",\"items\":[{\"id\":1,\"type\":\"main\"},{\"id\":2,\"type\":\"side1\"}]},{\"item_type\":\"CustomerBentoBox\",\"items\":[{\"id\":1,\"type\":\"main\"},{\"id\":2,\"type\":\"side1\"}]}],\"OrderDetails\":{\"address\":{\"number\":\"1111\",\"street\":\"Kearny st.\",\"city\":\"San Francisco\",\"state\":\"CA\",\"zip\":\"94133\"},\"coords\":{\"lat\":\"37.798220\",\"long\":\"-122.405606\"},\"tax_cents\":137,\"tip_cents\":200,\"total_cents\":\"1537\"},\"Stripe\":{\"stripeToken\":null},\"CouponCode\":\"1121113370998kkk7\"}'),(206,'2015-08-17 20:19:15','2015-08-17 20:19:15',NULL,1,NULL,'{\"OrderItems\":[{\"item_type\":\"CustomerBentoBox\",\"items\":[{\"id\":1,\"type\":\"main\"},{\"id\":2,\"type\":\"side1\"}]}],\"OrderDetails\":{\"address\":{\"number\":\"1111\",\"street\":\"Kearny st.\",\"city\":\"San Francisco\",\"state\":\"CA\",\"zip\":\"94133\"},\"coords\":{\"lat\":\"37.798220\",\"long\":\"-122.405606\"},\"tax_cents\":137,\"tip_cents\":200,\"total_cents\":\"1537\"},\"Stripe\":{\"stripeToken\":\"badToken!\"}}'),(207,'2015-08-17 20:19:17','2015-08-17 20:19:17','2015-08-17 20:19:17',6,180,'{\"OrderItems\":[{\"item_type\":\"CustomerBentoBox\",\"items\":[{\"id\":1,\"type\":\"main\"},{\"id\":2,\"type\":\"side1\"}]},{\"item_type\":\"CustomerBentoBox\",\"items\":[{\"id\":1,\"type\":\"main\"},{\"id\":2,\"type\":\"side1\"}]}],\"OrderDetails\":{\"address\":{\"number\":\"1111\",\"street\":\"Kearny st.\",\"city\":\"San Francisco\",\"state\":\"CA\",\"zip\":\"94133\"},\"coords\":{\"lat\":\"37.798220\",\"long\":\"-122.405606\"},\"tax_cents\":137,\"tip_cents\":200,\"total_cents\":\"1537\"},\"Stripe\":{\"stripeToken\":null}}'),(208,'2015-08-17 20:19:20','2015-08-17 20:19:20','2015-08-17 20:19:20',6,181,'{\"OrderItems\":[{\"item_type\":\"CustomerBentoBox\",\"items\":[{\"id\":1,\"type\":\"main\"},{\"id\":2,\"type\":\"side1\"}]}],\"OrderDetails\":{\"address\":{\"number\":\"1111998883\",\"street\":\"Kearny st.\",\"city\":\"San Francisco\",\"state\":\"CA\",\"zip\":\"94199\"},\"coords\":{\"lat\":\"37.798220\",\"long\":\"-122.405606\"},\"tax_cents\":137,\"tip_cents\":200,\"total_cents\":\"1537\"},\"Stripe\":{\"stripeToken\":null}}'),(209,'2015-08-17 20:19:23','2015-08-17 20:19:24','2015-08-17 20:19:24',6,182,'{\"OrderItems\":[{\"item_type\":\"CustomerBentoBox\",\"items\":[{\"id\":1,\"type\":\"main\"},{\"id\":2,\"type\":\"side1\"}]}],\"OrderDetails\":{\"address\":{\"number\":\"1111998883\",\"street\":\"Kearny st.\",\"city\":\"San Francisco\",\"state\":\"CA\",\"zip\":\"94199\"},\"coords\":{\"lat\":\"9937.798220\",\"long\":\"-99122.405606\"},\"tax_cents\":137,\"tip_cents\":200,\"total_cents\":\"1537\"},\"Stripe\":{\"stripeToken\":null}}'),(210,'2015-08-17 20:19:25','2015-08-17 20:19:26','2015-08-17 20:19:26',6,183,'{\"OrderItems\":[{\"item_type\":\"CustomerBentoBox\",\"items\":[{\"id\":1,\"type\":\"main\",\"name\":\"Soba Noodles with \\\"Chick\'n\\\"\"},{\"id\":2,\"type\":\"side1\",\"name\":\"Soba Noodles with \\\"Chick\'n\\\"\"}]}],\"OrderDetails\":{\"address\":{\"number\":\"\",\"street\":\"Kearny st.\",\"city\":\"\",\"state\":\"CA\",\"zip\":\"94199\"},\"coords\":{\"lat\":\"37.798220\",\"long\":\"-122.405606\"},\"tax_cents\":137,\"tip_cents\":200,\"total_cents\":\"1537\"},\"Stripe\":{\"stripeToken\":null}}'),(211,'2015-08-17 20:19:28','2015-08-17 20:19:28','2015-08-17 20:19:28',6,184,'{\"OrderItems\":[{\"item_type\":\"CustomerBentoBox\",\"items\":[{\"id\":1,\"type\":\"main\"},{\"id\":2,\"type\":\"side1\"}]}],\"OrderDetails\":{\"address\":{\"number\":\"706\",\"street\":\"Buchanan Street\",\"city\":\"San Francisco\",\"state\":\"CA\",\"zip\":\"94102\"},\"coords\":{\"lat\":\"37.798220\",\"long\":\"-122.405606\"},\"tax_cents\":137,\"tip_cents\":200,\"total_cents\":\"1537\"},\"Stripe\":{\"stripeToken\":null}}'),(212,'2015-08-17 20:19:31','2015-08-17 20:19:31','2015-08-17 20:19:31',2,185,'{\"OrderItems\":[{\"item_type\":\"CustomerBentoBox\",\"items\":[{\"id\":1,\"type\":\"main\"},{\"id\":2,\"type\":\"side1\"}]}],\"OrderDetails\":{\"address\":{\"number\":\"1111\",\"street\":\"Kearny st.\",\"city\":\"San Francisco\",\"state\":\"CA\",\"zip\":\"94133\"},\"coords\":{\"lat\":\"37.798220\",\"long\":\"-122.405606\"},\"tax_cents\":137,\"tip_cents\":200,\"total_cents\":\"1537\"},\"Stripe\":{\"stripeToken\":null}}'),(213,'2015-08-17 20:19:33','2015-08-17 20:19:33','2015-08-17 20:19:33',6,186,'{\"OrderItems\":[{\"item_type\":\"CustomerBentoBox\",\"items\":[{\"id\":1,\"type\":\"main\"},{\"id\":2,\"type\":\"side1\"}]}],\"OrderDetails\":{\"address\":{\"number\":\"1111\",\"street\":\"Kearny st.\",\"city\":\"San Francisco\",\"state\":\"CA\",\"zip\":\"94133\"},\"coords\":{\"lat\":\"37.798220\",\"long\":\"-122.405606\"},\"tax_cents\":137,\"tip_cents\":200,\"total_cents\":\"000\"},\"Stripe\":{\"stripeToken\":null}}'),(214,'2015-08-17 20:19:35','2015-08-17 20:19:35','2015-08-17 20:19:35',4,187,'{\"OrderItems\":[{\"item_type\":\"CustomerBentoBox\",\"items\":[{\"id\":1,\"type\":\"main\"},{\"id\":2,\"type\":\"side1\"}]}],\"OrderDetails\":{\"address\":{\"number\":\"1111\",\"street\":\"Kearny st.\",\"city\":\"San Francisco\",\"state\":\"CA\",\"zip\":\"94133\"},\"coords\":{\"lat\":\"37.798220\",\"long\":\"-122.405606\"},\"tax_cents\":137,\"tip_cents\":200,\"total_cents\":\"000\"},\"Stripe\":{\"stripeToken\":null}}'),(215,'2015-08-17 20:19:38','2015-08-17 20:19:38','2015-08-17 20:19:38',6,188,'{\"OrderItems\":[{\"item_type\":\"CustomerBentoBox\",\"items\":[{\"id\":1,\"type\":\"main\"},{\"id\":2,\"type\":\"side1\"}]},{\"item_type\":\"CustomerBentoBox\",\"items\":[{\"id\":1,\"type\":\"main\"},{\"id\":2,\"type\":\"side1\"}]}],\"OrderDetails\":{\"address\":{\"number\":\"1111\",\"street\":\"Kearny st.\",\"city\":\"San Francisco\",\"state\":\"CA\",\"zip\":\"94133\"},\"coords\":{\"lat\":\"37.798220\",\"long\":\"-122.405606\"},\"tax_cents\":137,\"tip_cents\":200,\"total_cents\":\"1537\"},\"Stripe\":{\"stripeToken\":null},\"CouponCode\":\"1121113370998kkk7\"}'),(216,'2015-08-17 20:38:21','2015-08-17 20:38:21',NULL,1,NULL,'{\"OrderItems\":[{\"item_type\":\"CustomerBentoBox\",\"items\":[{\"id\":1,\"type\":\"main\"},{\"id\":2,\"type\":\"side1\"}]}],\"OrderDetails\":{\"address\":{\"number\":\"1111\",\"street\":\"Kearny st.\",\"city\":\"San Francisco\",\"state\":\"CA\",\"zip\":\"94133\"},\"coords\":{\"lat\":\"37.798220\",\"long\":\"-122.405606\"},\"tax_cents\":137,\"tip_cents\":200,\"total_cents\":\"1537\"},\"Stripe\":{\"stripeToken\":\"badToken!\"}}'),(217,'2015-08-17 20:38:22','2015-08-17 20:38:22','2015-08-17 20:38:22',6,189,'{\"OrderItems\":[{\"item_type\":\"CustomerBentoBox\",\"items\":[{\"id\":1,\"type\":\"main\"},{\"id\":2,\"type\":\"side1\"}]},{\"item_type\":\"CustomerBentoBox\",\"items\":[{\"id\":1,\"type\":\"main\"},{\"id\":2,\"type\":\"side1\"}]}],\"OrderDetails\":{\"address\":{\"number\":\"1111\",\"street\":\"Kearny st.\",\"city\":\"San Francisco\",\"state\":\"CA\",\"zip\":\"94133\"},\"coords\":{\"lat\":\"37.798220\",\"long\":\"-122.405606\"},\"tax_cents\":137,\"tip_cents\":200,\"total_cents\":\"1537\"},\"Stripe\":{\"stripeToken\":null}}'),(218,'2015-08-17 20:38:24','2015-08-17 20:38:25','2015-08-17 20:38:25',6,190,'{\"OrderItems\":[{\"item_type\":\"CustomerBentoBox\",\"items\":[{\"id\":1,\"type\":\"main\"},{\"id\":2,\"type\":\"side1\"}]}],\"OrderDetails\":{\"address\":{\"number\":\"1111998883\",\"street\":\"Kearny st.\",\"city\":\"San Francisco\",\"state\":\"CA\",\"zip\":\"94199\"},\"coords\":{\"lat\":\"37.798220\",\"long\":\"-122.405606\"},\"tax_cents\":137,\"tip_cents\":200,\"total_cents\":\"1537\"},\"Stripe\":{\"stripeToken\":null}}'),(219,'2015-08-17 20:38:27','2015-08-17 20:38:28','2015-08-17 20:38:28',6,191,'{\"OrderItems\":[{\"item_type\":\"CustomerBentoBox\",\"items\":[{\"id\":1,\"type\":\"main\"},{\"id\":2,\"type\":\"side1\"}]}],\"OrderDetails\":{\"address\":{\"number\":\"1111998883\",\"street\":\"Kearny st.\",\"city\":\"San Francisco\",\"state\":\"CA\",\"zip\":\"94199\"},\"coords\":{\"lat\":\"9937.798220\",\"long\":\"-99122.405606\"},\"tax_cents\":137,\"tip_cents\":200,\"total_cents\":\"1537\"},\"Stripe\":{\"stripeToken\":null}}'),(220,'2015-08-17 20:38:29','2015-08-17 20:38:29','2015-08-17 20:38:29',6,192,'{\"OrderItems\":[{\"item_type\":\"CustomerBentoBox\",\"items\":[{\"id\":1,\"type\":\"main\",\"name\":\"Soba Noodles with \\\"Chick\'n\\\"\"},{\"id\":2,\"type\":\"side1\",\"name\":\"Soba Noodles with \\\"Chick\'n\\\"\"}]}],\"OrderDetails\":{\"address\":{\"number\":\"\",\"street\":\"Kearny st.\",\"city\":\"\",\"state\":\"CA\",\"zip\":\"94199\"},\"coords\":{\"lat\":\"37.798220\",\"long\":\"-122.405606\"},\"tax_cents\":137,\"tip_cents\":200,\"total_cents\":\"1537\"},\"Stripe\":{\"stripeToken\":null}}'),(221,'2015-08-17 20:38:32','2015-08-17 20:38:33','2015-08-17 20:38:33',6,193,'{\"OrderItems\":[{\"item_type\":\"CustomerBentoBox\",\"items\":[{\"id\":1,\"type\":\"main\"},{\"id\":2,\"type\":\"side1\"}]}],\"OrderDetails\":{\"address\":{\"number\":\"706\",\"street\":\"Buchanan Street\",\"city\":\"San Francisco\",\"state\":\"CA\",\"zip\":\"94102\"},\"coords\":{\"lat\":\"37.798220\",\"long\":\"-122.405606\"},\"tax_cents\":137,\"tip_cents\":200,\"total_cents\":\"1537\"},\"Stripe\":{\"stripeToken\":null}}'),(222,'2015-08-17 20:38:35','2015-08-17 20:38:35','2015-08-17 20:38:35',2,194,'{\"OrderItems\":[{\"item_type\":\"CustomerBentoBox\",\"items\":[{\"id\":1,\"type\":\"main\"},{\"id\":2,\"type\":\"side1\"}]}],\"OrderDetails\":{\"address\":{\"number\":\"1111\",\"street\":\"Kearny st.\",\"city\":\"San Francisco\",\"state\":\"CA\",\"zip\":\"94133\"},\"coords\":{\"lat\":\"37.798220\",\"long\":\"-122.405606\"},\"tax_cents\":137,\"tip_cents\":200,\"total_cents\":\"1537\"},\"Stripe\":{\"stripeToken\":null}}'),(223,'2015-08-17 20:38:37','2015-08-17 20:38:37','2015-08-17 20:38:37',6,195,'{\"OrderItems\":[{\"item_type\":\"CustomerBentoBox\",\"items\":[{\"id\":1,\"type\":\"main\"},{\"id\":2,\"type\":\"side1\"}]}],\"OrderDetails\":{\"address\":{\"number\":\"1111\",\"street\":\"Kearny st.\",\"city\":\"San Francisco\",\"state\":\"CA\",\"zip\":\"94133\"},\"coords\":{\"lat\":\"37.798220\",\"long\":\"-122.405606\"},\"tax_cents\":137,\"tip_cents\":200,\"total_cents\":\"000\"},\"Stripe\":{\"stripeToken\":null}}'),(224,'2015-08-17 20:38:40','2015-08-17 20:38:40','2015-08-17 20:38:40',4,196,'{\"OrderItems\":[{\"item_type\":\"CustomerBentoBox\",\"items\":[{\"id\":1,\"type\":\"main\"},{\"id\":2,\"type\":\"side1\"}]}],\"OrderDetails\":{\"address\":{\"number\":\"1111\",\"street\":\"Kearny st.\",\"city\":\"San Francisco\",\"state\":\"CA\",\"zip\":\"94133\"},\"coords\":{\"lat\":\"37.798220\",\"long\":\"-122.405606\"},\"tax_cents\":137,\"tip_cents\":200,\"total_cents\":\"000\"},\"Stripe\":{\"stripeToken\":null}}'),(225,'2015-08-17 20:38:42','2015-08-17 20:38:43','2015-08-17 20:38:43',6,197,'{\"OrderItems\":[{\"item_type\":\"CustomerBentoBox\",\"items\":[{\"id\":1,\"type\":\"main\"},{\"id\":2,\"type\":\"side1\"}]},{\"item_type\":\"CustomerBentoBox\",\"items\":[{\"id\":1,\"type\":\"main\"},{\"id\":2,\"type\":\"side1\"}]}],\"OrderDetails\":{\"address\":{\"number\":\"1111\",\"street\":\"Kearny st.\",\"city\":\"San Francisco\",\"state\":\"CA\",\"zip\":\"94133\"},\"coords\":{\"lat\":\"37.798220\",\"long\":\"-122.405606\"},\"tax_cents\":137,\"tip_cents\":200,\"total_cents\":\"1537\"},\"Stripe\":{\"stripeToken\":null},\"CouponCode\":\"1121113370998kkk7\"}'),(226,'2015-08-17 20:52:59','2015-08-17 20:52:59',NULL,1,NULL,'{\"OrderItems\":[{\"item_type\":\"CustomerBentoBox\",\"items\":[{\"id\":1,\"type\":\"main\"},{\"id\":2,\"type\":\"side1\"}]}],\"OrderDetails\":{\"address\":{\"number\":\"1111\",\"street\":\"Kearny st.\",\"city\":\"San Francisco\",\"state\":\"CA\",\"zip\":\"94133\"},\"coords\":{\"lat\":\"37.798220\",\"long\":\"-122.405606\"},\"tax_cents\":137,\"tip_cents\":200,\"total_cents\":\"1537\"},\"Stripe\":{\"stripeToken\":\"badToken!\"}}'),(227,'2015-08-17 20:53:00','2015-08-17 20:53:00','2015-08-17 20:53:00',6,198,'{\"OrderItems\":[{\"item_type\":\"CustomerBentoBox\",\"items\":[{\"id\":1,\"type\":\"main\"},{\"id\":2,\"type\":\"side1\"}]},{\"item_type\":\"CustomerBentoBox\",\"items\":[{\"id\":1,\"type\":\"main\"},{\"id\":2,\"type\":\"side1\"}]}],\"OrderDetails\":{\"address\":{\"number\":\"1111\",\"street\":\"Kearny st.\",\"city\":\"San Francisco\",\"state\":\"CA\",\"zip\":\"94133\"},\"coords\":{\"lat\":\"37.798220\",\"long\":\"-122.405606\"},\"tax_cents\":137,\"tip_cents\":200,\"total_cents\":\"1537\"},\"Stripe\":{\"stripeToken\":null}}'),(228,'2015-08-17 20:53:03','2015-08-17 20:53:03','2015-08-17 20:53:03',6,199,'{\"OrderItems\":[{\"item_type\":\"CustomerBentoBox\",\"items\":[{\"id\":1,\"type\":\"main\"},{\"id\":2,\"type\":\"side1\"}]}],\"OrderDetails\":{\"address\":{\"number\":\"1111998883\",\"street\":\"Kearny st.\",\"city\":\"San Francisco\",\"state\":\"CA\",\"zip\":\"94199\"},\"coords\":{\"lat\":\"37.798220\",\"long\":\"-122.405606\"},\"tax_cents\":137,\"tip_cents\":200,\"total_cents\":\"1537\"},\"Stripe\":{\"stripeToken\":null}}'),(229,'2015-08-17 20:53:05','2015-08-17 20:53:05','2015-08-17 20:53:05',6,200,'{\"OrderItems\":[{\"item_type\":\"CustomerBentoBox\",\"items\":[{\"id\":1,\"type\":\"main\"},{\"id\":2,\"type\":\"side1\"}]}],\"OrderDetails\":{\"address\":{\"number\":\"1111998883\",\"street\":\"Kearny st.\",\"city\":\"San Francisco\",\"state\":\"CA\",\"zip\":\"94199\"},\"coords\":{\"lat\":\"9937.798220\",\"long\":\"-99122.405606\"},\"tax_cents\":137,\"tip_cents\":200,\"total_cents\":\"1537\"},\"Stripe\":{\"stripeToken\":null}}'),(230,'2015-08-17 20:53:07','2015-08-17 20:53:07','2015-08-17 20:53:07',6,201,'{\"OrderItems\":[{\"item_type\":\"CustomerBentoBox\",\"items\":[{\"id\":1,\"type\":\"main\",\"name\":\"Soba Noodles with \\\"Chick\'n\\\"\"},{\"id\":2,\"type\":\"side1\",\"name\":\"Soba Noodles with \\\"Chick\'n\\\"\"}]}],\"OrderDetails\":{\"address\":{\"number\":\"\",\"street\":\"Kearny st.\",\"city\":\"\",\"state\":\"CA\",\"zip\":\"94199\"},\"coords\":{\"lat\":\"37.798220\",\"long\":\"-122.405606\"},\"tax_cents\":137,\"tip_cents\":200,\"total_cents\":\"1537\"},\"Stripe\":{\"stripeToken\":null}}'),(231,'2015-08-17 20:53:10','2015-08-17 20:53:11','2015-08-17 20:53:11',6,202,'{\"OrderItems\":[{\"item_type\":\"CustomerBentoBox\",\"items\":[{\"id\":1,\"type\":\"main\"},{\"id\":2,\"type\":\"side1\"}]}],\"OrderDetails\":{\"address\":{\"number\":\"706\",\"street\":\"Buchanan Street\",\"city\":\"San Francisco\",\"state\":\"CA\",\"zip\":\"94102\"},\"coords\":{\"lat\":\"37.798220\",\"long\":\"-122.405606\"},\"tax_cents\":137,\"tip_cents\":200,\"total_cents\":\"1537\"},\"Stripe\":{\"stripeToken\":null}}'),(232,'2015-08-17 20:53:13','2015-08-17 20:53:14','2015-08-17 20:53:14',2,203,'{\"OrderItems\":[{\"item_type\":\"CustomerBentoBox\",\"items\":[{\"id\":1,\"type\":\"main\"},{\"id\":2,\"type\":\"side1\"}]}],\"OrderDetails\":{\"address\":{\"number\":\"1111\",\"street\":\"Kearny st.\",\"city\":\"San Francisco\",\"state\":\"CA\",\"zip\":\"94133\"},\"coords\":{\"lat\":\"37.798220\",\"long\":\"-122.405606\"},\"tax_cents\":137,\"tip_cents\":200,\"total_cents\":\"1537\"},\"Stripe\":{\"stripeToken\":null}}'),(233,'2015-08-17 20:53:17','2015-08-17 20:53:17','2015-08-17 20:53:17',6,204,'{\"OrderItems\":[{\"item_type\":\"CustomerBentoBox\",\"items\":[{\"id\":1,\"type\":\"main\"},{\"id\":2,\"type\":\"side1\"}]}],\"OrderDetails\":{\"address\":{\"number\":\"1111\",\"street\":\"Kearny st.\",\"city\":\"San Francisco\",\"state\":\"CA\",\"zip\":\"94133\"},\"coords\":{\"lat\":\"37.798220\",\"long\":\"-122.405606\"},\"tax_cents\":137,\"tip_cents\":200,\"total_cents\":\"000\"},\"Stripe\":{\"stripeToken\":null}}'),(234,'2015-08-17 20:53:19','2015-08-17 20:53:19','2015-08-17 20:53:19',4,205,'{\"OrderItems\":[{\"item_type\":\"CustomerBentoBox\",\"items\":[{\"id\":1,\"type\":\"main\"},{\"id\":2,\"type\":\"side1\"}]}],\"OrderDetails\":{\"address\":{\"number\":\"1111\",\"street\":\"Kearny st.\",\"city\":\"San Francisco\",\"state\":\"CA\",\"zip\":\"94133\"},\"coords\":{\"lat\":\"37.798220\",\"long\":\"-122.405606\"},\"tax_cents\":137,\"tip_cents\":200,\"total_cents\":\"000\"},\"Stripe\":{\"stripeToken\":null}}'),(235,'2015-08-17 20:53:22','2015-08-17 20:53:22','2015-08-17 20:53:22',6,206,'{\"OrderItems\":[{\"item_type\":\"CustomerBentoBox\",\"items\":[{\"id\":1,\"type\":\"main\"},{\"id\":2,\"type\":\"side1\"}]},{\"item_type\":\"CustomerBentoBox\",\"items\":[{\"id\":1,\"type\":\"main\"},{\"id\":2,\"type\":\"side1\"}]}],\"OrderDetails\":{\"address\":{\"number\":\"1111\",\"street\":\"Kearny st.\",\"city\":\"San Francisco\",\"state\":\"CA\",\"zip\":\"94133\"},\"coords\":{\"lat\":\"37.798220\",\"long\":\"-122.405606\"},\"tax_cents\":137,\"tip_cents\":200,\"total_cents\":\"1537\"},\"Stripe\":{\"stripeToken\":null},\"CouponCode\":\"1121113370998kkk7\"}'),(236,'2015-08-17 21:03:30','2015-08-17 21:03:30',NULL,6,NULL,'{\"OrderItems\":[{\"item_type\":\"CustomerBentoBox\",\"unit_price\":12,\"items\":[{\"id\":11,\"type\":\"main\"},{\"id\":1,\"type\":\"side1\"},{\"id\":1,\"type\":\"side2\"},{\"id\":5,\"type\":\"side3\"},{\"id\":3,\"type\":\"side4\"}]},{\"item_type\":\"CustomerBentoBox\",\"unit_price\":12,\"items\":[{\"id\":9,\"type\":\"main\"},{\"id\":5,\"type\":\"side1\"},{\"id\":4,\"type\":\"side2\"},{\"id\":6,\"type\":\"side3\"},{\"id\":5,\"type\":\"side4\"}]}],\"OrderDetails\":{\"address\":{\"number\":\"1111\",\"street\":\"Kearny st.\",\"city\":\"San Francisco\",\"state\":\"CA\",\"zip\":\"94133\"},\"coords\":{\"lat\":\"37.798220\",\"long\":\"-122.405606\"},\"coupon_discount_cents\":500,\"tax_cents\":137,\"tip_cents\":200,\"total_cents\":\"1537\"},\"Stripe\":{\"stripeToken\":\"tok_15Mt2kEmZcPNENoGjJw2am8L\"},\"CouponCode\":\"jason1\"}'),(237,'2015-08-17 21:03:59','2015-08-17 21:03:59',NULL,6,NULL,'{\"OrderItems\":[{\"item_type\":\"CustomerBentoBox\",\"unit_price\":12,\"items\":[{\"id\":11,\"type\":\"main\"},{\"id\":1,\"type\":\"side1\"},{\"id\":1,\"type\":\"side2\"},{\"id\":5,\"type\":\"side3\"},{\"id\":3,\"type\":\"side4\"}]},{\"item_type\":\"CustomerBentoBox\",\"unit_price\":12,\"items\":[{\"id\":9,\"type\":\"main\"},{\"id\":5,\"type\":\"side1\"},{\"id\":4,\"type\":\"side2\"},{\"id\":6,\"type\":\"side3\"},{\"id\":5,\"type\":\"side4\"}]}],\"OrderDetails\":{\"address\":{\"number\":\"1111\",\"street\":\"Kearny st.\",\"city\":\"San Francisco\",\"state\":\"CA\",\"zip\":\"94133\"},\"coords\":{\"lat\":\"37.798220\",\"long\":\"-122.405606\"},\"coupon_discount_cents\":500,\"tax_cents\":137,\"tip_cents\":200,\"total_cents\":\"1537\"},\"Stripe\":{\"stripeToken\":\"tok_15Mt2kEmZcPNENoGjJw2am8L\"},\"CouponCode\":\"jason1\"}'),(238,'2015-08-17 21:06:08','2015-08-17 21:06:08','2015-08-17 21:06:08',6,207,'{\"OrderItems\":[{\"item_type\":\"CustomerBentoBox\",\"unit_price\":12,\"items\":[{\"id\":11,\"type\":\"main\"},{\"id\":1,\"type\":\"side1\"},{\"id\":1,\"type\":\"side2\"},{\"id\":5,\"type\":\"side3\"},{\"id\":3,\"type\":\"side4\"}]},{\"item_type\":\"CustomerBentoBox\",\"unit_price\":12,\"items\":[{\"id\":9,\"type\":\"main\"},{\"id\":5,\"type\":\"side1\"},{\"id\":4,\"type\":\"side2\"},{\"id\":6,\"type\":\"side3\"},{\"id\":5,\"type\":\"side4\"}]}],\"OrderDetails\":{\"address\":{\"number\":\"1111\",\"street\":\"Kearny st.\",\"city\":\"San Francisco\",\"state\":\"CA\",\"zip\":\"94133\"},\"coords\":{\"lat\":\"37.798220\",\"long\":\"-122.405606\"},\"coupon_discount_cents\":500,\"tax_cents\":137,\"tip_cents\":200,\"total_cents\":\"1537\"},\"Stripe\":{\"stripeToken\":null},\"CouponCode\":\"jason1\"}'),(239,'2015-08-17 21:26:22','2015-08-17 21:26:22',NULL,1,NULL,'{\"OrderItems\":[{\"item_type\":\"CustomerBentoBox\",\"items\":[{\"id\":1,\"type\":\"main\"},{\"id\":2,\"type\":\"side1\"}]}],\"OrderDetails\":{\"address\":{\"number\":\"1111\",\"street\":\"Kearny st.\",\"city\":\"San Francisco\",\"state\":\"CA\",\"zip\":\"94133\"},\"coords\":{\"lat\":\"37.798220\",\"long\":\"-122.405606\"},\"tax_cents\":137,\"tip_cents\":200,\"total_cents\":\"1537\"},\"Stripe\":{\"stripeToken\":\"badToken!\"}}'),(240,'2015-08-17 21:26:23','2015-08-17 21:26:23','2015-08-17 21:26:23',6,208,'{\"OrderItems\":[{\"item_type\":\"CustomerBentoBox\",\"items\":[{\"id\":1,\"type\":\"main\"},{\"id\":2,\"type\":\"side1\"}]},{\"item_type\":\"CustomerBentoBox\",\"items\":[{\"id\":1,\"type\":\"main\"},{\"id\":2,\"type\":\"side1\"}]}],\"OrderDetails\":{\"address\":{\"number\":\"1111\",\"street\":\"Kearny st.\",\"city\":\"San Francisco\",\"state\":\"CA\",\"zip\":\"94133\"},\"coords\":{\"lat\":\"37.798220\",\"long\":\"-122.405606\"},\"tax_cents\":137,\"tip_cents\":200,\"total_cents\":\"1537\"},\"Stripe\":{\"stripeToken\":null}}'),(241,'2015-08-17 21:26:26','2015-08-17 21:26:26','2015-08-17 21:26:26',6,209,'{\"OrderItems\":[{\"item_type\":\"CustomerBentoBox\",\"items\":[{\"id\":1,\"type\":\"main\"},{\"id\":2,\"type\":\"side1\"}]}],\"OrderDetails\":{\"address\":{\"number\":\"1111998883\",\"street\":\"Kearny st.\",\"city\":\"San Francisco\",\"state\":\"CA\",\"zip\":\"94199\"},\"coords\":{\"lat\":\"37.798220\",\"long\":\"-122.405606\"},\"tax_cents\":137,\"tip_cents\":200,\"total_cents\":\"1537\"},\"Stripe\":{\"stripeToken\":null}}'),(242,'2015-08-17 21:26:28','2015-08-17 21:26:28','2015-08-17 21:26:28',6,210,'{\"OrderItems\":[{\"item_type\":\"CustomerBentoBox\",\"items\":[{\"id\":1,\"type\":\"main\"},{\"id\":2,\"type\":\"side1\"}]}],\"OrderDetails\":{\"address\":{\"number\":\"1111998883\",\"street\":\"Kearny st.\",\"city\":\"San Francisco\",\"state\":\"CA\",\"zip\":\"94199\"},\"coords\":{\"lat\":\"9937.798220\",\"long\":\"-99122.405606\"},\"tax_cents\":137,\"tip_cents\":200,\"total_cents\":\"1537\"},\"Stripe\":{\"stripeToken\":null}}'),(243,'2015-08-17 21:26:30','2015-08-17 21:26:30','2015-08-17 21:26:30',6,211,'{\"OrderItems\":[{\"item_type\":\"CustomerBentoBox\",\"items\":[{\"id\":1,\"type\":\"main\",\"name\":\"Soba Noodles with \\\"Chick\'n\\\"\"},{\"id\":2,\"type\":\"side1\",\"name\":\"Soba Noodles with \\\"Chick\'n\\\"\"}]}],\"OrderDetails\":{\"address\":{\"number\":\"\",\"street\":\"Kearny st.\",\"city\":\"\",\"state\":\"CA\",\"zip\":\"94199\"},\"coords\":{\"lat\":\"37.798220\",\"long\":\"-122.405606\"},\"tax_cents\":137,\"tip_cents\":200,\"total_cents\":\"1537\"},\"Stripe\":{\"stripeToken\":null}}'),(244,'2015-08-17 21:26:33','2015-08-17 21:26:34','2015-08-17 21:26:34',6,212,'{\"OrderItems\":[{\"item_type\":\"CustomerBentoBox\",\"items\":[{\"id\":1,\"type\":\"main\"},{\"id\":2,\"type\":\"side1\"}]}],\"OrderDetails\":{\"address\":{\"number\":\"706\",\"street\":\"Buchanan Street\",\"city\":\"San Francisco\",\"state\":\"CA\",\"zip\":\"94102\"},\"coords\":{\"lat\":\"37.798220\",\"long\":\"-122.405606\"},\"tax_cents\":137,\"tip_cents\":200,\"total_cents\":\"1537\"},\"Stripe\":{\"stripeToken\":null}}'),(245,'2015-08-17 21:26:36','2015-08-17 21:26:36','2015-08-17 21:26:36',2,213,'{\"OrderItems\":[{\"item_type\":\"CustomerBentoBox\",\"items\":[{\"id\":1,\"type\":\"main\"},{\"id\":2,\"type\":\"side1\"}]}],\"OrderDetails\":{\"address\":{\"number\":\"1111\",\"street\":\"Kearny st.\",\"city\":\"San Francisco\",\"state\":\"CA\",\"zip\":\"94133\"},\"coords\":{\"lat\":\"37.798220\",\"long\":\"-122.405606\"},\"tax_cents\":137,\"tip_cents\":200,\"total_cents\":\"1537\"},\"Stripe\":{\"stripeToken\":null}}'),(246,'2015-08-17 21:26:39','2015-08-17 21:26:39','2015-08-17 21:26:39',6,214,'{\"OrderItems\":[{\"item_type\":\"CustomerBentoBox\",\"items\":[{\"id\":1,\"type\":\"main\"},{\"id\":2,\"type\":\"side1\"}]}],\"OrderDetails\":{\"address\":{\"number\":\"1111\",\"street\":\"Kearny st.\",\"city\":\"San Francisco\",\"state\":\"CA\",\"zip\":\"94133\"},\"coords\":{\"lat\":\"37.798220\",\"long\":\"-122.405606\"},\"tax_cents\":137,\"tip_cents\":200,\"total_cents\":\"000\"},\"Stripe\":{\"stripeToken\":null}}'),(247,'2015-08-17 21:26:41','2015-08-17 21:26:41','2015-08-17 21:26:41',4,215,'{\"OrderItems\":[{\"item_type\":\"CustomerBentoBox\",\"items\":[{\"id\":1,\"type\":\"main\"},{\"id\":2,\"type\":\"side1\"}]}],\"OrderDetails\":{\"address\":{\"number\":\"1111\",\"street\":\"Kearny st.\",\"city\":\"San Francisco\",\"state\":\"CA\",\"zip\":\"94133\"},\"coords\":{\"lat\":\"37.798220\",\"long\":\"-122.405606\"},\"tax_cents\":137,\"tip_cents\":200,\"total_cents\":\"000\"},\"Stripe\":{\"stripeToken\":null}}'),(248,'2015-08-17 21:26:44','2015-08-17 21:26:44','2015-08-17 21:26:44',6,216,'{\"OrderItems\":[{\"item_type\":\"CustomerBentoBox\",\"items\":[{\"id\":1,\"type\":\"main\"},{\"id\":2,\"type\":\"side1\"}]},{\"item_type\":\"CustomerBentoBox\",\"items\":[{\"id\":1,\"type\":\"main\"},{\"id\":2,\"type\":\"side1\"}]}],\"OrderDetails\":{\"address\":{\"number\":\"1111\",\"street\":\"Kearny st.\",\"city\":\"San Francisco\",\"state\":\"CA\",\"zip\":\"94133\"},\"coords\":{\"lat\":\"37.798220\",\"long\":\"-122.405606\"},\"tax_cents\":137,\"tip_cents\":200,\"total_cents\":\"1537\"},\"Stripe\":{\"stripeToken\":null},\"CouponCode\":\"1121113370998kkk7\"}'),(249,'2015-08-17 21:32:36','2015-08-17 21:32:36',NULL,1,NULL,'{\"OrderItems\":[{\"item_type\":\"CustomerBentoBox\",\"items\":[{\"id\":1,\"type\":\"main\"},{\"id\":2,\"type\":\"side1\"}]}],\"OrderDetails\":{\"address\":{\"number\":\"1111\",\"street\":\"Kearny st.\",\"city\":\"San Francisco\",\"state\":\"CA\",\"zip\":\"94133\"},\"coords\":{\"lat\":\"37.798220\",\"long\":\"-122.405606\"},\"tax_cents\":137,\"tip_cents\":200,\"total_cents\":\"1537\"},\"Stripe\":{\"stripeToken\":\"badToken!\"}}'),(250,'2015-08-17 21:32:37','2015-08-17 21:32:38','2015-08-17 21:32:38',6,217,'{\"OrderItems\":[{\"item_type\":\"CustomerBentoBox\",\"items\":[{\"id\":1,\"type\":\"main\"},{\"id\":2,\"type\":\"side1\"}]},{\"item_type\":\"CustomerBentoBox\",\"items\":[{\"id\":1,\"type\":\"main\"},{\"id\":2,\"type\":\"side1\"}]}],\"OrderDetails\":{\"address\":{\"number\":\"1111\",\"street\":\"Kearny st.\",\"city\":\"San Francisco\",\"state\":\"CA\",\"zip\":\"94133\"},\"coords\":{\"lat\":\"37.798220\",\"long\":\"-122.405606\"},\"tax_cents\":137,\"tip_cents\":200,\"total_cents\":\"1537\"},\"Stripe\":{\"stripeToken\":null}}'),(251,'2015-08-17 21:32:40','2015-08-17 21:32:41','2015-08-17 21:32:41',6,218,'{\"OrderItems\":[{\"item_type\":\"CustomerBentoBox\",\"items\":[{\"id\":1,\"type\":\"main\"},{\"id\":2,\"type\":\"side1\"}]}],\"OrderDetails\":{\"address\":{\"number\":\"1111998883\",\"street\":\"Kearny st.\",\"city\":\"San Francisco\",\"state\":\"CA\",\"zip\":\"94199\"},\"coords\":{\"lat\":\"37.798220\",\"long\":\"-122.405606\"},\"tax_cents\":137,\"tip_cents\":200,\"total_cents\":\"1537\"},\"Stripe\":{\"stripeToken\":null}}'),(252,'2015-08-17 21:32:43','2015-08-17 21:32:44','2015-08-17 21:32:44',6,219,'{\"OrderItems\":[{\"item_type\":\"CustomerBentoBox\",\"items\":[{\"id\":1,\"type\":\"main\"},{\"id\":2,\"type\":\"side1\"}]}],\"OrderDetails\":{\"address\":{\"number\":\"1111998883\",\"street\":\"Kearny st.\",\"city\":\"San Francisco\",\"state\":\"CA\",\"zip\":\"94199\"},\"coords\":{\"lat\":\"9937.798220\",\"long\":\"-99122.405606\"},\"tax_cents\":137,\"tip_cents\":200,\"total_cents\":\"1537\"},\"Stripe\":{\"stripeToken\":null}}'),(253,'2015-08-17 21:32:45','2015-08-17 21:32:46','2015-08-17 21:32:46',6,220,'{\"OrderItems\":[{\"item_type\":\"CustomerBentoBox\",\"items\":[{\"id\":1,\"type\":\"main\",\"name\":\"Soba Noodles with \\\"Chick\'n\\\"\"},{\"id\":2,\"type\":\"side1\",\"name\":\"Soba Noodles with \\\"Chick\'n\\\"\"}]}],\"OrderDetails\":{\"address\":{\"number\":\"\",\"street\":\"Kearny st.\",\"city\":\"\",\"state\":\"CA\",\"zip\":\"94199\"},\"coords\":{\"lat\":\"37.798220\",\"long\":\"-122.405606\"},\"tax_cents\":137,\"tip_cents\":200,\"total_cents\":\"1537\"},\"Stripe\":{\"stripeToken\":null}}'),(254,'2015-08-17 21:32:51','2015-08-17 21:32:51','2015-08-17 21:32:51',6,221,'{\"OrderItems\":[{\"item_type\":\"CustomerBentoBox\",\"items\":[{\"id\":1,\"type\":\"main\"},{\"id\":2,\"type\":\"side1\"}]}],\"OrderDetails\":{\"address\":{\"number\":\"706\",\"street\":\"Buchanan Street\",\"city\":\"San Francisco\",\"state\":\"CA\",\"zip\":\"94102\"},\"coords\":{\"lat\":\"37.798220\",\"long\":\"-122.405606\"},\"tax_cents\":137,\"tip_cents\":200,\"total_cents\":\"1537\"},\"Stripe\":{\"stripeToken\":null}}'),(255,'2015-08-17 21:32:54','2015-08-17 21:32:54','2015-08-17 21:32:54',2,222,'{\"OrderItems\":[{\"item_type\":\"CustomerBentoBox\",\"items\":[{\"id\":1,\"type\":\"main\"},{\"id\":2,\"type\":\"side1\"}]}],\"OrderDetails\":{\"address\":{\"number\":\"1111\",\"street\":\"Kearny st.\",\"city\":\"San Francisco\",\"state\":\"CA\",\"zip\":\"94133\"},\"coords\":{\"lat\":\"37.798220\",\"long\":\"-122.405606\"},\"tax_cents\":137,\"tip_cents\":200,\"total_cents\":\"1537\"},\"Stripe\":{\"stripeToken\":null}}'),(256,'2015-08-17 21:32:56','2015-08-17 21:32:56','2015-08-17 21:32:56',6,223,'{\"OrderItems\":[{\"item_type\":\"CustomerBentoBox\",\"items\":[{\"id\":1,\"type\":\"main\"},{\"id\":2,\"type\":\"side1\"}]}],\"OrderDetails\":{\"address\":{\"number\":\"1111\",\"street\":\"Kearny st.\",\"city\":\"San Francisco\",\"state\":\"CA\",\"zip\":\"94133\"},\"coords\":{\"lat\":\"37.798220\",\"long\":\"-122.405606\"},\"tax_cents\":137,\"tip_cents\":200,\"total_cents\":\"000\"},\"Stripe\":{\"stripeToken\":null}}'),(257,'2015-08-17 21:32:59','2015-08-17 21:32:59','2015-08-17 21:32:59',4,224,'{\"OrderItems\":[{\"item_type\":\"CustomerBentoBox\",\"items\":[{\"id\":1,\"type\":\"main\"},{\"id\":2,\"type\":\"side1\"}]}],\"OrderDetails\":{\"address\":{\"number\":\"1111\",\"street\":\"Kearny st.\",\"city\":\"San Francisco\",\"state\":\"CA\",\"zip\":\"94133\"},\"coords\":{\"lat\":\"37.798220\",\"long\":\"-122.405606\"},\"tax_cents\":137,\"tip_cents\":200,\"total_cents\":\"000\"},\"Stripe\":{\"stripeToken\":null}}'),(258,'2015-08-17 21:33:02','2015-08-17 21:33:03','2015-08-17 21:33:03',6,225,'{\"OrderItems\":[{\"item_type\":\"CustomerBentoBox\",\"items\":[{\"id\":1,\"type\":\"main\"},{\"id\":2,\"type\":\"side1\"}]},{\"item_type\":\"CustomerBentoBox\",\"items\":[{\"id\":1,\"type\":\"main\"},{\"id\":2,\"type\":\"side1\"}]}],\"OrderDetails\":{\"address\":{\"number\":\"1111\",\"street\":\"Kearny st.\",\"city\":\"San Francisco\",\"state\":\"CA\",\"zip\":\"94133\"},\"coords\":{\"lat\":\"37.798220\",\"long\":\"-122.405606\"},\"tax_cents\":137,\"tip_cents\":200,\"total_cents\":\"1537\"},\"Stripe\":{\"stripeToken\":null},\"CouponCode\":\"1121113370998kkk7\"}'),(259,'2015-08-17 21:36:23','2015-08-17 21:36:23',NULL,1,NULL,'{\"OrderItems\":[{\"item_type\":\"CustomerBentoBox\",\"items\":[{\"id\":1,\"type\":\"main\"},{\"id\":2,\"type\":\"side1\"}]}],\"OrderDetails\":{\"address\":{\"number\":\"1111\",\"street\":\"Kearny st.\",\"city\":\"San Francisco\",\"state\":\"CA\",\"zip\":\"94133\"},\"coords\":{\"lat\":\"37.798220\",\"long\":\"-122.405606\"},\"tax_cents\":137,\"tip_cents\":200,\"total_cents\":\"1537\"},\"Stripe\":{\"stripeToken\":\"badToken!\"}}'),(260,'2015-08-17 21:36:24','2015-08-17 21:36:24','2015-08-17 21:36:24',6,226,'{\"OrderItems\":[{\"item_type\":\"CustomerBentoBox\",\"items\":[{\"id\":1,\"type\":\"main\"},{\"id\":2,\"type\":\"side1\"}]},{\"item_type\":\"CustomerBentoBox\",\"items\":[{\"id\":1,\"type\":\"main\"},{\"id\":2,\"type\":\"side1\"}]}],\"OrderDetails\":{\"address\":{\"number\":\"1111\",\"street\":\"Kearny st.\",\"city\":\"San Francisco\",\"state\":\"CA\",\"zip\":\"94133\"},\"coords\":{\"lat\":\"37.798220\",\"long\":\"-122.405606\"},\"tax_cents\":137,\"tip_cents\":200,\"total_cents\":\"1537\"},\"Stripe\":{\"stripeToken\":null}}'),(261,'2015-08-17 21:36:36','2015-08-17 21:36:37','2015-08-17 21:36:37',6,227,'{\"OrderItems\":[{\"item_type\":\"CustomerBentoBox\",\"items\":[{\"id\":1,\"type\":\"main\"},{\"id\":2,\"type\":\"side1\"}]}],\"OrderDetails\":{\"address\":{\"number\":\"1111998883\",\"street\":\"Kearny st.\",\"city\":\"San Francisco\",\"state\":\"CA\",\"zip\":\"94199\"},\"coords\":{\"lat\":\"37.798220\",\"long\":\"-122.405606\"},\"tax_cents\":137,\"tip_cents\":200,\"total_cents\":\"1537\"},\"Stripe\":{\"stripeToken\":null}}'),(262,'2015-08-17 21:36:49','2015-08-17 21:36:49','2015-08-17 21:36:49',6,228,'{\"OrderItems\":[{\"item_type\":\"CustomerBentoBox\",\"items\":[{\"id\":1,\"type\":\"main\"},{\"id\":2,\"type\":\"side1\"}]}],\"OrderDetails\":{\"address\":{\"number\":\"1111998883\",\"street\":\"Kearny st.\",\"city\":\"San Francisco\",\"state\":\"CA\",\"zip\":\"94199\"},\"coords\":{\"lat\":\"9937.798220\",\"long\":\"-99122.405606\"},\"tax_cents\":137,\"tip_cents\":200,\"total_cents\":\"1537\"},\"Stripe\":{\"stripeToken\":null}}'),(263,'2015-08-17 21:36:51','2015-08-17 21:36:51','2015-08-17 21:36:51',6,229,'{\"OrderItems\":[{\"item_type\":\"CustomerBentoBox\",\"items\":[{\"id\":1,\"type\":\"main\",\"name\":\"Soba Noodles with \\\"Chick\'n\\\"\"},{\"id\":2,\"type\":\"side1\",\"name\":\"Soba Noodles with \\\"Chick\'n\\\"\"}]}],\"OrderDetails\":{\"address\":{\"number\":\"\",\"street\":\"Kearny st.\",\"city\":\"\",\"state\":\"CA\",\"zip\":\"94199\"},\"coords\":{\"lat\":\"37.798220\",\"long\":\"-122.405606\"},\"tax_cents\":137,\"tip_cents\":200,\"total_cents\":\"1537\"},\"Stripe\":{\"stripeToken\":null}}'),(264,'2015-08-17 21:36:53','2015-08-17 21:36:53','2015-08-17 21:36:53',6,230,'{\"OrderItems\":[{\"item_type\":\"CustomerBentoBox\",\"items\":[{\"id\":1,\"type\":\"main\"},{\"id\":2,\"type\":\"side1\"}]}],\"OrderDetails\":{\"address\":{\"number\":\"706\",\"street\":\"Buchanan Street\",\"city\":\"San Francisco\",\"state\":\"CA\",\"zip\":\"94102\"},\"coords\":{\"lat\":\"37.798220\",\"long\":\"-122.405606\"},\"tax_cents\":137,\"tip_cents\":200,\"total_cents\":\"1537\"},\"Stripe\":{\"stripeToken\":null}}'),(265,'2015-08-17 21:36:56','2015-08-17 21:36:56','2015-08-17 21:36:56',2,231,'{\"OrderItems\":[{\"item_type\":\"CustomerBentoBox\",\"items\":[{\"id\":1,\"type\":\"main\"},{\"id\":2,\"type\":\"side1\"}]}],\"OrderDetails\":{\"address\":{\"number\":\"1111\",\"street\":\"Kearny st.\",\"city\":\"San Francisco\",\"state\":\"CA\",\"zip\":\"94133\"},\"coords\":{\"lat\":\"37.798220\",\"long\":\"-122.405606\"},\"tax_cents\":137,\"tip_cents\":200,\"total_cents\":\"1537\"},\"Stripe\":{\"stripeToken\":null}}'),(266,'2015-08-17 21:36:58','2015-08-17 21:36:59','2015-08-17 21:36:59',6,232,'{\"OrderItems\":[{\"item_type\":\"CustomerBentoBox\",\"items\":[{\"id\":1,\"type\":\"main\"},{\"id\":2,\"type\":\"side1\"}]}],\"OrderDetails\":{\"address\":{\"number\":\"1111\",\"street\":\"Kearny st.\",\"city\":\"San Francisco\",\"state\":\"CA\",\"zip\":\"94133\"},\"coords\":{\"lat\":\"37.798220\",\"long\":\"-122.405606\"},\"tax_cents\":137,\"tip_cents\":200,\"total_cents\":\"000\"},\"Stripe\":{\"stripeToken\":null}}'),(267,'2015-08-17 21:37:01','2015-08-17 21:37:01','2015-08-17 21:37:01',4,233,'{\"OrderItems\":[{\"item_type\":\"CustomerBentoBox\",\"items\":[{\"id\":1,\"type\":\"main\"},{\"id\":2,\"type\":\"side1\"}]}],\"OrderDetails\":{\"address\":{\"number\":\"1111\",\"street\":\"Kearny st.\",\"city\":\"San Francisco\",\"state\":\"CA\",\"zip\":\"94133\"},\"coords\":{\"lat\":\"37.798220\",\"long\":\"-122.405606\"},\"tax_cents\":137,\"tip_cents\":200,\"total_cents\":\"000\"},\"Stripe\":{\"stripeToken\":null}}'),(268,'2015-08-17 21:37:07','2015-08-17 21:37:08','2015-08-17 21:37:08',6,234,'{\"OrderItems\":[{\"item_type\":\"CustomerBentoBox\",\"items\":[{\"id\":1,\"type\":\"main\"},{\"id\":2,\"type\":\"side1\"}]},{\"item_type\":\"CustomerBentoBox\",\"items\":[{\"id\":1,\"type\":\"main\"},{\"id\":2,\"type\":\"side1\"}]}],\"OrderDetails\":{\"address\":{\"number\":\"1111\",\"street\":\"Kearny st.\",\"city\":\"San Francisco\",\"state\":\"CA\",\"zip\":\"94133\"},\"coords\":{\"lat\":\"37.798220\",\"long\":\"-122.405606\"},\"tax_cents\":137,\"tip_cents\":200,\"total_cents\":\"1537\"},\"Stripe\":{\"stripeToken\":null},\"CouponCode\":\"1121113370998kkk7\"}'),(269,'2015-08-17 21:39:48','2015-08-17 21:39:48',NULL,1,NULL,'{\"OrderItems\":[{\"item_type\":\"CustomerBentoBox\",\"items\":[{\"id\":1,\"type\":\"main\"},{\"id\":2,\"type\":\"side1\"}]}],\"OrderDetails\":{\"address\":{\"number\":\"1111\",\"street\":\"Kearny st.\",\"city\":\"San Francisco\",\"state\":\"CA\",\"zip\":\"94133\"},\"coords\":{\"lat\":\"37.798220\",\"long\":\"-122.405606\"},\"tax_cents\":137,\"tip_cents\":200,\"total_cents\":\"1537\"},\"Stripe\":{\"stripeToken\":\"badToken!\"}}'),(270,'2015-08-17 21:39:49','2015-08-17 21:39:50','2015-08-17 21:39:50',6,235,'{\"OrderItems\":[{\"item_type\":\"CustomerBentoBox\",\"items\":[{\"id\":1,\"type\":\"main\"},{\"id\":2,\"type\":\"side1\"}]},{\"item_type\":\"CustomerBentoBox\",\"items\":[{\"id\":1,\"type\":\"main\"},{\"id\":2,\"type\":\"side1\"}]}],\"OrderDetails\":{\"address\":{\"number\":\"1111\",\"street\":\"Kearny st.\",\"city\":\"San Francisco\",\"state\":\"CA\",\"zip\":\"94133\"},\"coords\":{\"lat\":\"37.798220\",\"long\":\"-122.405606\"},\"tax_cents\":137,\"tip_cents\":200,\"total_cents\":\"1537\"},\"Stripe\":{\"stripeToken\":null}}'),(271,'2015-08-17 21:39:52','2015-08-17 21:39:52','2015-08-17 21:39:52',6,236,'{\"OrderItems\":[{\"item_type\":\"CustomerBentoBox\",\"items\":[{\"id\":1,\"type\":\"main\"},{\"id\":2,\"type\":\"side1\"}]}],\"OrderDetails\":{\"address\":{\"number\":\"1111998883\",\"street\":\"Kearny st.\",\"city\":\"San Francisco\",\"state\":\"CA\",\"zip\":\"94199\"},\"coords\":{\"lat\":\"37.798220\",\"long\":\"-122.405606\"},\"tax_cents\":137,\"tip_cents\":200,\"total_cents\":\"1537\"},\"Stripe\":{\"stripeToken\":null}}'),(272,'2015-08-17 21:39:54','2015-08-17 21:39:55','2015-08-17 21:39:55',6,237,'{\"OrderItems\":[{\"item_type\":\"CustomerBentoBox\",\"items\":[{\"id\":1,\"type\":\"main\"},{\"id\":2,\"type\":\"side1\"}]}],\"OrderDetails\":{\"address\":{\"number\":\"1111998883\",\"street\":\"Kearny st.\",\"city\":\"San Francisco\",\"state\":\"CA\",\"zip\":\"94199\"},\"coords\":{\"lat\":\"9937.798220\",\"long\":\"-99122.405606\"},\"tax_cents\":137,\"tip_cents\":200,\"total_cents\":\"1537\"},\"Stripe\":{\"stripeToken\":null}}'),(273,'2015-08-17 21:39:56','2015-08-17 21:39:57','2015-08-17 21:39:57',6,238,'{\"OrderItems\":[{\"item_type\":\"CustomerBentoBox\",\"items\":[{\"id\":1,\"type\":\"main\",\"name\":\"Soba Noodles with \\\"Chick\'n\\\"\"},{\"id\":2,\"type\":\"side1\",\"name\":\"Soba Noodles with \\\"Chick\'n\\\"\"}]}],\"OrderDetails\":{\"address\":{\"number\":\"\",\"street\":\"Kearny st.\",\"city\":\"\",\"state\":\"CA\",\"zip\":\"94199\"},\"coords\":{\"lat\":\"37.798220\",\"long\":\"-122.405606\"},\"tax_cents\":137,\"tip_cents\":200,\"total_cents\":\"1537\"},\"Stripe\":{\"stripeToken\":null}}'),(274,'2015-08-17 21:40:02','2015-08-17 21:40:02','2015-08-17 21:40:02',6,239,'{\"OrderItems\":[{\"item_type\":\"CustomerBentoBox\",\"items\":[{\"id\":1,\"type\":\"main\"},{\"id\":2,\"type\":\"side1\"}]}],\"OrderDetails\":{\"address\":{\"number\":\"706\",\"street\":\"Buchanan Street\",\"city\":\"San Francisco\",\"state\":\"CA\",\"zip\":\"94102\"},\"coords\":{\"lat\":\"37.798220\",\"long\":\"-122.405606\"},\"tax_cents\":137,\"tip_cents\":200,\"total_cents\":\"1537\"},\"Stripe\":{\"stripeToken\":null}}'),(275,'2015-08-17 21:40:07','2015-08-17 21:40:08','2015-08-17 21:40:08',2,240,'{\"OrderItems\":[{\"item_type\":\"CustomerBentoBox\",\"items\":[{\"id\":1,\"type\":\"main\"},{\"id\":2,\"type\":\"side1\"}]}],\"OrderDetails\":{\"address\":{\"number\":\"1111\",\"street\":\"Kearny st.\",\"city\":\"San Francisco\",\"state\":\"CA\",\"zip\":\"94133\"},\"coords\":{\"lat\":\"37.798220\",\"long\":\"-122.405606\"},\"tax_cents\":137,\"tip_cents\":200,\"total_cents\":\"1537\"},\"Stripe\":{\"stripeToken\":null}}'),(276,'2015-08-17 21:40:11','2015-08-17 21:40:11','2015-08-17 21:40:11',6,241,'{\"OrderItems\":[{\"item_type\":\"CustomerBentoBox\",\"items\":[{\"id\":1,\"type\":\"main\"},{\"id\":2,\"type\":\"side1\"}]}],\"OrderDetails\":{\"address\":{\"number\":\"1111\",\"street\":\"Kearny st.\",\"city\":\"San Francisco\",\"state\":\"CA\",\"zip\":\"94133\"},\"coords\":{\"lat\":\"37.798220\",\"long\":\"-122.405606\"},\"tax_cents\":137,\"tip_cents\":200,\"total_cents\":\"000\"},\"Stripe\":{\"stripeToken\":null}}'),(277,'2015-08-17 21:40:15','2015-08-17 21:40:15','2015-08-17 21:40:15',4,242,'{\"OrderItems\":[{\"item_type\":\"CustomerBentoBox\",\"items\":[{\"id\":1,\"type\":\"main\"},{\"id\":2,\"type\":\"side1\"}]}],\"OrderDetails\":{\"address\":{\"number\":\"1111\",\"street\":\"Kearny st.\",\"city\":\"San Francisco\",\"state\":\"CA\",\"zip\":\"94133\"},\"coords\":{\"lat\":\"37.798220\",\"long\":\"-122.405606\"},\"tax_cents\":137,\"tip_cents\":200,\"total_cents\":\"000\"},\"Stripe\":{\"stripeToken\":null}}'),(278,'2015-08-17 21:40:18','2015-08-17 21:40:19','2015-08-17 21:40:19',6,243,'{\"OrderItems\":[{\"item_type\":\"CustomerBentoBox\",\"items\":[{\"id\":1,\"type\":\"main\"},{\"id\":2,\"type\":\"side1\"}]},{\"item_type\":\"CustomerBentoBox\",\"items\":[{\"id\":1,\"type\":\"main\"},{\"id\":2,\"type\":\"side1\"}]}],\"OrderDetails\":{\"address\":{\"number\":\"1111\",\"street\":\"Kearny st.\",\"city\":\"San Francisco\",\"state\":\"CA\",\"zip\":\"94133\"},\"coords\":{\"lat\":\"37.798220\",\"long\":\"-122.405606\"},\"tax_cents\":137,\"tip_cents\":200,\"total_cents\":\"1537\"},\"Stripe\":{\"stripeToken\":null},\"CouponCode\":\"1121113370998kkk7\"}');
/*!40000 ALTER TABLE `PendingOrder` ENABLE KEYS */;
UNLOCK TABLES;

--
-- Table structure for table `User`
--

DROP TABLE IF EXISTS `User`;
/*!40101 SET @saved_cs_client     = @@character_set_client */;
/*!40101 SET character_set_client = utf8 */;
CREATE TABLE `User` (
  `pk_User` int(11) NOT NULL AUTO_INCREMENT,
  `created_at` timestamp NULL DEFAULT CURRENT_TIMESTAMP,
  `updated_at` timestamp NULL DEFAULT NULL ON UPDATE CURRENT_TIMESTAMP,
  `deleted_at` timestamp NULL DEFAULT NULL,
  `email` varchar(100) DEFAULT NULL,
  `is_test` tinyint(1) DEFAULT '0',
  `is_admin` tinyint(1) DEFAULT '0',
  `firstname` varchar(255) DEFAULT NULL,
  `lastname` varchar(100) DEFAULT NULL,
  `phone` varchar(20) DEFAULT NULL,
  `password` varchar(255) DEFAULT NULL,
  `remember_token` varchar(255) DEFAULT NULL,
  `api_token` varchar(255) DEFAULT NULL COMMENT 'Token for *our* API.',
  `reg_type` enum('auth','Facebook') DEFAULT 'auth',
  `fb_id` varchar(255) DEFAULT NULL,
  `fb_token` text,
  `fb_profile_pic` varchar(255) DEFAULT NULL,
  `fb_age_range` varchar(45) DEFAULT NULL,
  `fb_gender` varchar(45) DEFAULT NULL,
  `stripe_customer_obj` text,
  `coupon_code` varchar(45) DEFAULT NULL,
  `is_top_customer` tinyint(1) DEFAULT '0',
  `has_ordered` tinyint(1) DEFAULT '0',
  PRIMARY KEY (`pk_User`),
  UNIQUE KEY `api_token_UNIQUE` (`api_token`),
  UNIQUE KEY `email_UNIQUE` (`email`),
  UNIQUE KEY `coupon_code_UNIQUE` (`coupon_code`)
) ENGINE=InnoDB AUTO_INCREMENT=87 DEFAULT CHARSET=utf8;
/*!40101 SET character_set_client = @saved_cs_client */;

--
-- Dumping data for table `User`
--

LOCK TABLES `User` WRITE;
/*!40000 ALTER TABLE `User` DISABLE KEYS */;
INSERT INTO `User` VALUES (1,'2015-01-13 22:44:46','2015-07-23 21:47:14',NULL,'jason+0@bentonow.com',1,1,'Jason','Demant','585-502-7890',NULL,NULL,'456','auth',NULL,NULL,NULL,NULL,NULL,'Tjs=','JASON1',0,1),(2,'2015-01-13 22:44:46','2015-07-23 21:47:14',NULL,'vincent+0@bentonow.com',1,1,'Vincent','Cardillo','585-502-7891',NULL,NULL,'00123','auth',NULL,NULL,NULL,NULL,NULL,'TzoxNToiU3RyaXBlX0N1c3RvbWVyIjo1OntzOjEwOiIAKgBfYXBpS2V5IjtzOjMyOiJza190ZXN0X0dLZFZFY1p5YVgxSmhyNzd4MVdLOVNJdyI7czoxMDoiACoAX3ZhbHVlcyI7YToxNDp7czoyOiJpZCI7czoxODoiY3VzXzVhZEJoQ1hxS29vQ3VkIjtzOjY6Im9iamVjdCI7czo4OiJjdXN0b21lciI7czo3OiJjcmVhdGVkIjtpOjE0MjIzMzY1ODU7czo4OiJsaXZlbW9kZSI7YjowO3M6MTE6ImRlc2NyaXB0aW9uIjtzOjIxOiJ2Y2FyZGlsbG8rMkBnbWFpbC5jb20iO3M6NToiZW1haWwiO047czoxMDoiZGVsaW5xdWVudCI7YjowO3M6ODoibWV0YWRhdGEiO086MjE6IlN0cmlwZV9BdHRhY2hlZE9iamVjdCI6NTp7czoxMDoiACoAX2FwaUtleSI7czozMjoic2tfdGVzdF9HS2RWRWNaeWFYMUpocjc3eDFXSzlTSXciO3M6MTA6IgAqAF92YWx1ZXMiO2E6MDp7fXM6MTc6IgAqAF91bnNhdmVkVmFsdWVzIjtPOjE1OiJTdHJpcGVfVXRpbF9TZXQiOjE6e3M6MjI6IgBTdHJpcGVfVXRpbF9TZXQAX2VsdHMiO2E6MDp7fX1zOjE5OiIAKgBfdHJhbnNpZW50VmFsdWVzIjtPOjE1OiJTdHJpcGVfVXRpbF9TZXQiOjE6e3M6MjI6IgBTdHJpcGVfVXRpbF9TZXQAX2VsdHMiO2E6MDp7fX1zOjE5OiIAKgBfcmV0cmlldmVPcHRpb25zIjthOjA6e319czoxMzoic3Vic2NyaXB0aW9ucyI7TzoxMToiU3RyaXBlX0xpc3QiOjU6e3M6MTA6IgAqAF9hcGlLZXkiO3M6MzI6InNrX3Rlc3RfR0tkVkVjWnlhWDFKaHI3N3gxV0s5U0l3IjtzOjEwOiIAKgBfdmFsdWVzIjthOjU6e3M6Njoib2JqZWN0IjtzOjQ6Imxpc3QiO3M6MTE6InRvdGFsX2NvdW50IjtpOjA7czo4OiJoYXNfbW9yZSI7YjowO3M6MzoidXJsIjtzOjQ2OiIvdjEvY3VzdG9tZXJzL2N1c181YWRCaENYcUtvb0N1ZC9zdWJzY3JpcHRpb25zIjtzOjQ6ImRhdGEiO2E6MDp7fX1zOjE3OiIAKgBfdW5zYXZlZFZhbHVlcyI7TzoxNToiU3RyaXBlX1V0aWxfU2V0IjoxOntzOjIyOiIAU3RyaXBlX1V0aWxfU2V0AF9lbHRzIjthOjA6e319czoxOToiACoAX3RyYW5zaWVudFZhbHVlcyI7TzoxNToiU3RyaXBlX1V0aWxfU2V0IjoxOntzOjIyOiIAU3RyaXBlX1V0aWxfU2V0AF9lbHRzIjthOjA6e319czoxOToiACoAX3JldHJpZXZlT3B0aW9ucyI7YTowOnt9fXM6ODoiZGlzY291bnQiO047czoxNToiYWNjb3VudF9iYWxhbmNlIjtpOjA7czo4OiJjdXJyZW5jeSI7TjtzOjU6ImNhcmRzIjtPOjExOiJTdHJpcGVfTGlzdCI6NTp7czoxMDoiACoAX2FwaUtleSI7czozMjoic2tfdGVzdF9HS2RWRWNaeWFYMUpocjc3eDFXSzlTSXciO3M6MTA6IgAqAF92YWx1ZXMiO2E6NTp7czo2OiJvYmplY3QiO3M6NDoibGlzdCI7czoxMToidG90YWxfY291bnQiO2k6MTtzOjg6Imhhc19tb3JlIjtiOjA7czozOiJ1cmwiO3M6Mzg6Ii92MS9jdXN0b21lcnMvY3VzXzVhZEJoQ1hxS29vQ3VkL2NhcmRzIjtzOjQ6ImRhdGEiO2E6MTp7aTowO086MTE6IlN0cmlwZV9DYXJkIjo1OntzOjEwOiIAKgBfYXBpS2V5IjtzOjMyOiJza190ZXN0X0dLZFZFY1p5YVgxSmhyNzd4MVdLOVNJdyI7czoxMDoiACoAX3ZhbHVlcyI7YToyMTp7czoyOiJpZCI7czoyOToiY2FyZF8xNVBSdW1FbVpjUE5FTm9HQkUxMFhuNjgiO3M6Njoib2JqZWN0IjtzOjQ6ImNhcmQiO3M6NToibGFzdDQiO3M6NDoiNDI0MiI7czo1OiJicmFuZCI7czo0OiJWaXNhIjtzOjc6ImZ1bmRpbmciO3M6NjoiY3JlZGl0IjtzOjk6ImV4cF9tb250aCI7aTo4O3M6ODoiZXhwX3llYXIiO2k6MjAxNjtzOjExOiJmaW5nZXJwcmludCI7czoxNjoiMTdxNVlnM1o5SklTUWlWZCI7czo3OiJjb3VudHJ5IjtzOjI6IlVTIjtzOjQ6Im5hbWUiO047czoxMzoiYWRkcmVzc19saW5lMSI7TjtzOjEzOiJhZGRyZXNzX2xpbmUyIjtOO3M6MTI6ImFkZHJlc3NfY2l0eSI7TjtzOjEzOiJhZGRyZXNzX3N0YXRlIjtOO3M6MTE6ImFkZHJlc3NfemlwIjtOO3M6MTU6ImFkZHJlc3NfY291bnRyeSI7TjtzOjk6ImN2Y19jaGVjayI7TjtzOjE5OiJhZGRyZXNzX2xpbmUxX2NoZWNrIjtOO3M6MTc6ImFkZHJlc3NfemlwX2NoZWNrIjtOO3M6MTM6ImR5bmFtaWNfbGFzdDQiO047czo4OiJjdXN0b21lciI7czoxODoiY3VzXzVhZEJoQ1hxS29vQ3VkIjt9czoxNzoiACoAX3Vuc2F2ZWRWYWx1ZXMiO086MTU6IlN0cmlwZV9VdGlsX1NldCI6MTp7czoyMjoiAFN0cmlwZV9VdGlsX1NldABfZWx0cyI7YTowOnt9fXM6MTk6IgAqAF90cmFuc2llbnRWYWx1ZXMiO086MTU6IlN0cmlwZV9VdGlsX1NldCI6MTp7czoyMjoiAFN0cmlwZV9VdGlsX1NldABfZWx0cyI7YTowOnt9fXM6MTk6IgAqAF9yZXRyaWV2ZU9wdGlvbnMiO2E6MDp7fX19fXM6MTc6IgAqAF91bnNhdmVkVmFsdWVzIjtPOjE1OiJTdHJpcGVfVXRpbF9TZXQiOjE6e3M6MjI6IgBTdHJpcGVfVXRpbF9TZXQAX2VsdHMiO2E6MDp7fX1zOjE5OiIAKgBfdHJhbnNpZW50VmFsdWVzIjtPOjE1OiJTdHJpcGVfVXRpbF9TZXQiOjE6e3M6MjI6IgBTdHJpcGVfVXRpbF9TZXQAX2VsdHMiO2E6MDp7fX1zOjE5OiIAKgBfcmV0cmlldmVPcHRpb25zIjthOjA6e319czoxMjoiZGVmYXVsdF9jYXJkIjtzOjI5OiJjYXJkXzE1UFJ1bUVtWmNQTkVOb0dCRTEwWG42OCI7fXM6MTc6IgAqAF91bnNhdmVkVmFsdWVzIjtPOjE1OiJTdHJpcGVfVXRpbF9TZXQiOjE6e3M6MjI6IgBTdHJpcGVfVXRpbF9TZXQAX2VsdHMiO2E6MDp7fX1zOjE5OiIAKgBfdHJhbnNpZW50VmFsdWVzIjtPOjE1OiJTdHJpcGVfVXRpbF9TZXQiOjE6e3M6MjI6IgBTdHJpcGVfVXRpbF9TZXQAX2VsdHMiO2E6MDp7fX1zOjE5OiIAKgBfcmV0cmlldmVPcHRpb25zIjthOjA6e319','VINCENT1',0,1),(4,'2015-01-16 19:33:35','2015-07-23 21:47:14',NULL,'vcardillo+0@gmail.com',1,0,'Vincent','Cardillo','585-502-7892',NULL,NULL,'789','auth',NULL,NULL,NULL,NULL,NULL,NULL,'VINCENT2',0,1),(5,'2015-01-16 19:33:35','2015-07-23 21:47:14',NULL,'vcardillo+1@gmail.com',1,0,'Vincent T1','Test 1','585-502-7893',NULL,NULL,'102212','auth',NULL,NULL,NULL,NULL,NULL,NULL,'VINCENTT11',0,1),(6,'2015-01-16 19:35:23','2015-08-17 21:39:52',NULL,'vcardillo+2@gmail.com',1,0,'Vincent T2','Test 2','585-502-7894',NULL,NULL,'123','auth','someid2',NULL,NULL,NULL,NULL,'TzoxNToiU3RyaXBlX0N1c3RvbWVyIjo1OntzOjEwOiIAKgBfYXBpS2V5IjtzOjMyOiJza190ZXN0X0dLZFZFY1p5YVgxSmhyNzd4MVdLOVNJdyI7czoxMDoiACoAX3ZhbHVlcyI7YToxNDp7czoyOiJpZCI7czoxODoiY3VzXzVhZEJoQ1hxS29vQ3VkIjtzOjY6Im9iamVjdCI7czo4OiJjdXN0b21lciI7czo3OiJjcmVhdGVkIjtpOjE0MjIzMzY1ODU7czo4OiJsaXZlbW9kZSI7YjowO3M6MTE6ImRlc2NyaXB0aW9uIjtzOjIxOiJ2Y2FyZGlsbG8rMkBnbWFpbC5jb20iO3M6NToiZW1haWwiO047czoxMDoiZGVsaW5xdWVudCI7YjowO3M6ODoibWV0YWRhdGEiO086MjE6IlN0cmlwZV9BdHRhY2hlZE9iamVjdCI6NTp7czoxMDoiACoAX2FwaUtleSI7czozMjoic2tfdGVzdF9HS2RWRWNaeWFYMUpocjc3eDFXSzlTSXciO3M6MTA6IgAqAF92YWx1ZXMiO2E6MDp7fXM6MTc6IgAqAF91bnNhdmVkVmFsdWVzIjtPOjE1OiJTdHJpcGVfVXRpbF9TZXQiOjE6e3M6MjI6IgBTdHJpcGVfVXRpbF9TZXQAX2VsdHMiO2E6MDp7fX1zOjE5OiIAKgBfdHJhbnNpZW50VmFsdWVzIjtPOjE1OiJTdHJpcGVfVXRpbF9TZXQiOjE6e3M6MjI6IgBTdHJpcGVfVXRpbF9TZXQAX2VsdHMiO2E6MDp7fX1zOjE5OiIAKgBfcmV0cmlldmVPcHRpb25zIjthOjA6e319czoxMzoic3Vic2NyaXB0aW9ucyI7TzoxMToiU3RyaXBlX0xpc3QiOjU6e3M6MTA6IgAqAF9hcGlLZXkiO3M6MzI6InNrX3Rlc3RfR0tkVkVjWnlhWDFKaHI3N3gxV0s5U0l3IjtzOjEwOiIAKgBfdmFsdWVzIjthOjU6e3M6Njoib2JqZWN0IjtzOjQ6Imxpc3QiO3M6MTE6InRvdGFsX2NvdW50IjtpOjA7czo4OiJoYXNfbW9yZSI7YjowO3M6MzoidXJsIjtzOjQ2OiIvdjEvY3VzdG9tZXJzL2N1c181YWRCaENYcUtvb0N1ZC9zdWJzY3JpcHRpb25zIjtzOjQ6ImRhdGEiO2E6MDp7fX1zOjE3OiIAKgBfdW5zYXZlZFZhbHVlcyI7TzoxNToiU3RyaXBlX1V0aWxfU2V0IjoxOntzOjIyOiIAU3RyaXBlX1V0aWxfU2V0AF9lbHRzIjthOjA6e319czoxOToiACoAX3RyYW5zaWVudFZhbHVlcyI7TzoxNToiU3RyaXBlX1V0aWxfU2V0IjoxOntzOjIyOiIAU3RyaXBlX1V0aWxfU2V0AF9lbHRzIjthOjA6e319czoxOToiACoAX3JldHJpZXZlT3B0aW9ucyI7YTowOnt9fXM6ODoiZGlzY291bnQiO047czoxNToiYWNjb3VudF9iYWxhbmNlIjtpOjA7czo4OiJjdXJyZW5jeSI7TjtzOjU6ImNhcmRzIjtPOjExOiJTdHJpcGVfTGlzdCI6NTp7czoxMDoiACoAX2FwaUtleSI7czozMjoic2tfdGVzdF9HS2RWRWNaeWFYMUpocjc3eDFXSzlTSXciO3M6MTA6IgAqAF92YWx1ZXMiO2E6NTp7czo2OiJvYmplY3QiO3M6NDoibGlzdCI7czoxMToidG90YWxfY291bnQiO2k6MTtzOjg6Imhhc19tb3JlIjtiOjA7czozOiJ1cmwiO3M6Mzg6Ii92MS9jdXN0b21lcnMvY3VzXzVhZEJoQ1hxS29vQ3VkL2NhcmRzIjtzOjQ6ImRhdGEiO2E6MTp7aTowO086MTE6IlN0cmlwZV9DYXJkIjo1OntzOjEwOiIAKgBfYXBpS2V5IjtzOjMyOiJza190ZXN0X0dLZFZFY1p5YVgxSmhyNzd4MVdLOVNJdyI7czoxMDoiACoAX3ZhbHVlcyI7YToyMTp7czoyOiJpZCI7czoyOToiY2FyZF8xNVBSdW1FbVpjUE5FTm9HQkUxMFhuNjgiO3M6Njoib2JqZWN0IjtzOjQ6ImNhcmQiO3M6NToibGFzdDQiO3M6NDoiNDI0MiI7czo1OiJicmFuZCI7czo0OiJWaXNhIjtzOjc6ImZ1bmRpbmciO3M6NjoiY3JlZGl0IjtzOjk6ImV4cF9tb250aCI7aTo4O3M6ODoiZXhwX3llYXIiO2k6MjAxNjtzOjExOiJmaW5nZXJwcmludCI7czoxNjoiMTdxNVlnM1o5SklTUWlWZCI7czo3OiJjb3VudHJ5IjtzOjI6IlVTIjtzOjQ6Im5hbWUiO047czoxMzoiYWRkcmVzc19saW5lMSI7TjtzOjEzOiJhZGRyZXNzX2xpbmUyIjtOO3M6MTI6ImFkZHJlc3NfY2l0eSI7TjtzOjEzOiJhZGRyZXNzX3N0YXRlIjtOO3M6MTE6ImFkZHJlc3NfemlwIjtOO3M6MTU6ImFkZHJlc3NfY291bnRyeSI7TjtzOjk6ImN2Y19jaGVjayI7TjtzOjE5OiJhZGRyZXNzX2xpbmUxX2NoZWNrIjtOO3M6MTc6ImFkZHJlc3NfemlwX2NoZWNrIjtOO3M6MTM6ImR5bmFtaWNfbGFzdDQiO047czo4OiJjdXN0b21lciI7czoxODoiY3VzXzVhZEJoQ1hxS29vQ3VkIjt9czoxNzoiACoAX3Vuc2F2ZWRWYWx1ZXMiO086MTU6IlN0cmlwZV9VdGlsX1NldCI6MTp7czoyMjoiAFN0cmlwZV9VdGlsX1NldABfZWx0cyI7YTowOnt9fXM6MTk6IgAqAF90cmFuc2llbnRWYWx1ZXMiO086MTU6IlN0cmlwZV9VdGlsX1NldCI6MTp7czoyMjoiAFN0cmlwZV9VdGlsX1NldABfZWx0cyI7YTowOnt9fXM6MTk6IgAqAF9yZXRyaWV2ZU9wdGlvbnMiO2E6MDp7fX19fXM6MTc6IgAqAF91bnNhdmVkVmFsdWVzIjtPOjE1OiJTdHJpcGVfVXRpbF9TZXQiOjE6e3M6MjI6IgBTdHJpcGVfVXRpbF9TZXQAX2VsdHMiO2E6MDp7fX1zOjE5OiIAKgBfdHJhbnNpZW50VmFsdWVzIjtPOjE1OiJTdHJpcGVfVXRpbF9TZXQiOjE6e3M6MjI6IgBTdHJpcGVfVXRpbF9TZXQAX2VsdHMiO2E6MDp7fX1zOjE5OiIAKgBfcmV0cmlldmVPcHRpb25zIjthOjA6e319czoxMjoiZGVmYXVsdF9jYXJkIjtzOjI5OiJjYXJkXzE1UFJ1bUVtWmNQTkVOb0dCRTEwWG42OCI7fXM6MTc6IgAqAF91bnNhdmVkVmFsdWVzIjtPOjE1OiJTdHJpcGVfVXRpbF9TZXQiOjE6e3M6MjI6IgBTdHJpcGVfVXRpbF9TZXQAX2VsdHMiO2E6MDp7fX1zOjE5OiIAKgBfdHJhbnNpZW50VmFsdWVzIjtPOjE1OiJTdHJpcGVfVXRpbF9TZXQiOjE6e3M6MjI6IgBTdHJpcGVfVXRpbF9TZXQAX2VsdHMiO2E6MDp7fX1zOjE5OiIAKgBfcmV0cmlldmVPcHRpb25zIjthOjA6e319','VINCENTT21',1,1),(7,'2015-01-16 19:37:05','2015-07-23 21:47:14',NULL,'vcardillo+nullpass@gmail.com',1,0,'Vincent T3','Test 3','585-502-7895',NULL,NULL,'08764','auth',NULL,NULL,NULL,NULL,NULL,NULL,'VINCENTT31',0,1),(8,'2015-01-20 09:19:21','2015-07-23 21:47:14',NULL,'vincent+2@bentonow.com',1,0,'John J.','Smith','415-123-5678',NULL,NULL,'$2y$10$btg4HRn1o7f4VqOq8EuIjuiRGW.KTgpDVyFE9jNL8s22N2Kq5Yyli','auth',NULL,NULL,NULL,NULL,NULL,NULL,'JOHNJ1',0,1),(9,'2015-01-20 09:19:41','2015-07-23 21:47:14',NULL,'vincent+3@bentonow.com',1,0,'John J.','Smith','585-123-7889',NULL,NULL,'$2y$10$z1flogNzcfxCDId89o1x2.eBewRp.6wuPOqwraMomtC5aOkkGOEVm','Facebook','10101199060609965','eyJpdiI6IkQ2THhIcVdCcEtHNXY2Z2pJWStBMFE9PSIsInZhbHVlIjoiT1NQcEd0NXhNQ3lrOTM5N09oSno1Q0h6YUhcL0NUMlc0c0d3NUVrUGorbHk1VDhqU1ZCeVNXTGN4ckxZV0R4OEZUdHJLOFo4blwvbENVMWlHc1R3XC9EaXBDXC9MNzRuYTFqN2lvVFc3OG15Q1V3MWplSVAxOHg4c0N6dEJ3XC9tN2NZdFFZZEk1VWRPVEhxYmR3VDZ5MzhWaGR5Smd6SzZXT0FSV3BpcEtxc016NWkrWUh2MnBVc1ZIa0dnNnlleFFUU0RKRTA4R04xUUxRb3ZQTlpmTGFMV3ZMYjRROXp0Sm5FRVwvTWo2UWpvRkVnTnozSlwvY3JEcDN4T3FaUlwvcllEXC9mSnFcL0t2eEF1cGlcL3NmRFp4VStMQ05pakdtKzZZVW9EVnM4VW40NlJySlpiQ1hVejB2bVVDcVRyQm85RG5UTjVtdSIsIm1hYyI6IjA1NWQ0YTlkNmQ1Njk3YWNjNDVkYmQzYjgzNDAzODFlYjExYzYyMDIzNzZjMGQyNGJmMzNlZGEzMmNjOWM5MWUifQ==',NULL,NULL,NULL,NULL,'JOHNJ2',0,1),(10,'2015-01-20 09:32:52','2015-08-17 21:40:21',NULL,'vincent+4@bentonow.com',1,0,'John','Smith','555-123-4567',NULL,NULL,'$2y$10$NrY4xiMGGBpIuseR6MfBgOC67YC7reBnbpFqf4N1yAbnDdLnQqiRC','Facebook','10101199060609965','eyJpdiI6InRFQkN0MFkzcE82RUxkOUVHQWtlNmc9PSIsInZhbHVlIjoiQVZUbXRpT2NUQUFHckM4VTY3K2hoWTllRGhmVlhRdThhQklydWRsbzVhUT0iLCJtYWMiOiJkNDViYmUzZmJlN2JkNDU4YWYzYjExYTA1ZTRjM2U2ODUyZmY0ZTJiNGJhYjY3Y2I4ODM2OGQ4MTY1ZWQ4Mzg4In0=','http://profilepic.jpg',NULL,NULL,NULL,'JOHN1',0,1),(11,'2015-01-20 09:50:55','2015-08-17 21:40:21',NULL,'vincent+5@bentonow.com',1,0,'John J.','Smith','555-123-4567','$2y$10$dWJQlVhpayAwAPyCvsCeBuNowVwvwbduUBI/lXRnAc2uS83v2jJx2',NULL,'$2y$10$EiZNR3rLG7i.5gXtXCMyxOaLVShh5wwRDVoxadDyGB/mafw549dt6','auth',NULL,NULL,NULL,NULL,NULL,'TzoxNToiU3RyaXBlX0N1c3RvbWVyIjo1OntzOjEwOiIAKgBfYXBpS2V5IjtzOjMyOiJza190ZXN0X0dLZFZFY1p5YVgxSmhyNzd4MVdLOVNJdyI7czoxMDoiACoAX3ZhbHVlcyI7YToxNDp7czoyOiJpZCI7czoxODoiY3VzXzVhZEJoQ1hxS29vQ3VkIjtzOjY6Im9iamVjdCI7czo4OiJjdXN0b21lciI7czo3OiJjcmVhdGVkIjtpOjE0MjIzMzY1ODU7czo4OiJsaXZlbW9kZSI7YjowO3M6MTE6ImRlc2NyaXB0aW9uIjtzOjIxOiJ2Y2FyZGlsbG8rMkBnbWFpbC5jb20iO3M6NToiZW1haWwiO047czoxMDoiZGVsaW5xdWVudCI7YjowO3M6ODoibWV0YWRhdGEiO086MjE6IlN0cmlwZV9BdHRhY2hlZE9iamVjdCI6NTp7czoxMDoiACoAX2FwaUtleSI7czozMjoic2tfdGVzdF9HS2RWRWNaeWFYMUpocjc3eDFXSzlTSXciO3M6MTA6IgAqAF92YWx1ZXMiO2E6MDp7fXM6MTc6IgAqAF91bnNhdmVkVmFsdWVzIjtPOjE1OiJTdHJpcGVfVXRpbF9TZXQiOjE6e3M6MjI6IgBTdHJpcGVfVXRpbF9TZXQAX2VsdHMiO2E6MDp7fX1zOjE5OiIAKgBfdHJhbnNpZW50VmFsdWVzIjtPOjE1OiJTdHJpcGVfVXRpbF9TZXQiOjE6e3M6MjI6IgBTdHJpcGVfVXRpbF9TZXQAX2VsdHMiO2E6MDp7fX1zOjE5OiIAKgBfcmV0cmlldmVPcHRpb25zIjthOjA6e319czoxMzoic3Vic2NyaXB0aW9ucyI7TzoxMToiU3RyaXBlX0xpc3QiOjU6e3M6MTA6IgAqAF9hcGlLZXkiO3M6MzI6InNrX3Rlc3RfR0tkVkVjWnlhWDFKaHI3N3gxV0s5U0l3IjtzOjEwOiIAKgBfdmFsdWVzIjthOjU6e3M6Njoib2JqZWN0IjtzOjQ6Imxpc3QiO3M6MTE6InRvdGFsX2NvdW50IjtpOjA7czo4OiJoYXNfbW9yZSI7YjowO3M6MzoidXJsIjtzOjQ2OiIvdjEvY3VzdG9tZXJzL2N1c181YWRCaENYcUtvb0N1ZC9zdWJzY3JpcHRpb25zIjtzOjQ6ImRhdGEiO2E6MDp7fX1zOjE3OiIAKgBfdW5zYXZlZFZhbHVlcyI7TzoxNToiU3RyaXBlX1V0aWxfU2V0IjoxOntzOjIyOiIAU3RyaXBlX1V0aWxfU2V0AF9lbHRzIjthOjA6e319czoxOToiACoAX3RyYW5zaWVudFZhbHVlcyI7TzoxNToiU3RyaXBlX1V0aWxfU2V0IjoxOntzOjIyOiIAU3RyaXBlX1V0aWxfU2V0AF9lbHRzIjthOjA6e319czoxOToiACoAX3JldHJpZXZlT3B0aW9ucyI7YTowOnt9fXM6ODoiZGlzY291bnQiO047czoxNToiYWNjb3VudF9iYWxhbmNlIjtpOjA7czo4OiJjdXJyZW5jeSI7TjtzOjU6ImNhcmRzIjtPOjExOiJTdHJpcGVfTGlzdCI6NTp7czoxMDoiACoAX2FwaUtleSI7czozMjoic2tfdGVzdF9HS2RWRWNaeWFYMUpocjc3eDFXSzlTSXciO3M6MTA6IgAqAF92YWx1ZXMiO2E6NTp7czo2OiJvYmplY3QiO3M6NDoibGlzdCI7czoxMToidG90YWxfY291bnQiO2k6MTtzOjg6Imhhc19tb3JlIjtiOjA7czozOiJ1cmwiO3M6Mzg6Ii92MS9jdXN0b21lcnMvY3VzXzVhZEJoQ1hxS29vQ3VkL2NhcmRzIjtzOjQ6ImRhdGEiO2E6MTp7aTowO086MTE6IlN0cmlwZV9DYXJkIjo1OntzOjEwOiIAKgBfYXBpS2V5IjtzOjMyOiJza190ZXN0X0dLZFZFY1p5YVgxSmhyNzd4MVdLOVNJdyI7czoxMDoiACoAX3ZhbHVlcyI7YToyMTp7czoyOiJpZCI7czoyOToiY2FyZF8xNVBSdW1FbVpjUE5FTm9HQkUxMFhuNjgiO3M6Njoib2JqZWN0IjtzOjQ6ImNhcmQiO3M6NToibGFzdDQiO3M6NDoiNDI0MiI7czo1OiJicmFuZCI7czo0OiJWaXNhIjtzOjc6ImZ1bmRpbmciO3M6NjoiY3JlZGl0IjtzOjk6ImV4cF9tb250aCI7aTo4O3M6ODoiZXhwX3llYXIiO2k6MjAxNjtzOjExOiJmaW5nZXJwcmludCI7czoxNjoiMTdxNVlnM1o5SklTUWlWZCI7czo3OiJjb3VudHJ5IjtzOjI6IlVTIjtzOjQ6Im5hbWUiO047czoxMzoiYWRkcmVzc19saW5lMSI7TjtzOjEzOiJhZGRyZXNzX2xpbmUyIjtOO3M6MTI6ImFkZHJlc3NfY2l0eSI7TjtzOjEzOiJhZGRyZXNzX3N0YXRlIjtOO3M6MTE6ImFkZHJlc3NfemlwIjtOO3M6MTU6ImFkZHJlc3NfY291bnRyeSI7TjtzOjk6ImN2Y19jaGVjayI7TjtzOjE5OiJhZGRyZXNzX2xpbmUxX2NoZWNrIjtOO3M6MTc6ImFkZHJlc3NfemlwX2NoZWNrIjtOO3M6MTM6ImR5bmFtaWNfbGFzdDQiO047czo4OiJjdXN0b21lciI7czoxODoiY3VzXzVhZEJoQ1hxS29vQ3VkIjt9czoxNzoiACoAX3Vuc2F2ZWRWYWx1ZXMiO086MTU6IlN0cmlwZV9VdGlsX1NldCI6MTp7czoyMjoiAFN0cmlwZV9VdGlsX1NldABfZWx0cyI7YTowOnt9fXM6MTk6IgAqAF90cmFuc2llbnRWYWx1ZXMiO086MTU6IlN0cmlwZV9VdGlsX1NldCI6MTp7czoyMjoiAFN0cmlwZV9VdGlsX1NldABfZWx0cyI7YTowOnt9fXM6MTk6IgAqAF9yZXRyaWV2ZU9wdGlvbnMiO2E6MDp7fX19fXM6MTc6IgAqAF91bnNhdmVkVmFsdWVzIjtPOjE1OiJTdHJpcGVfVXRpbF9TZXQiOjE6e3M6MjI6IgBTdHJpcGVfVXRpbF9TZXQAX2VsdHMiO2E6MDp7fX1zOjE5OiIAKgBfdHJhbnNpZW50VmFsdWVzIjtPOjE1OiJTdHJpcGVfVXRpbF9TZXQiOjE6e3M6MjI6IgBTdHJpcGVfVXRpbF9TZXQAX2VsdHMiO2E6MDp7fX1zOjE5OiIAKgBfcmV0cmlldmVPcHRpb25zIjthOjA6e319czoxMjoiZGVmYXVsdF9jYXJkIjtzOjI5OiJjYXJkXzE1UFJ1bUVtWmNQTkVOb0dCRTEwWG42OCI7fXM6MTc6IgAqAF91bnNhdmVkVmFsdWVzIjtPOjE1OiJTdHJpcGVfVXRpbF9TZXQiOjE6e3M6MjI6IgBTdHJpcGVfVXRpbF9TZXQAX2VsdHMiO2E6MDp7fX1zOjE5OiIAKgBfdHJhbnNpZW50VmFsdWVzIjtPOjE1OiJTdHJpcGVfVXRpbF9TZXQiOjE6e3M6MjI6IgBTdHJpcGVfVXRpbF9TZXQAX2VsdHMiO2E6MDp7fX1zOjE5OiIAKgBfcmV0cmlldmVPcHRpb25zIjthOjA6e319','JOHNJ3',0,1),(56,'2015-01-20 09:32:52','2015-08-17 21:40:21',NULL,'vincent+6@bentonow.com',1,0,'John','Smith','555-123-4567',NULL,NULL,'$2y$10$qX7jolsuRzQWCmRU/XFFkubYx06.Js4QIvy5okAUzGzWMC3bttehK','Facebook','10101199060609965','eyJpdiI6InRFQkN0MFkzcE82RUxkOUVHQWtlNmc9PSIsInZhbHVlIjoiQVZUbXRpT2NUQUFHckM4VTY3K2hoWTllRGhmVlhRdThhQklydWRsbzVhUT0iLCJtYWMiOiJkNDViYmUzZmJlN2JkNDU4YWYzYjExYTA1ZTRjM2U2ODUyZmY0ZTJiNGJhYjY3Y2I4ODM2OGQ4MTY1ZWQ4Mzg4In0=','http://profilepic.jpg',NULL,NULL,'TzoxNToiU3RyaXBlX0N1c3RvbWVyIjo1OntzOjEwOiIAKgBfYXBpS2V5IjtzOjMyOiJza190ZXN0X0dLZFZFY1p5YVgxSmhyNzd4MVdLOVNJdyI7czoxMDoiACoAX3ZhbHVlcyI7YToxNDp7czoyOiJpZCI7czoxODoiY3VzXzVhZEJoQ1hxS29vQ3VkIjtzOjY6Im9iamVjdCI7czo4OiJjdXN0b21lciI7czo3OiJjcmVhdGVkIjtpOjE0MjIzMzY1ODU7czo4OiJsaXZlbW9kZSI7YjowO3M6MTE6ImRlc2NyaXB0aW9uIjtzOjIxOiJ2Y2FyZGlsbG8rMkBnbWFpbC5jb20iO3M6NToiZW1haWwiO047czoxMDoiZGVsaW5xdWVudCI7YjowO3M6ODoibWV0YWRhdGEiO086MjE6IlN0cmlwZV9BdHRhY2hlZE9iamVjdCI6NTp7czoxMDoiACoAX2FwaUtleSI7czozMjoic2tfdGVzdF9HS2RWRWNaeWFYMUpocjc3eDFXSzlTSXciO3M6MTA6IgAqAF92YWx1ZXMiO2E6MDp7fXM6MTc6IgAqAF91bnNhdmVkVmFsdWVzIjtPOjE1OiJTdHJpcGVfVXRpbF9TZXQiOjE6e3M6MjI6IgBTdHJpcGVfVXRpbF9TZXQAX2VsdHMiO2E6MDp7fX1zOjE5OiIAKgBfdHJhbnNpZW50VmFsdWVzIjtPOjE1OiJTdHJpcGVfVXRpbF9TZXQiOjE6e3M6MjI6IgBTdHJpcGVfVXRpbF9TZXQAX2VsdHMiO2E6MDp7fX1zOjE5OiIAKgBfcmV0cmlldmVPcHRpb25zIjthOjA6e319czoxMzoic3Vic2NyaXB0aW9ucyI7TzoxMToiU3RyaXBlX0xpc3QiOjU6e3M6MTA6IgAqAF9hcGlLZXkiO3M6MzI6InNrX3Rlc3RfR0tkVkVjWnlhWDFKaHI3N3gxV0s5U0l3IjtzOjEwOiIAKgBfdmFsdWVzIjthOjU6e3M6Njoib2JqZWN0IjtzOjQ6Imxpc3QiO3M6MTE6InRvdGFsX2NvdW50IjtpOjA7czo4OiJoYXNfbW9yZSI7YjowO3M6MzoidXJsIjtzOjQ2OiIvdjEvY3VzdG9tZXJzL2N1c181YWRCaENYcUtvb0N1ZC9zdWJzY3JpcHRpb25zIjtzOjQ6ImRhdGEiO2E6MDp7fX1zOjE3OiIAKgBfdW5zYXZlZFZhbHVlcyI7TzoxNToiU3RyaXBlX1V0aWxfU2V0IjoxOntzOjIyOiIAU3RyaXBlX1V0aWxfU2V0AF9lbHRzIjthOjA6e319czoxOToiACoAX3RyYW5zaWVudFZhbHVlcyI7TzoxNToiU3RyaXBlX1V0aWxfU2V0IjoxOntzOjIyOiIAU3RyaXBlX1V0aWxfU2V0AF9lbHRzIjthOjA6e319czoxOToiACoAX3JldHJpZXZlT3B0aW9ucyI7YTowOnt9fXM6ODoiZGlzY291bnQiO047czoxNToiYWNjb3VudF9iYWxhbmNlIjtpOjA7czo4OiJjdXJyZW5jeSI7TjtzOjU6ImNhcmRzIjtPOjExOiJTdHJpcGVfTGlzdCI6NTp7czoxMDoiACoAX2FwaUtleSI7czozMjoic2tfdGVzdF9HS2RWRWNaeWFYMUpocjc3eDFXSzlTSXciO3M6MTA6IgAqAF92YWx1ZXMiO2E6NTp7czo2OiJvYmplY3QiO3M6NDoibGlzdCI7czoxMToidG90YWxfY291bnQiO2k6MTtzOjg6Imhhc19tb3JlIjtiOjA7czozOiJ1cmwiO3M6Mzg6Ii92MS9jdXN0b21lcnMvY3VzXzVhZEJoQ1hxS29vQ3VkL2NhcmRzIjtzOjQ6ImRhdGEiO2E6MTp7aTowO086MTE6IlN0cmlwZV9DYXJkIjo1OntzOjEwOiIAKgBfYXBpS2V5IjtzOjMyOiJza190ZXN0X0dLZFZFY1p5YVgxSmhyNzd4MVdLOVNJdyI7czoxMDoiACoAX3ZhbHVlcyI7YToyMTp7czoyOiJpZCI7czoyOToiY2FyZF8xNVBSdW1FbVpjUE5FTm9HQkUxMFhuNjgiO3M6Njoib2JqZWN0IjtzOjQ6ImNhcmQiO3M6NToibGFzdDQiO3M6NDoiNDI0MiI7czo1OiJicmFuZCI7czo0OiJWaXNhIjtzOjc6ImZ1bmRpbmciO3M6NjoiY3JlZGl0IjtzOjk6ImV4cF9tb250aCI7aTo4O3M6ODoiZXhwX3llYXIiO2k6MjAxNjtzOjExOiJmaW5nZXJwcmludCI7czoxNjoiMTdxNVlnM1o5SklTUWlWZCI7czo3OiJjb3VudHJ5IjtzOjI6IlVTIjtzOjQ6Im5hbWUiO047czoxMzoiYWRkcmVzc19saW5lMSI7TjtzOjEzOiJhZGRyZXNzX2xpbmUyIjtOO3M6MTI6ImFkZHJlc3NfY2l0eSI7TjtzOjEzOiJhZGRyZXNzX3N0YXRlIjtOO3M6MTE6ImFkZHJlc3NfemlwIjtOO3M6MTU6ImFkZHJlc3NfY291bnRyeSI7TjtzOjk6ImN2Y19jaGVjayI7TjtzOjE5OiJhZGRyZXNzX2xpbmUxX2NoZWNrIjtOO3M6MTc6ImFkZHJlc3NfemlwX2NoZWNrIjtOO3M6MTM6ImR5bmFtaWNfbGFzdDQiO047czo4OiJjdXN0b21lciI7czoxODoiY3VzXzVhZEJoQ1hxS29vQ3VkIjt9czoxNzoiACoAX3Vuc2F2ZWRWYWx1ZXMiO086MTU6IlN0cmlwZV9VdGlsX1NldCI6MTp7czoyMjoiAFN0cmlwZV9VdGlsX1NldABfZWx0cyI7YTowOnt9fXM6MTk6IgAqAF90cmFuc2llbnRWYWx1ZXMiO086MTU6IlN0cmlwZV9VdGlsX1NldCI6MTp7czoyMjoiAFN0cmlwZV9VdGlsX1NldABfZWx0cyI7YTowOnt9fXM6MTk6IgAqAF9yZXRyaWV2ZU9wdGlvbnMiO2E6MDp7fX19fXM6MTc6IgAqAF91bnNhdmVkVmFsdWVzIjtPOjE1OiJTdHJpcGVfVXRpbF9TZXQiOjE6e3M6MjI6IgBTdHJpcGVfVXRpbF9TZXQAX2VsdHMiO2E6MDp7fX1zOjE5OiIAKgBfdHJhbnNpZW50VmFsdWVzIjtPOjE1OiJTdHJpcGVfVXRpbF9TZXQiOjE6e3M6MjI6IgBTdHJpcGVfVXRpbF9TZXQAX2VsdHMiO2E6MDp7fX1zOjE5OiIAKgBfcmV0cmlldmVPcHRpb25zIjthOjA6e319czoxMjoiZGVmYXVsdF9jYXJkIjtzOjI5OiJjYXJkXzE1UFJ1bUVtWmNQTkVOb0dCRTEwWG42OCI7fXM6MTc6IgAqAF91bnNhdmVkVmFsdWVzIjtPOjE1OiJTdHJpcGVfVXRpbF9TZXQiOjE6e3M6MjI6IgBTdHJpcGVfVXRpbF9TZXQAX2VsdHMiO2E6MDp7fX1zOjE5OiIAKgBfdHJhbnNpZW50VmFsdWVzIjtPOjE1OiJTdHJpcGVfVXRpbF9TZXQiOjE6e3M6MjI6IgBTdHJpcGVfVXRpbF9TZXQAX2VsdHMiO2E6MDp7fX1zOjE5OiIAKgBfcmV0cmlldmVPcHRpb25zIjthOjA6e319','JOHN2',0,1),(63,'2015-02-26 22:07:13','2015-07-23 21:47:14',NULL,'vincent+7@bentonow.com',1,0,'Vincent','C',NULL,NULL,NULL,'123.1','auth',NULL,NULL,NULL,NULL,NULL,'TzoxNToiU3RyaXBlX0N1c3RvbWVyIjo1OntzOjEwOiIAKgBfYXBpS2V5IjtzOjMyOiJza190ZXN0X0dLZFZFY1p5YVgxSmhyNzd4MVdLOVNJdyI7czoxMDoiACoAX3ZhbHVlcyI7YToxNjp7czoyOiJpZCI7czoxODoiY3VzXzVhZEJoQ1hxS29vQ3VkIjtzOjY6Im9iamVjdCI7czo4OiJjdXN0b21lciI7czo3OiJjcmVhdGVkIjtpOjE0MjIzMzY1ODU7czo4OiJsaXZlbW9kZSI7YjowO3M6MTE6ImRlc2NyaXB0aW9uIjtzOjIxOiJ2Y2FyZGlsbG8rMkBnbWFpbC5jb20iO3M6NToiZW1haWwiO047czoxMDoiZGVsaW5xdWVudCI7YjowO3M6ODoibWV0YWRhdGEiO086MjE6IlN0cmlwZV9BdHRhY2hlZE9iamVjdCI6NTp7czoxMDoiACoAX2FwaUtleSI7czozMjoic2tfdGVzdF9HS2RWRWNaeWFYMUpocjc3eDFXSzlTSXciO3M6MTA6IgAqAF92YWx1ZXMiO2E6MDp7fXM6MTc6IgAqAF91bnNhdmVkVmFsdWVzIjtPOjE1OiJTdHJpcGVfVXRpbF9TZXQiOjE6e3M6MjI6IgBTdHJpcGVfVXRpbF9TZXQAX2VsdHMiO2E6MDp7fX1zOjE5OiIAKgBfdHJhbnNpZW50VmFsdWVzIjtPOjE1OiJTdHJpcGVfVXRpbF9TZXQiOjE6e3M6MjI6IgBTdHJpcGVfVXRpbF9TZXQAX2VsdHMiO2E6MDp7fX1zOjE5OiIAKgBfcmV0cmlldmVPcHRpb25zIjthOjA6e319czoxMzoic3Vic2NyaXB0aW9ucyI7TzoxMToiU3RyaXBlX0xpc3QiOjU6e3M6MTA6IgAqAF9hcGlLZXkiO3M6MzI6InNrX3Rlc3RfR0tkVkVjWnlhWDFKaHI3N3gxV0s5U0l3IjtzOjEwOiIAKgBfdmFsdWVzIjthOjU6e3M6Njoib2JqZWN0IjtzOjQ6Imxpc3QiO3M6MTE6InRvdGFsX2NvdW50IjtpOjA7czo4OiJoYXNfbW9yZSI7YjowO3M6MzoidXJsIjtzOjQ2OiIvdjEvY3VzdG9tZXJzL2N1c181YWRCaENYcUtvb0N1ZC9zdWJzY3JpcHRpb25zIjtzOjQ6ImRhdGEiO2E6MDp7fX1zOjE3OiIAKgBfdW5zYXZlZFZhbHVlcyI7TzoxNToiU3RyaXBlX1V0aWxfU2V0IjoxOntzOjIyOiIAU3RyaXBlX1V0aWxfU2V0AF9lbHRzIjthOjA6e319czoxOToiACoAX3RyYW5zaWVudFZhbHVlcyI7TzoxNToiU3RyaXBlX1V0aWxfU2V0IjoxOntzOjIyOiIAU3RyaXBlX1V0aWxfU2V0AF9lbHRzIjthOjA6e319czoxOToiACoAX3JldHJpZXZlT3B0aW9ucyI7YTowOnt9fXM6ODoiZGlzY291bnQiO047czoxNToiYWNjb3VudF9iYWxhbmNlIjtpOjA7czo4OiJjdXJyZW5jeSI7TjtzOjU6ImNhcmRzIjtPOjExOiJTdHJpcGVfTGlzdCI6NTp7czoxMDoiACoAX2FwaUtleSI7czozMjoic2tfdGVzdF9HS2RWRWNaeWFYMUpocjc3eDFXSzlTSXciO3M6MTA6IgAqAF92YWx1ZXMiO2E6NTp7czo2OiJvYmplY3QiO3M6NDoibGlzdCI7czoxMToidG90YWxfY291bnQiO2k6MTtzOjg6Imhhc19tb3JlIjtiOjA7czozOiJ1cmwiO3M6Mzg6Ii92MS9jdXN0b21lcnMvY3VzXzVhZEJoQ1hxS29vQ3VkL2NhcmRzIjtzOjQ6ImRhdGEiO2E6MTp7aTowO086MTE6IlN0cmlwZV9DYXJkIjo1OntzOjEwOiIAKgBfYXBpS2V5IjtzOjMyOiJza190ZXN0X0dLZFZFY1p5YVgxSmhyNzd4MVdLOVNJdyI7czoxMDoiACoAX3ZhbHVlcyI7YToyMTp7czoyOiJpZCI7czoyOToiY2FyZF8xNWFhQ3pFbVpjUE5FTm9HZENTcXphMXciO3M6Njoib2JqZWN0IjtzOjQ6ImNhcmQiO3M6NToibGFzdDQiO3M6NDoiNDI0MiI7czo1OiJicmFuZCI7czo0OiJWaXNhIjtzOjc6ImZ1bmRpbmciO3M6NjoiY3JlZGl0IjtzOjk6ImV4cF9tb250aCI7aTo4O3M6ODoiZXhwX3llYXIiO2k6MjAxNjtzOjExOiJmaW5nZXJwcmludCI7czoxNjoiMTdxNVlnM1o5SklTUWlWZCI7czo3OiJjb3VudHJ5IjtzOjI6IlVTIjtzOjQ6Im5hbWUiO047czoxMzoiYWRkcmVzc19saW5lMSI7TjtzOjEzOiJhZGRyZXNzX2xpbmUyIjtOO3M6MTI6ImFkZHJlc3NfY2l0eSI7TjtzOjEzOiJhZGRyZXNzX3N0YXRlIjtOO3M6MTE6ImFkZHJlc3NfemlwIjtOO3M6MTU6ImFkZHJlc3NfY291bnRyeSI7TjtzOjk6ImN2Y19jaGVjayI7TjtzOjE5OiJhZGRyZXNzX2xpbmUxX2NoZWNrIjtOO3M6MTc6ImFkZHJlc3NfemlwX2NoZWNrIjtOO3M6MTM6ImR5bmFtaWNfbGFzdDQiO047czo4OiJjdXN0b21lciI7czoxODoiY3VzXzVhZEJoQ1hxS29vQ3VkIjt9czoxNzoiACoAX3Vuc2F2ZWRWYWx1ZXMiO086MTU6IlN0cmlwZV9VdGlsX1NldCI6MTp7czoyMjoiAFN0cmlwZV9VdGlsX1NldABfZWx0cyI7YTowOnt9fXM6MTk6IgAqAF90cmFuc2llbnRWYWx1ZXMiO086MTU6IlN0cmlwZV9VdGlsX1NldCI6MTp7czoyMjoiAFN0cmlwZV9VdGlsX1NldABfZWx0cyI7YTowOnt9fXM6MTk6IgAqAF9yZXRyaWV2ZU9wdGlvbnMiO2E6MDp7fX19fXM6MTc6IgAqAF91bnNhdmVkVmFsdWVzIjtPOjE1OiJTdHJpcGVfVXRpbF9TZXQiOjE6e3M6MjI6IgBTdHJpcGVfVXRpbF9TZXQAX2VsdHMiO2E6MDp7fX1zOjE5OiIAKgBfdHJhbnNpZW50VmFsdWVzIjtPOjE1OiJTdHJpcGVfVXRpbF9TZXQiOjE6e3M6MjI6IgBTdHJpcGVfVXRpbF9TZXQAX2VsdHMiO2E6MDp7fX1zOjE5OiIAKgBfcmV0cmlldmVPcHRpb25zIjthOjA6e319czoxMjoiZGVmYXVsdF9jYXJkIjtzOjI5OiJjYXJkXzE1YWFDekVtWmNQTkVOb0dkQ1NxemExdyI7czo3OiJzb3VyY2VzIjtPOjExOiJTdHJpcGVfTGlzdCI6NTp7czoxMDoiACoAX2FwaUtleSI7czozMjoic2tfdGVzdF9HS2RWRWNaeWFYMUpocjc3eDFXSzlTSXciO3M6MTA6IgAqAF92YWx1ZXMiO2E6NTp7czo2OiJvYmplY3QiO3M6NDoibGlzdCI7czoxMToidG90YWxfY291bnQiO2k6MTtzOjg6Imhhc19tb3JlIjtiOjA7czozOiJ1cmwiO3M6NDA6Ii92MS9jdXN0b21lcnMvY3VzXzVhZEJoQ1hxS29vQ3VkL3NvdXJjZXMiO3M6NDoiZGF0YSI7YToxOntpOjA7TzoxMToiU3RyaXBlX0NhcmQiOjU6e3M6MTA6IgAqAF9hcGlLZXkiO3M6MzI6InNrX3Rlc3RfR0tkVkVjWnlhWDFKaHI3N3gxV0s5U0l3IjtzOjEwOiIAKgBfdmFsdWVzIjthOjIxOntzOjI6ImlkIjtzOjI5OiJjYXJkXzE1YWFDekVtWmNQTkVOb0dkQ1NxemExdyI7czo2OiJvYmplY3QiO3M6NDoiY2FyZCI7czo1OiJsYXN0NCI7czo0OiI0MjQyIjtzOjU6ImJyYW5kIjtzOjQ6IlZpc2EiO3M6NzoiZnVuZGluZyI7czo2OiJjcmVkaXQiO3M6OToiZXhwX21vbnRoIjtpOjg7czo4OiJleHBfeWVhciI7aToyMDE2O3M6MTE6ImZpbmdlcnByaW50IjtzOjE2OiIxN3E1WWczWjlKSVNRaVZkIjtzOjc6ImNvdW50cnkiO3M6MjoiVVMiO3M6NDoibmFtZSI7TjtzOjEzOiJhZGRyZXNzX2xpbmUxIjtOO3M6MTM6ImFkZHJlc3NfbGluZTIiO047czoxMjoiYWRkcmVzc19jaXR5IjtOO3M6MTM6ImFkZHJlc3Nfc3RhdGUiO047czoxMToiYWRkcmVzc196aXAiO047czoxNToiYWRkcmVzc19jb3VudHJ5IjtOO3M6OToiY3ZjX2NoZWNrIjtOO3M6MTk6ImFkZHJlc3NfbGluZTFfY2hlY2siO047czoxNzoiYWRkcmVzc196aXBfY2hlY2siO047czoxMzoiZHluYW1pY19sYXN0NCI7TjtzOjg6ImN1c3RvbWVyIjtzOjE4OiJjdXNfNWFkQmhDWHFLb29DdWQiO31zOjE3OiIAKgBfdW5zYXZlZFZhbHVlcyI7TzoxNToiU3RyaXBlX1V0aWxfU2V0IjoxOntzOjIyOiIAU3RyaXBlX1V0aWxfU2V0AF9lbHRzIjthOjA6e319czoxOToiACoAX3RyYW5zaWVudFZhbHVlcyI7TzoxNToiU3RyaXBlX1V0aWxfU2V0IjoxOntzOjIyOiIAU3RyaXBlX1V0aWxfU2V0AF9lbHRzIjthOjA6e319czoxOToiACoAX3JldHJpZXZlT3B0aW9ucyI7YTowOnt9fX19czoxNzoiACoAX3Vuc2F2ZWRWYWx1ZXMiO086MTU6IlN0cmlwZV9VdGlsX1NldCI6MTp7czoyMjoiAFN0cmlwZV9VdGlsX1NldABfZWx0cyI7YTowOnt9fXM6MTk6IgAqAF90cmFuc2llbnRWYWx1ZXMiO086MTU6IlN0cmlwZV9VdGlsX1NldCI6MTp7czoyMjoiAFN0cmlwZV9VdGlsX1NldABfZWx0cyI7YTowOnt9fXM6MTk6IgAqAF9yZXRyaWV2ZU9wdGlvbnMiO2E6MDp7fX1zOjE0OiJkZWZhdWx0X3NvdXJjZSI7czoyOToiY2FyZF8xNWFhQ3pFbVpjUE5FTm9HZENTcXphMXciO31zOjE3OiIAKgBfdW5zYXZlZFZhbHVlcyI7TzoxNToiU3RyaXBlX1V0aWxfU2V0IjoxOntzOjIyOiIAU3RyaXBlX1V0aWxfU2V0AF9lbHRzIjthOjA6e319czoxOToiACoAX3RyYW5zaWVudFZhbHVlcyI7TzoxNToiU3RyaXBlX1V0aWxfU2V0IjoxOntzOjIyOiIAU3RyaXBlX1V0aWxfU2V0AF9lbHRzIjthOjA6e319czoxOToiACoAX3JldHJpZXZlT3B0aW9ucyI7YTowOnt9fQ==','VINCENT3',0,1),(64,'2015-03-24 04:23:40','2015-07-23 22:38:19',NULL,'vincent+10@bentonow.com',0,0,'John J.','Smith','555-123-4567','$2y$10$E//DcZ2Wm6w2q4ki/oF7heUBcNqhgKycnmPKgAKKRXvgIETznFzoS',NULL,'$2y$10$zp5JOF/eLIbSCkHTZmxK6.gYPTeLpY/VjpXPEGPhKJR6kuEb6.e8K','auth',NULL,NULL,NULL,NULL,NULL,NULL,'JOHNJ4',0,0),(65,'2015-03-24 04:24:01','2015-07-23 22:38:19',NULL,'vincent+11@bentonow.com',0,0,'Jimmy','','555-123-4567','$2y$10$z91GnafKvxWWPDnYdEHWFeoHEVJ4ada7hqfGr.cMD57Of/58Cu1h6',NULL,'$2y$10$QkiaQ4rngfZTPCIASKnnKeohluwlxHUyEVsg5t7JlDiowDDbkhA4q','auth',NULL,NULL,NULL,NULL,NULL,NULL,'JIMMY1',0,0),(66,'2015-03-24 04:38:48','2015-07-23 22:38:19',NULL,'vincent+12@bentonow.com',0,0,'Jimmy Wimbles','','555-123-4567','$2y$10$0KgAAIZ4dJ8Il3VANDUHwuuWS6LZILJgZT0AcnNDTIrQTr8sI7k.2',NULL,'$2y$10$pTS5TEJy/Wyu1BR9vpMWxOsdSOx17azf47si4uq033nu36AphTcX2','auth',NULL,NULL,NULL,NULL,NULL,NULL,'JIMMYWIMBL1',0,0),(67,'2015-03-24 04:39:12','2015-07-23 22:38:19',NULL,'vincent+13@bentonow.com',0,0,'Jimmy','Wimbles','555-123-4567','$2y$10$vzX2I2de9Wl8LkpiYj8SMeYtKsepMRjKQthNKHvzab773yvVRW06S',NULL,'$2y$10$WvKOF9KHFcGKm7W7ba5raOA0AgZfOpgB4gQHllFLWiuLVljcTr48.','auth',NULL,NULL,NULL,NULL,NULL,NULL,'JIMMY2',0,0);
/*!40000 ALTER TABLE `User` ENABLE KEYS */;
UNLOCK TABLES;

--
-- Table structure for table `admin_User`
--

DROP TABLE IF EXISTS `admin_User`;
/*!40101 SET @saved_cs_client     = @@character_set_client */;
/*!40101 SET character_set_client = utf8 */;
CREATE TABLE `admin_User` (
  `pk_admin_User` int(11) NOT NULL AUTO_INCREMENT,
  `username` varchar(45) COLLATE utf8_unicode_ci DEFAULT NULL,
  `password` varchar(255) COLLATE utf8_unicode_ci DEFAULT NULL,
  `name` varchar(255) COLLATE utf8_unicode_ci DEFAULT NULL,
  PRIMARY KEY (`pk_admin_User`),
  UNIQUE KEY `username_UNIQUE` (`username`)
) ENGINE=InnoDB AUTO_INCREMENT=4 DEFAULT CHARSET=utf8 COLLATE=utf8_unicode_ci;
/*!40101 SET character_set_client = @saved_cs_client */;

--
-- Dumping data for table `admin_User`
--

LOCK TABLES `admin_User` WRITE;
/*!40000 ALTER TABLE `admin_User` DISABLE KEYS */;
INSERT INTO `admin_User` VALUES (1,'vcardillo','$2y$10$i1g54eZ0UkFYnlqNaIfaLuQc5G47BRQIwN0PBmyL/LESCv9T7Mshy','Vincent'),(2,'testuser','$2y$10$S6BPbdJ/B7LIuWHN6xZQMuFiyXjdxyDk/.Wf3UAhduduPA10HopRO','Test User (mypass)'),(3,'jason','$2y$10$Yd9g7Xo/izOGlP3iE.9BI./hqI7W7fhhzX9VzjmlEaKmQbVhjp/RK','Jason');
/*!40000 ALTER TABLE `admin_User` ENABLE KEYS */;
UNLOCK TABLES;

--
-- Table structure for table `admin_ios_copy`
--

DROP TABLE IF EXISTS `admin_ios_copy`;
/*!40101 SET @saved_cs_client     = @@character_set_client */;
/*!40101 SET character_set_client = utf8 */;
CREATE TABLE `admin_ios_copy` (
  `pk_admin_ios_copy` int(11) NOT NULL AUTO_INCREMENT,
  `key` varchar(255) COLLATE utf8_unicode_ci DEFAULT NULL,
  `value` text COLLATE utf8_unicode_ci,
  `type` varchar(45) COLLATE utf8_unicode_ci DEFAULT NULL,
  PRIMARY KEY (`pk_admin_ios_copy`)
) ENGINE=InnoDB AUTO_INCREMENT=136 DEFAULT CHARSET=utf8 COLLATE=utf8_unicode_ci;
/*!40101 SET character_set_client = @saved_cs_client */;

--
-- Dumping data for table `admin_ios_copy`
--

LOCK TABLES `admin_ios_copy` WRITE;
/*!40000 ALTER TABLE `admin_ios_copy` DISABLE KEYS */;
INSERT INTO `admin_ios_copy` VALUES (1,'about-button','\"GET STARTED\"','text'),(2,'about-item-0','Build your Bento for only $X!','text'),(3,'about-item-1','Choose your main dish.','text'),(4,'about-item-2','Pick your 4 side dishes.','text'),(5,'about-item-3','\'Enter your address. Done.\'','text'),(6,'about-logo','\'bento-about-logo.png\'','image'),(7,'build-add-button','\'ADD ANOTHER BENTO\'','text'),(8,'build-button-1','\'CONTINUE\'','text'),(9,'build-button-2','\'FINALIZE ORDER\'','text'),(10,'build-main','\'+ MAIN DISH\'','text'),(11,'build-main-add-button-1','\'ADD TO BENTO\'','text'),(12,'build-main-add-button-2','\'IN YOUR BENTO\'','text'),(13,'build-main-title','\'Choose Main Dish\'','text'),(14,'build-not-complete-confirmation-1','\'No\'','text'),(15,'build-not-complete-confirmation-2','\'Yes\'','text'),(16,'build-not-complete-text','\'You didn\'t finish your Bento. Should we finish it for you?\'','text'),(17,'build-side-1','\'+ SIDE\'','text'),(18,'build-side-2','\'+ SIDE\'','text'),(19,'build-side-3','\'+ SIDE\'','text'),(20,'build-side-4','\'+ SIDE\'','text'),(21,'build-side-add-button-1','\'ADD TO BENTO\'','text'),(22,'build-side-add-button-2','\'IN YOUR BENTO\'','text'),(23,'build-side-title-1','\'Choose Side Dish\'','text'),(24,'build-side-title-2','\'Choose Side Dish\'','text'),(25,'build-side-title-3','\'Choose Side Dish\'','text'),(26,'build-side-title-4','\'Choose Side Dish\'','text'),(27,'build-title','\'Build Your Bento\'','text'),(28,'closed-button','\'SUBMIT\'','text'),(29,'closed-confirmation-button','\'OK\'','text'),(30,'closed-confirmation-text','\'Thanks! We\'ll let you know when we\'re open.\'','text'),(31,'closed-input-text','\'Enter your email\'','text'),(32,'closed-privacy-policy-link','\'Privacy Policy\'','text'),(33,'closed-terms-link','\'Terms & Conditions\'','text'),(34,'closed-text','\'We\'re open Monday through Thursday 5pm-9pm. Input your email below to get an email reminder when we open.\'','text'),(35,'closed-title','We\'re currently closed!','text'),(36,'complete-add-another','\'ADD ANOTHER BENTO\'','text'),(37,'complete-add-promo','\'ADD PROMO\'','text'),(38,'complete-button','\'LET\'S EAT!\'','text'),(39,'complete-done','\'DONE\'','text'),(40,'complete-edit','\'DELETE\'','text'),(41,'complete-enter-address','\'Enter Address\'','text'),(42,'complete-enter-credit-card','\'Enter Credit Card\'','text'),(43,'complete-promo-button','\'ADD PROMO CODE\'','text'),(44,'complete-promo-cancel','\'CANCEL\'','text'),(45,'complete-promo-discount','\'Promo Discount\'','text'),(46,'complete-promo-input-text','\'Your promo code\'','text'),(47,'complete-promo-invalid-button','\'OK\'','text'),(48,'complete-promo-invalid-text','\'Please try again or use a different code.\'','text'),(49,'complete-promo-invalid-title','\'Invalid Promo Code\'','text'),(50,'complete-remove','\'REMOVE\'','text'),(51,'complete-remove-all-confirmation-1','\'No\'','text'),(52,'complete-remove-all-confirmation-2','\'Yes\'','text'),(53,'complete-remove-all-text','\'Are you sure you want to remove your Bento?\'','text'),(54,'complete-tax','\'Tax\'','text'),(55,'complete-tip','\'Delivery Tip\'','text'),(56,'complete-title','\'Summary\'','text'),(57,'complete-total','\'Total\'','text'),(58,'completed-button','\'BUILD ANOTHER BENTO\'','text'),(59,'completed-image','\'completed-image.png\'','image'),(60,'completed-questions-link','\'Questions or Concerns?\'','text'),(61,'completed-text','\'We\'ll send you text message updates as your delivery heads your way.\'','text'),(62,'completed-title','\'Order Confirmed!\'','text'),(63,'contact-us-button','\'SEND\'','text'),(64,'contact-us-text','\'During open hours we respond in minutes.\'','text'),(65,'contact-us-title','\'Contact Us\'','text'),(66,'credit-card-button','\'CONTINUE TO SUMMARY\'','text'),(67,'credit-card-text','\'A single Bento is only...\'','text'),(68,'credit-card-title','\'Enter Credit Card\'','text'),(69,'delivery-address-button','\'SEARCH\'','text'),(70,'delivery-address-title','\'Delivery Location\'','text'),(71,'delivery-agree','\'I agree to meet my driver curbside.\'','text'),(72,'delivery-agree-confirmation-1','\'Cancel\'','text'),(73,'delivery-agree-confirmation-2','\'I Agree\'','text'),(74,'delivery-agree-message','\'To keep deliveries fast, our driver will meet you at the curb.\'','text'),(75,'delivery-button','\'CONTINUE\'','text'),(76,'delivery-enter-address','\'Enter your delivery address\'','text'),(77,'delivery-title','\'Delivery Location\'','text'),(78,'faq-body','\'http://cdn.bentonow.com/faq.html\'','url'),(79,'faq-button','\'BACK\'','text'),(80,'faq-contact-us-text','\'Questions? Email or call 415.997.9999.\'','text'),(81,'faq-title','\'FAQ\'','text'),(82,'launch-logo','\'bento-launch-logo.png\'','image'),(83,'launch-slogan','\'Healthy Asian Food Delivered in Minutes.\'','text'),(84,'out-of-area-button','\'SEND FREE BENTO COUPON\'','text'),(85,'out-of-area-image','\'delivery-location\'','image'),(86,'out-of-area-input-text','\'Enter your email for a free coupon\'','text'),(87,'out-of-area-middle-title','\'Bummer!\'','text'),(88,'out-of-area-text','\'We don\'t deliver there yet! Available locations are highlighted above. Enter your email below and we\'ll buy you a free Bento when we come to your area.\'','text'),(89,'out-of-area-title','\'Delivery Location\'','text'),(90,'phone-confirmation-button','\'DONE\'','text'),(91,'phone-confirmation-explanation','\'We need your phone number to give you updates on your delivery.\'','text'),(92,'phone-confirmation-privacy-policy-link','\'Privacy Policy\'','text'),(93,'phone-confirmation-terms-link','\'Terms & Conditions\'','text'),(94,'phone-confirmation-title','\'Enter Phone Number\'','text'),(95,'price','12','number'),(96,'privacy-policy-body','\'http://cdn.bentonow.com/legal/privacy-policy.htm\'','url'),(97,'privacy-policy-button','\'BACK\'','text'),(98,'privacy-policy-contact-us-text','\'Questions? Email or call 415.997.9909.\'','text'),(99,'privacy-policy-title','\'Privacy Policy\'','text'),(100,'sign-in-button','\'SIGN IN\'','text'),(101,'sign-in-middle-text','\'OR\'','text'),(102,'sign-in-sign-up-link','\'Sign up\'','text'),(103,'sign-in-sign-up-text','\'Don\'t have an account yet? %.\'','text'),(104,'sign-in-title','\'Sign In\'','text'),(105,'sign-up-button','\'SIGN UP\'','text'),(106,'sign-up-middle-text','\'OR\'','text'),(107,'sign-up-privacy-policy-link','\'Privacy Policy\'','text'),(108,'sign-up-sign-in-link','\'Sign in\'','text'),(109,'sign-up-sign-in-text','\'Already have an account? %.\'','text'),(110,'sign-up-terms-link','\'Terms & Conditions\'','text'),(111,'sign-up-title','\'Sign Up\'','text'),(112,'sold-out-button','\'SEND BENTO COUPON\'','text'),(113,'sold-out-confirmation-button','\'OK\'','text'),(114,'sold-out-confirmation-text','\'Thanks! Your coupon is on its way.\'','text'),(115,'sold-out-input-text','\'Enter your email for a free coupon\'','text'),(116,'sold-out-privacy-policy-link','\'Privacy Policy\'','text'),(117,'sold-out-terms-link','\'Terms & Conditions\'','text'),(118,'sold-out-text','\'We\'re open Monday thru Thursday 5pm-9pm. To make it up, enter your email below and we\'ll send you a 10% coupon off your next order.\'','text'),(119,'sold-out-title','\'Oh no, we sold out!\'','text'),(120,'terms-conditions-body','\'http://cdn.bentonow.com/legal/terms.htm\'','url'),(121,'terms-conditions-button','\'BACK\'','text'),(122,'terms-conditions-contact-us-text','\'Questions? Email or call 415.997.9909.\'','text'),(123,'terms-conditions-title','Terms & Conditions','text'),(124,'title-logo','bento-title-logo.png','image'),(125,'contact-email','\'help@bentonow.com\'','text'),(126,'tax_percent','\'8.75\'','text'),(127,'delivery-agree-error','\'Please tap the checkbox to confirm curbside delivery.\'','text'),(128,'forgot_password_url','\'https://api.bentonow.com/user/forgotpassword\'','url'),(129,'closed-sneak-preview-button','See today\'s menu','text'),(130,'closed-main-add-button','Add at 5pm','text'),(131,'closed-sides-add-button','Add at 5pm','text'),(132,'sale_price','12','number'),(133,'closed-text-latenight','See you tomorrow!','text'),(134,'open-line1','Open Monday - Friday','text'),(135,'open-line2','11:00am - 10:00pm','text');
/*!40000 ALTER TABLE `admin_ios_copy` ENABLE KEYS */;
UNLOCK TABLES;

--
-- Table structure for table `api_User`
--

DROP TABLE IF EXISTS `api_User`;
/*!40101 SET @saved_cs_client     = @@character_set_client */;
/*!40101 SET character_set_client = utf8 */;
CREATE TABLE `api_User` (
  `pk_api_User` int(11) NOT NULL AUTO_INCREMENT,
  `api_username` varchar(255) COLLATE utf8_unicode_ci DEFAULT NULL,
  `api_password` varchar(255) COLLATE utf8_unicode_ci DEFAULT NULL,
  `name` varchar(45) COLLATE utf8_unicode_ci DEFAULT NULL,
  `email` varchar(200) COLLATE utf8_unicode_ci DEFAULT NULL,
  PRIMARY KEY (`pk_api_User`)
) ENGINE=InnoDB AUTO_INCREMENT=3 DEFAULT CHARSET=utf8 COLLATE=utf8_unicode_ci;
/*!40101 SET character_set_client = @saved_cs_client */;

--
-- Dumping data for table `api_User`
--

LOCK TABLES `api_User` WRITE;
/*!40000 ALTER TABLE `api_User` DISABLE KEYS */;
INSERT INTO `api_User` VALUES (1,'seva_kjHgbmAq*7@#5_%KLbH','$5y$10$Ldvko.Fby1IhGHl16njuLOIbWlwz9TvMbBjqrph/lJuYIQxqTMyuG.86','seva safris','seva@safris.com'),(2,'vc','123',NULL,NULL);
/*!40000 ALTER TABLE `api_User` ENABLE KEYS */;
UNLOCK TABLES;

--
-- Table structure for table `migrations`
--

DROP TABLE IF EXISTS `migrations`;
/*!40101 SET @saved_cs_client     = @@character_set_client */;
/*!40101 SET character_set_client = utf8 */;
CREATE TABLE `migrations` (
  `migration` varchar(255) COLLATE utf8_unicode_ci NOT NULL,
  `batch` int(11) NOT NULL
) ENGINE=InnoDB DEFAULT CHARSET=utf8 COLLATE=utf8_unicode_ci;
/*!40101 SET character_set_client = @saved_cs_client */;

--
-- Dumping data for table `migrations`
--

LOCK TABLES `migrations` WRITE;
/*!40000 ALTER TABLE `migrations` DISABLE KEYS */;
INSERT INTO `migrations` VALUES ('2015_01_13_014144_create_session_table',1),('2015_03_07_000743_create_password_reminders_table',2);
/*!40000 ALTER TABLE `migrations` ENABLE KEYS */;
UNLOCK TABLES;

--
-- Table structure for table `password_reminders`
--

DROP TABLE IF EXISTS `password_reminders`;
/*!40101 SET @saved_cs_client     = @@character_set_client */;
/*!40101 SET character_set_client = utf8 */;
CREATE TABLE `password_reminders` (
  `email` varchar(255) COLLATE utf8_unicode_ci NOT NULL,
  `token` varchar(255) COLLATE utf8_unicode_ci NOT NULL,
  `created_at` timestamp NOT NULL DEFAULT '0000-00-00 00:00:00',
  KEY `password_reminders_email_index` (`email`),
  KEY `password_reminders_token_index` (`token`)
) ENGINE=InnoDB DEFAULT CHARSET=utf8 COLLATE=utf8_unicode_ci;
/*!40101 SET character_set_client = @saved_cs_client */;

--
-- Dumping data for table `password_reminders`
--

LOCK TABLES `password_reminders` WRITE;
/*!40000 ALTER TABLE `password_reminders` DISABLE KEYS */;
INSERT INTO `password_reminders` VALUES ('vincent+0@bentonow.com','11f6913fbc29abf00bc2d32458fc267472b497cf','2015-03-07 08:33:10');
/*!40000 ALTER TABLE `password_reminders` ENABLE KEYS */;
UNLOCK TABLES;

--
-- Table structure for table `sessions`
--

DROP TABLE IF EXISTS `sessions`;
/*!40101 SET @saved_cs_client     = @@character_set_client */;
/*!40101 SET character_set_client = utf8 */;
CREATE TABLE `sessions` (
  `id` varchar(255) COLLATE utf8_unicode_ci NOT NULL,
  `payload` text COLLATE utf8_unicode_ci NOT NULL,
  `last_activity` int(11) NOT NULL,
  UNIQUE KEY `sessions_id_unique` (`id`)
) ENGINE=InnoDB DEFAULT CHARSET=utf8 COLLATE=utf8_unicode_ci;
/*!40101 SET character_set_client = @saved_cs_client */;

--
-- Dumping data for table `sessions`
--

LOCK TABLES `sessions` WRITE;
/*!40000 ALTER TABLE `sessions` DISABLE KEYS */;
INSERT INTO `sessions` VALUES ('1a0d350951af5c46710e7ace1fce4bb98ad26c7b','YTo3OntzOjY6Il90b2tlbiI7czo0MDoiWktXRFExbnNZZ25sWlVYbUFueTF0ZFdGZVlKVVFyNkNZeFhPYTZsQyI7czo1OiJmbGFzaCI7YToyOntzOjM6Im9sZCI7YTowOnt9czozOiJuZXciO2E6MDp7fX1zOjE1OiJpc0FkbWluTG9nZ2VkSW4iO2I6MTtzOjk6ImFkbWluVXNlciI7Tzo4OiJzdGRDbGFzcyI6NDp7czoxMzoicGtfYWRtaW5fVXNlciI7czoxOiIxIjtzOjg6InVzZXJuYW1lIjtzOjk6InZjYXJkaWxsbyI7czo4OiJwYXNzd29yZCI7czo2MDoiJDJ5JDEwJGkxZzU0ZVowVWtGWW5scU5hSWZhTHVRYzVHNDdCUlFJd04wUEJteUwvTEVTQ3Y5VDdNc2h5IjtzOjQ6Im5hbWUiO3M6NzoiVmluY2VudCI7fXM6OToiYXBpX3Rva2VuIjtzOjM6IjEyMyI7czoxNzoiYXBpX2ltcGVyc29uYXRpbmciO086NDoiVXNlciI6MjA6e3M6ODoiACoAdGFibGUiO3M6NDoiVXNlciI7czoxMzoiACoAcHJpbWFyeUtleSI7czo3OiJwa19Vc2VyIjtzOjk6IgAqAGhpZGRlbiI7YToyOntpOjA7czo4OiJwYXNzd29yZCI7aToxO3M6MTQ6InJlbWVtYmVyX3Rva2VuIjt9czoxMzoiACoAY29ubmVjdGlvbiI7TjtzOjEwOiIAKgBwZXJQYWdlIjtpOjE1O3M6MTI6ImluY3JlbWVudGluZyI7YjoxO3M6MTA6InRpbWVzdGFtcHMiO2I6MTtzOjEzOiIAKgBhdHRyaWJ1dGVzIjthOjIzOntzOjc6InBrX1VzZXIiO3M6MToiNiI7czoxMDoiY3JlYXRlZF9hdCI7czoxOToiMjAxNS0wMS0xNiAxOTozNToyMyI7czoxMDoidXBkYXRlZF9hdCI7czoxOToiMjAxNS0wOC0xNyAyMDo1MzowMyI7czoxMDoiZGVsZXRlZF9hdCI7TjtzOjU6ImVtYWlsIjtzOjIxOiJ2Y2FyZGlsbG8rMkBnbWFpbC5jb20iO3M6NzoiaXNfdGVzdCI7czoxOiIxIjtzOjg6ImlzX2FkbWluIjtzOjE6IjAiO3M6OToiZmlyc3RuYW1lIjtzOjEwOiJWaW5jZW50IFQyIjtzOjg6Imxhc3RuYW1lIjtzOjY6IlRlc3QgMiI7czo1OiJwaG9uZSI7czoxMjoiNTg1LTUwMi03ODk0IjtzOjg6InBhc3N3b3JkIjtOO3M6MTQ6InJlbWVtYmVyX3Rva2VuIjtOO3M6OToiYXBpX3Rva2VuIjtzOjM6IjEyMyI7czo4OiJyZWdfdHlwZSI7czo0OiJhdXRoIjtzOjU6ImZiX2lkIjtzOjc6InNvbWVpZDIiO3M6ODoiZmJfdG9rZW4iO047czoxNDoiZmJfcHJvZmlsZV9waWMiO047czoxMjoiZmJfYWdlX3JhbmdlIjtOO3M6OToiZmJfZ2VuZGVyIjtOO3M6MTk6InN0cmlwZV9jdXN0b21lcl9vYmoiO3M6MzcxMjoiVHpveE5Ub2lVM1J5YVhCbFgwTjFjM1J2YldWeUlqbzFPbnR6T2pFd09pSUFLZ0JmWVhCcFMyVjVJanR6T2pNeU9pSnphMTkwWlhOMFgwZExaRlpGWTFwNVlWZ3hTbWh5TnpkNE1WZExPVk5KZHlJN2N6b3hNRG9pQUNvQVgzWmhiSFZsY3lJN1lUb3hORHA3Y3pveU9pSnBaQ0k3Y3pveE9Eb2lZM1Z6WHpWaFpFSm9RMWh4UzI5dlEzVmtJanR6T2pZNkltOWlhbVZqZENJN2N6bzRPaUpqZFhOMGIyMWxjaUk3Y3pvM09pSmpjbVZoZEdWa0lqdHBPakUwTWpJek16WTFPRFU3Y3pvNE9pSnNhWFpsYlc5a1pTSTdZam93TzNNNk1URTZJbVJsYzJOeWFYQjBhVzl1SWp0ek9qSXhPaUoyWTJGeVpHbHNiRzhyTWtCbmJXRnBiQzVqYjIwaU8zTTZOVG9pWlcxaGFXd2lPMDQ3Y3pveE1Eb2laR1ZzYVc1eGRXVnVkQ0k3WWpvd08zTTZPRG9pYldWMFlXUmhkR0VpTzA4Nk1qRTZJbE4wY21sd1pWOUJkSFJoWTJobFpFOWlhbVZqZENJNk5UcDdjem94TURvaUFDb0FYMkZ3YVV0bGVTSTdjem96TWpvaWMydGZkR1Z6ZEY5SFMyUldSV05hZVdGWU1VcG9jamMzZURGWFN6bFRTWGNpTzNNNk1UQTZJZ0FxQUY5MllXeDFaWE1pTzJFNk1EcDdmWE02TVRjNklnQXFBRjkxYm5OaGRtVmtWbUZzZFdWeklqdFBPakUxT2lKVGRISnBjR1ZmVlhScGJGOVRaWFFpT2pFNmUzTTZNakk2SWdCVGRISnBjR1ZmVlhScGJGOVRaWFFBWDJWc2RITWlPMkU2TURwN2ZYMXpPakU1T2lJQUtnQmZkSEpoYm5OcFpXNTBWbUZzZFdWeklqdFBPakUxT2lKVGRISnBjR1ZmVlhScGJGOVRaWFFpT2pFNmUzTTZNakk2SWdCVGRISnBjR1ZmVlhScGJGOVRaWFFBWDJWc2RITWlPMkU2TURwN2ZYMXpPakU1T2lJQUtnQmZjbVYwY21sbGRtVlBjSFJwYjI1eklqdGhPakE2ZTMxOWN6b3hNem9pYzNWaWMyTnlhWEIwYVc5dWN5STdUem94TVRvaVUzUnlhWEJsWDB4cGMzUWlPalU2ZTNNNk1UQTZJZ0FxQUY5aGNHbExaWGtpTzNNNk16STZJbk5yWDNSbGMzUmZSMHRrVmtWaldubGhXREZLYUhJM04zZ3hWMHM1VTBsM0lqdHpPakV3T2lJQUtnQmZkbUZzZFdWeklqdGhPalU2ZTNNNk5qb2liMkpxWldOMElqdHpPalE2SW14cGMzUWlPM002TVRFNkluUnZkR0ZzWDJOdmRXNTBJanRwT2pBN2N6bzRPaUpvWVhOZmJXOXlaU0k3WWpvd08zTTZNem9pZFhKc0lqdHpPalEyT2lJdmRqRXZZM1Z6ZEc5dFpYSnpMMk4xYzE4MVlXUkNhRU5ZY1V0dmIwTjFaQzl6ZFdKelkzSnBjSFJwYjI1eklqdHpPalE2SW1SaGRHRWlPMkU2TURwN2ZYMXpPakUzT2lJQUtnQmZkVzV6WVhabFpGWmhiSFZsY3lJN1R6b3hOVG9pVTNSeWFYQmxYMVYwYVd4ZlUyVjBJam94T250ek9qSXlPaUlBVTNSeWFYQmxYMVYwYVd4ZlUyVjBBRjlsYkhSeklqdGhPakE2ZTMxOWN6b3hPVG9pQUNvQVgzUnlZVzV6YVdWdWRGWmhiSFZsY3lJN1R6b3hOVG9pVTNSeWFYQmxYMVYwYVd4ZlUyVjBJam94T250ek9qSXlPaUlBVTNSeWFYQmxYMVYwYVd4ZlUyVjBBRjlsYkhSeklqdGhPakE2ZTMxOWN6b3hPVG9pQUNvQVgzSmxkSEpwWlhabFQzQjBhVzl1Y3lJN1lUb3dPbnQ5ZlhNNk9Eb2laR2x6WTI5MWJuUWlPMDQ3Y3pveE5Ub2lZV05qYjNWdWRGOWlZV3hoYm1ObElqdHBPakE3Y3pvNE9pSmpkWEp5Wlc1amVTSTdUanR6T2pVNkltTmhjbVJ6SWp0UE9qRXhPaUpUZEhKcGNHVmZUR2x6ZENJNk5UcDdjem94TURvaUFDb0FYMkZ3YVV0bGVTSTdjem96TWpvaWMydGZkR1Z6ZEY5SFMyUldSV05hZVdGWU1VcG9jamMzZURGWFN6bFRTWGNpTzNNNk1UQTZJZ0FxQUY5MllXeDFaWE1pTzJFNk5UcDdjem8yT2lKdlltcGxZM1FpTzNNNk5Eb2liR2x6ZENJN2N6b3hNVG9pZEc5MFlXeGZZMjkxYm5RaU8yazZNVHR6T2pnNkltaGhjMTl0YjNKbElqdGlPakE3Y3pvek9pSjFjbXdpTzNNNk16ZzZJaTkyTVM5amRYTjBiMjFsY25NdlkzVnpYelZoWkVKb1ExaHhTMjl2UTNWa0wyTmhjbVJ6SWp0ek9qUTZJbVJoZEdFaU8yRTZNVHA3YVRvd08wODZNVEU2SWxOMGNtbHdaVjlEWVhKa0lqbzFPbnR6T2pFd09pSUFLZ0JmWVhCcFMyVjVJanR6T2pNeU9pSnphMTkwWlhOMFgwZExaRlpGWTFwNVlWZ3hTbWh5TnpkNE1WZExPVk5KZHlJN2N6b3hNRG9pQUNvQVgzWmhiSFZsY3lJN1lUb3lNVHA3Y3pveU9pSnBaQ0k3Y3pveU9Ub2lZMkZ5WkY4eE5WQlNkVzFGYlZwalVFNUZUbTlIUWtVeE1GaHVOamdpTzNNNk5qb2liMkpxWldOMElqdHpPalE2SW1OaGNtUWlPM002TlRvaWJHRnpkRFFpTzNNNk5Eb2lOREkwTWlJN2N6bzFPaUppY21GdVpDSTdjem8wT2lKV2FYTmhJanR6T2pjNkltWjFibVJwYm1jaU8zTTZOam9pWTNKbFpHbDBJanR6T2prNkltVjRjRjl0YjI1MGFDSTdhVG80TzNNNk9Eb2laWGh3WDNsbFlYSWlPMms2TWpBeE5qdHpPakV4T2lKbWFXNW5aWEp3Y21sdWRDSTdjem94TmpvaU1UZHhOVmxuTTFvNVNrbFRVV2xXWkNJN2N6bzNPaUpqYjNWdWRISjVJanR6T2pJNklsVlRJanR6T2pRNkltNWhiV1VpTzA0N2N6b3hNem9pWVdSa2NtVnpjMTlzYVc1bE1TSTdUanR6T2pFek9pSmhaR1J5WlhOelgyeHBibVV5SWp0T08zTTZNVEk2SW1Ga1pISmxjM05mWTJsMGVTSTdUanR6T2pFek9pSmhaR1J5WlhOelgzTjBZWFJsSWp0T08zTTZNVEU2SW1Ga1pISmxjM05mZW1sd0lqdE9PM002TVRVNkltRmtaSEpsYzNOZlkyOTFiblJ5ZVNJN1RqdHpPams2SW1OMlkxOWphR1ZqYXlJN1RqdHpPakU1T2lKaFpHUnlaWE56WDJ4cGJtVXhYMk5vWldOcklqdE9PM002TVRjNkltRmtaSEpsYzNOZmVtbHdYMk5vWldOcklqdE9PM002TVRNNkltUjVibUZ0YVdOZmJHRnpkRFFpTzA0N2N6bzRPaUpqZFhOMGIyMWxjaUk3Y3pveE9Eb2lZM1Z6WHpWaFpFSm9RMWh4UzI5dlEzVmtJanQ5Y3pveE56b2lBQ29BWDNWdWMyRjJaV1JXWVd4MVpYTWlPMDg2TVRVNklsTjBjbWx3WlY5VmRHbHNYMU5sZENJNk1UcDdjem95TWpvaUFGTjBjbWx3WlY5VmRHbHNYMU5sZEFCZlpXeDBjeUk3WVRvd09udDlmWE02TVRrNklnQXFBRjkwY21GdWMybGxiblJXWVd4MVpYTWlPMDg2TVRVNklsTjBjbWx3WlY5VmRHbHNYMU5sZENJNk1UcDdjem95TWpvaUFGTjBjbWx3WlY5VmRHbHNYMU5sZEFCZlpXeDBjeUk3WVRvd09udDlmWE02TVRrNklnQXFBRjl5WlhSeWFXVjJaVTl3ZEdsdmJuTWlPMkU2TURwN2ZYMTlmWE02TVRjNklnQXFBRjkxYm5OaGRtVmtWbUZzZFdWeklqdFBPakUxT2lKVGRISnBjR1ZmVlhScGJGOVRaWFFpT2pFNmUzTTZNakk2SWdCVGRISnBjR1ZmVlhScGJGOVRaWFFBWDJWc2RITWlPMkU2TURwN2ZYMXpPakU1T2lJQUtnQmZkSEpoYm5OcFpXNTBWbUZzZFdWeklqdFBPakUxT2lKVGRISnBjR1ZmVlhScGJGOVRaWFFpT2pFNmUzTTZNakk2SWdCVGRISnBjR1ZmVlhScGJGOVRaWFFBWDJWc2RITWlPMkU2TURwN2ZYMXpPakU1T2lJQUtnQmZjbVYwY21sbGRtVlBjSFJwYjI1eklqdGhPakE2ZTMxOWN6b3hNam9pWkdWbVlYVnNkRjlqWVhKa0lqdHpPakk1T2lKallYSmtYekUxVUZKMWJVVnRXbU5RVGtWT2IwZENSVEV3V0c0Mk9DSTdmWE02TVRjNklnQXFBRjkxYm5OaGRtVmtWbUZzZFdWeklqdFBPakUxT2lKVGRISnBjR1ZmVlhScGJGOVRaWFFpT2pFNmUzTTZNakk2SWdCVGRISnBjR1ZmVlhScGJGOVRaWFFBWDJWc2RITWlPMkU2TURwN2ZYMXpPakU1T2lJQUtnQmZkSEpoYm5OcFpXNTBWbUZzZFdWeklqdFBPakUxT2lKVGRISnBjR1ZmVlhScGJGOVRaWFFpT2pFNmUzTTZNakk2SWdCVGRISnBjR1ZmVlhScGJGOVRaWFFBWDJWc2RITWlPMkU2TURwN2ZYMXpPakU1T2lJQUtnQmZjbVYwY21sbGRtVlBjSFJwYjI1eklqdGhPakE2ZTMxOSI7czoxMToiY291cG9uX2NvZGUiO3M6MTA6IlZJTkNFTlRUMjEiO3M6MTU6ImlzX3RvcF9jdXN0b21lciI7czoxOiIxIjtzOjExOiJoYXNfb3JkZXJlZCI7czoxOiIxIjt9czoxMToiACoAb3JpZ2luYWwiO2E6MjM6e3M6NzoicGtfVXNlciI7czoxOiI2IjtzOjEwOiJjcmVhdGVkX2F0IjtzOjE5OiIyMDE1LTAxLTE2IDE5OjM1OjIzIjtzOjEwOiJ1cGRhdGVkX2F0IjtzOjE5OiIyMDE1LTA4LTE3IDIwOjUzOjAzIjtzOjEwOiJkZWxldGVkX2F0IjtOO3M6NToiZW1haWwiO3M6MjE6InZjYXJkaWxsbysyQGdtYWlsLmNvbSI7czo3OiJpc190ZXN0IjtzOjE6IjEiO3M6ODoiaXNfYWRtaW4iO3M6MToiMCI7czo5OiJmaXJzdG5hbWUiO3M6MTA6IlZpbmNlbnQgVDIiO3M6ODoibGFzdG5hbWUiO3M6NjoiVGVzdCAyIjtzOjU6InBob25lIjtzOjEyOiI1ODUtNTAyLTc4OTQiO3M6ODoicGFzc3dvcmQiO047czoxNDoicmVtZW1iZXJfdG9rZW4iO047czo5OiJhcGlfdG9rZW4iO3M6MzoiMTIzIjtzOjg6InJlZ190eXBlIjtzOjQ6ImF1dGgiO3M6NToiZmJfaWQiO3M6Nzoic29tZWlkMiI7czo4OiJmYl90b2tlbiI7TjtzOjE0OiJmYl9wcm9maWxlX3BpYyI7TjtzOjEyOiJmYl9hZ2VfcmFuZ2UiO047czo5OiJmYl9nZW5kZXIiO047czoxOToic3RyaXBlX2N1c3RvbWVyX29iaiI7czozNzEyOiJUem94TlRvaVUzUnlhWEJsWDBOMWMzUnZiV1Z5SWpvMU9udHpPakV3T2lJQUtnQmZZWEJwUzJWNUlqdHpPak15T2lKemExOTBaWE4wWDBkTFpGWkZZMXA1WVZneFNtaHlOemQ0TVZkTE9WTkpkeUk3Y3pveE1Eb2lBQ29BWDNaaGJIVmxjeUk3WVRveE5EcDdjem95T2lKcFpDSTdjem94T0RvaVkzVnpYelZoWkVKb1ExaHhTMjl2UTNWa0lqdHpPalk2SW05aWFtVmpkQ0k3Y3pvNE9pSmpkWE4wYjIxbGNpSTdjem8zT2lKamNtVmhkR1ZrSWp0cE9qRTBNakl6TXpZMU9EVTdjem80T2lKc2FYWmxiVzlrWlNJN1lqb3dPM002TVRFNkltUmxjMk55YVhCMGFXOXVJanR6T2pJeE9pSjJZMkZ5Wkdsc2JHOHJNa0JuYldGcGJDNWpiMjBpTzNNNk5Ub2laVzFoYVd3aU8wNDdjem94TURvaVpHVnNhVzV4ZFdWdWRDSTdZam93TzNNNk9Eb2liV1YwWVdSaGRHRWlPMDg2TWpFNklsTjBjbWx3WlY5QmRIUmhZMmhsWkU5aWFtVmpkQ0k2TlRwN2N6b3hNRG9pQUNvQVgyRndhVXRsZVNJN2N6b3pNam9pYzJ0ZmRHVnpkRjlIUzJSV1JXTmFlV0ZZTVVwb2NqYzNlREZYU3psVFNYY2lPM002TVRBNklnQXFBRjkyWVd4MVpYTWlPMkU2TURwN2ZYTTZNVGM2SWdBcUFGOTFibk5oZG1Wa1ZtRnNkV1Z6SWp0UE9qRTFPaUpUZEhKcGNHVmZWWFJwYkY5VFpYUWlPakU2ZTNNNk1qSTZJZ0JUZEhKcGNHVmZWWFJwYkY5VFpYUUFYMlZzZEhNaU8yRTZNRHA3Zlgxek9qRTVPaUlBS2dCZmRISmhibk5wWlc1MFZtRnNkV1Z6SWp0UE9qRTFPaUpUZEhKcGNHVmZWWFJwYkY5VFpYUWlPakU2ZTNNNk1qSTZJZ0JUZEhKcGNHVmZWWFJwYkY5VFpYUUFYMlZzZEhNaU8yRTZNRHA3Zlgxek9qRTVPaUlBS2dCZmNtVjBjbWxsZG1WUGNIUnBiMjV6SWp0aE9qQTZlMzE5Y3pveE16b2ljM1ZpYzJOeWFYQjBhVzl1Y3lJN1R6b3hNVG9pVTNSeWFYQmxYMHhwYzNRaU9qVTZlM002TVRBNklnQXFBRjloY0dsTFpYa2lPM002TXpJNkluTnJYM1JsYzNSZlIwdGtWa1ZqV25saFdERkthSEkzTjNneFYwczVVMGwzSWp0ek9qRXdPaUlBS2dCZmRtRnNkV1Z6SWp0aE9qVTZlM002TmpvaWIySnFaV04wSWp0ek9qUTZJbXhwYzNRaU8zTTZNVEU2SW5SdmRHRnNYMk52ZFc1MElqdHBPakE3Y3pvNE9pSm9ZWE5mYlc5eVpTSTdZam93TzNNNk16b2lkWEpzSWp0ek9qUTJPaUl2ZGpFdlkzVnpkRzl0WlhKekwyTjFjMTgxWVdSQ2FFTlljVXR2YjBOMVpDOXpkV0p6WTNKcGNIUnBiMjV6SWp0ek9qUTZJbVJoZEdFaU8yRTZNRHA3Zlgxek9qRTNPaUlBS2dCZmRXNXpZWFpsWkZaaGJIVmxjeUk3VHpveE5Ub2lVM1J5YVhCbFgxVjBhV3hmVTJWMElqb3hPbnR6T2pJeU9pSUFVM1J5YVhCbFgxVjBhV3hmVTJWMEFGOWxiSFJ6SWp0aE9qQTZlMzE5Y3pveE9Ub2lBQ29BWDNSeVlXNXphV1Z1ZEZaaGJIVmxjeUk3VHpveE5Ub2lVM1J5YVhCbFgxVjBhV3hmVTJWMElqb3hPbnR6T2pJeU9pSUFVM1J5YVhCbFgxVjBhV3hmVTJWMEFGOWxiSFJ6SWp0aE9qQTZlMzE5Y3pveE9Ub2lBQ29BWDNKbGRISnBaWFpsVDNCMGFXOXVjeUk3WVRvd09udDlmWE02T0RvaVpHbHpZMjkxYm5RaU8wNDdjem94TlRvaVlXTmpiM1Z1ZEY5aVlXeGhibU5sSWp0cE9qQTdjem80T2lKamRYSnlaVzVqZVNJN1RqdHpPalU2SW1OaGNtUnpJanRQT2pFeE9pSlRkSEpwY0dWZlRHbHpkQ0k2TlRwN2N6b3hNRG9pQUNvQVgyRndhVXRsZVNJN2N6b3pNam9pYzJ0ZmRHVnpkRjlIUzJSV1JXTmFlV0ZZTVVwb2NqYzNlREZYU3psVFNYY2lPM002TVRBNklnQXFBRjkyWVd4MVpYTWlPMkU2TlRwN2N6bzJPaUp2WW1wbFkzUWlPM002TkRvaWJHbHpkQ0k3Y3pveE1Ub2lkRzkwWVd4ZlkyOTFiblFpTzJrNk1UdHpPamc2SW1oaGMxOXRiM0psSWp0aU9qQTdjem96T2lKMWNtd2lPM002TXpnNklpOTJNUzlqZFhOMGIyMWxjbk12WTNWelh6VmhaRUpvUTFoeFMyOXZRM1ZrTDJOaGNtUnpJanR6T2pRNkltUmhkR0VpTzJFNk1UcDdhVG93TzA4Nk1URTZJbE4wY21sd1pWOURZWEprSWpvMU9udHpPakV3T2lJQUtnQmZZWEJwUzJWNUlqdHpPak15T2lKemExOTBaWE4wWDBkTFpGWkZZMXA1WVZneFNtaHlOemQ0TVZkTE9WTkpkeUk3Y3pveE1Eb2lBQ29BWDNaaGJIVmxjeUk3WVRveU1UcDdjem95T2lKcFpDSTdjem95T1RvaVkyRnlaRjh4TlZCU2RXMUZiVnBqVUU1RlRtOUhRa1V4TUZodU5qZ2lPM002TmpvaWIySnFaV04wSWp0ek9qUTZJbU5oY21RaU8zTTZOVG9pYkdGemREUWlPM002TkRvaU5ESTBNaUk3Y3pvMU9pSmljbUZ1WkNJN2N6bzBPaUpXYVhOaElqdHpPamM2SW1aMWJtUnBibWNpTzNNNk5qb2lZM0psWkdsMElqdHpPams2SW1WNGNGOXRiMjUwYUNJN2FUbzRPM002T0RvaVpYaHdYM2xsWVhJaU8yazZNakF4Tmp0ek9qRXhPaUptYVc1blpYSndjbWx1ZENJN2N6b3hOam9pTVRkeE5WbG5NMW81U2tsVFVXbFdaQ0k3Y3pvM09pSmpiM1Z1ZEhKNUlqdHpPakk2SWxWVElqdHpPalE2SW01aGJXVWlPMDQ3Y3pveE16b2lZV1JrY21WemMxOXNhVzVsTVNJN1RqdHpPakV6T2lKaFpHUnlaWE56WDJ4cGJtVXlJanRPTzNNNk1USTZJbUZrWkhKbGMzTmZZMmwwZVNJN1RqdHpPakV6T2lKaFpHUnlaWE56WDNOMFlYUmxJanRPTzNNNk1URTZJbUZrWkhKbGMzTmZlbWx3SWp0T08zTTZNVFU2SW1Ga1pISmxjM05mWTI5MWJuUnllU0k3VGp0ek9qazZJbU4yWTE5amFHVmpheUk3VGp0ek9qRTVPaUpoWkdSeVpYTnpYMnhwYm1VeFgyTm9aV05ySWp0T08zTTZNVGM2SW1Ga1pISmxjM05mZW1sd1gyTm9aV05ySWp0T08zTTZNVE02SW1SNWJtRnRhV05mYkdGemREUWlPMDQ3Y3pvNE9pSmpkWE4wYjIxbGNpSTdjem94T0RvaVkzVnpYelZoWkVKb1ExaHhTMjl2UTNWa0lqdDljem94TnpvaUFDb0FYM1Z1YzJGMlpXUldZV3gxWlhNaU8wODZNVFU2SWxOMGNtbHdaVjlWZEdsc1gxTmxkQ0k2TVRwN2N6b3lNam9pQUZOMGNtbHdaVjlWZEdsc1gxTmxkQUJmWld4MGN5STdZVG93T250OWZYTTZNVGs2SWdBcUFGOTBjbUZ1YzJsbGJuUldZV3gxWlhNaU8wODZNVFU2SWxOMGNtbHdaVjlWZEdsc1gxTmxkQ0k2TVRwN2N6b3lNam9pQUZOMGNtbHdaVjlWZEdsc1gxTmxkQUJmWld4MGN5STdZVG93T250OWZYTTZNVGs2SWdBcUFGOXlaWFJ5YVdWMlpVOXdkR2x2Ym5NaU8yRTZNRHA3ZlgxOWZYTTZNVGM2SWdBcUFGOTFibk5oZG1Wa1ZtRnNkV1Z6SWp0UE9qRTFPaUpUZEhKcGNHVmZWWFJwYkY5VFpYUWlPakU2ZTNNNk1qSTZJZ0JUZEhKcGNHVmZWWFJwYkY5VFpYUUFYMlZzZEhNaU8yRTZNRHA3Zlgxek9qRTVPaUlBS2dCZmRISmhibk5wWlc1MFZtRnNkV1Z6SWp0UE9qRTFPaUpUZEhKcGNHVmZWWFJwYkY5VFpYUWlPakU2ZTNNNk1qSTZJZ0JUZEhKcGNHVmZWWFJwYkY5VFpYUUFYMlZzZEhNaU8yRTZNRHA3Zlgxek9qRTVPaUlBS2dCZmNtVjBjbWxsZG1WUGNIUnBiMjV6SWp0aE9qQTZlMzE5Y3pveE1qb2laR1ZtWVhWc2RGOWpZWEprSWp0ek9qSTVPaUpqWVhKa1h6RTFVRkoxYlVWdFdtTlFUa1ZPYjBkQ1JURXdXRzQyT0NJN2ZYTTZNVGM2SWdBcUFGOTFibk5oZG1Wa1ZtRnNkV1Z6SWp0UE9qRTFPaUpUZEhKcGNHVmZWWFJwYkY5VFpYUWlPakU2ZTNNNk1qSTZJZ0JUZEhKcGNHVmZWWFJwYkY5VFpYUUFYMlZzZEhNaU8yRTZNRHA3Zlgxek9qRTVPaUlBS2dCZmRISmhibk5wWlc1MFZtRnNkV1Z6SWp0UE9qRTFPaUpUZEhKcGNHVmZWWFJwYkY5VFpYUWlPakU2ZTNNNk1qSTZJZ0JUZEhKcGNHVmZWWFJwYkY5VFpYUUFYMlZzZEhNaU8yRTZNRHA3Zlgxek9qRTVPaUlBS2dCZmNtVjBjbWxsZG1WUGNIUnBiMjV6SWp0aE9qQTZlMzE5IjtzOjExOiJjb3Vwb25fY29kZSI7czoxMDoiVklOQ0VOVFQyMSI7czoxNToiaXNfdG9wX2N1c3RvbWVyIjtzOjE6IjEiO3M6MTE6Imhhc19vcmRlcmVkIjtzOjE6IjEiO31zOjEyOiIAKgByZWxhdGlvbnMiO2E6MDp7fXM6MTA6IgAqAHZpc2libGUiO2E6MDp7fXM6MTA6IgAqAGFwcGVuZHMiO2E6MDp7fXM6MTE6IgAqAGZpbGxhYmxlIjthOjA6e31zOjEwOiIAKgBndWFyZGVkIjthOjE6e2k6MDtzOjE6IioiO31zOjg6IgAqAGRhdGVzIjthOjA6e31zOjEwOiIAKgB0b3VjaGVzIjthOjA6e31zOjE0OiIAKgBvYnNlcnZhYmxlcyI7YTowOnt9czo3OiIAKgB3aXRoIjthOjA6e31zOjEzOiIAKgBtb3JwaENsYXNzIjtOO3M6NjoiZXhpc3RzIjtiOjE7fXM6OToiX3NmMl9tZXRhIjthOjM6e3M6MToidSI7aToxNDM5ODQ4Mzg3O3M6MToiYyI7aToxNDM5ODQ1MTk4O3M6MToibCI7czoxOiIwIjt9fQ==',1439848388);
/*!40000 ALTER TABLE `sessions` ENABLE KEYS */;
UNLOCK TABLES;

--
-- Table structure for table `settings`
--

DROP TABLE IF EXISTS `settings`;
/*!40101 SET @saved_cs_client     = @@character_set_client */;
/*!40101 SET character_set_client = utf8 */;
CREATE TABLE `settings` (
  `key` varchar(255) COLLATE utf8_unicode_ci NOT NULL,
  `value` text COLLATE utf8_unicode_ci,
  `updated_at` timestamp NULL DEFAULT NULL ON UPDATE CURRENT_TIMESTAMP,
  `public` tinyint(4) DEFAULT '0',
  PRIMARY KEY (`key`)
) ENGINE=InnoDB DEFAULT CHARSET=utf8 COLLATE=utf8_unicode_ci;
/*!40101 SET character_set_client = @saved_cs_client */;

--
-- Dumping data for table `settings`
--

LOCK TABLES `settings` WRITE;
/*!40000 ALTER TABLE `settings` DISABLE KEYS */;
INSERT INTO `settings` VALUES ('buffer_minutes','60',NULL,1),('fk_MealType_mode','2','2015-07-22 20:16:23',0),('geofence_order_radius_meters','100',NULL,1),('serviceArea_dinner','-122.44983680000001,37.8095806,0.0 -122.44335350000001,37.77783170000001,0.0 -122.43567470000002,37.7460824,0.0 -122.37636569999998,37.7490008,0.0 -122.37928390000002,37.78611430000001,0.0 -122.40348819999998,37.8135812,0.0 -122.44983680000001,37.8095806,0.0','2015-05-04 22:05:11',1),('serviceArea_dinner_map','https://a.tiles.mapbox.com/v4/vincent-bentonow-com.m26hh48o/page.html?access_token=pk.eyJ1IjoidmluY2VudC1iZW50b25vdy1jb20iLCJhIjoiV0p2al9qNCJ9.cKufaBUS30xSk7wXxmGuDg#13/37.7806/-122.4180',NULL,1),('serviceArea_lunch','-122.44983680000001,37.8095806,0.0 -122.44335350000001,37.77783170000001,0.0 -122.43567470000002,37.7460824,0.0 -122.37636569999998,37.7490008,0.0 -122.37928390000002,37.78611430000001,0.0 -122.40348819999998,37.8135812,0.0 -122.44983680000001,37.8095806,0.0','2015-05-04 22:05:11',1),('serviceArea_lunch_map','https://a.tiles.mapbox.com/v4/vincent-bentonow-com.m26hh48o/page.html?access_token=pk.eyJ1IjoidmluY2VudC1iZW50b25vdy1jb20iLCJhIjoiV0p2al9qNCJ9.cKufaBUS30xSk7wXxmGuDg#13/37.7806/-122.4180',NULL,1),('status','open','2015-08-17 21:40:10',1),('tzName','America/Los_Angeles','2015-05-04 22:05:11',1);
/*!40000 ALTER TABLE `settings` ENABLE KEYS */;
UNLOCK TABLES;

--
-- Dumping events for database 'bento'
--

--
-- Dumping routines for database 'bento'
--
/*!50003 DROP PROCEDURE IF EXISTS `Report_OrderDetails` */;
/*!50003 SET @saved_cs_client      = @@character_set_client */ ;
/*!50003 SET @saved_cs_results     = @@character_set_results */ ;
/*!50003 SET @saved_col_connection = @@collation_connection */ ;
/*!50003 SET character_set_client  = utf8 */ ;
/*!50003 SET character_set_results = utf8 */ ;
/*!50003 SET collation_connection  = utf8_general_ci */ ;
/*!50003 SET @saved_sql_mode       = @@sql_mode */ ;
/*!50003 SET sql_mode              = 'STRICT_TRANS_TABLES,NO_ENGINE_SUBSTITUTION' */ ;
DELIMITER ;;
CREATE DEFINER=`bento`@`%` PROCEDURE `Report_OrderDetails`(IN startDate date, IN endDate date)
BEGIN

DECLARE bDone INT;

DECLARE var1 INT;		-- pk_Box
DECLARE var2 INT;		-- pk_Order
DECLARE var3 timestamp;	-- created_at
DECLARE var4 timestamp;	-- updated_at
DECLARE var5 INT;		-- fk_Main
DECLARE var6 INT;		-- fk_Side1
DECLARE var7 INT;		-- fk_Side2
DECLARE var8 INT;		-- fk_Side3
DECLARE var9 INT;		-- fk_Side4


DECLARE curs CURSOR FOR  
	SELECT * 
    FROM CustomerBentoBox cbb 
    WHERE 
		# Convert from local timestamp to UTC, since that's what the DB and servers store time in
		cbb.created_at >= CONVERT_TZ(CONCAT(startDate, ' 00:00:00'),'America/Los_Angeles','UTC') AND 
        cbb.created_at <= CONVERT_TZ(CONCAT(endDate, ' 23:59:59'),'America/Los_Angeles','UTC')
	;

DECLARE CONTINUE HANDLER FOR NOT FOUND SET bDone = 1;

DROP TEMPORARY TABLE IF EXISTS tblResults;
CREATE TEMPORARY TABLE tblResults (
	`pk_BentoBox` int,
	`pk_Order` int,
	`UTC_created_at` timestamp,
    `UTC_created_date` date,
    `UTC_created_time` time,
    `Pacific_created_time` timestamp,
	`pk_Dish` int,
	`Dish Type` varchar(25),
    `Dish Name` varchar(60),
	`pk_User` int
);

OPEN curs;

SET bDone = 0;
do_stuff: LOOP

	FETCH curs INTO var1, var2, var3, var4, var5, var6, var7, var8, var9;
    
	IF bDone = 1 THEN -- exit cond. 
	  LEAVE do_stuff;
	END IF;

    #IF whatever_filtering_desired
	  -- here for whatever_transformation_may_be_desired
	INSERT INTO tblResults VALUES (var1, var2, var3, DATE(var3), TIME(var3), CONVERT_TZ(var3,'UTC','America/Los_Angeles'), var5, 
		(select `type` from Dish where pk_Dish = var5), (select `name` from Dish where pk_Dish = var5), (select fk_User from `Order` where pk_Order = var2));
    INSERT INTO tblResults VALUES (var1, var2, var3, DATE(var3), TIME(var3), CONVERT_TZ(var3,'UTC','America/Los_Angeles'), var6, 
		(select `type` from Dish where pk_Dish = var6), (select `name` from Dish where pk_Dish = var6), (select fk_User from `Order` where pk_Order = var2));
	INSERT INTO tblResults VALUES (var1, var2, var3, DATE(var3), TIME(var3), CONVERT_TZ(var3,'UTC','America/Los_Angeles'), var7, 
		(select `type` from Dish where pk_Dish = var7), (select `name` from Dish where pk_Dish = var7), (select fk_User from `Order` where pk_Order = var2));
	INSERT INTO tblResults VALUES (var1, var2, var3, DATE(var3), TIME(var3), CONVERT_TZ(var3,'UTC','America/Los_Angeles'), var8, 
		(select `type` from Dish where pk_Dish = var8), (select `name` from Dish where pk_Dish = var8), (select fk_User from `Order` where pk_Order = var2));
	INSERT INTO tblResults VALUES (var1, var2, var3, DATE(var3), TIME(var3), CONVERT_TZ(var3,'UTC','America/Los_Angeles'), var9, 
		(select `type` from Dish where pk_Dish = var9), (select `name` from Dish where pk_Dish = var9), (select fk_User from `Order` where pk_Order = var2));
    #END IF;
END LOOP do_stuff;

CLOSE curs;

SELECT * FROM tblResults;

END ;;
DELIMITER ;
/*!50003 SET sql_mode              = @saved_sql_mode */ ;
/*!50003 SET character_set_client  = @saved_cs_client */ ;
/*!50003 SET character_set_results = @saved_cs_results */ ;
/*!50003 SET collation_connection  = @saved_col_connection */ ;
/*!40103 SET TIME_ZONE=@OLD_TIME_ZONE */;

/*!40101 SET SQL_MODE=@OLD_SQL_MODE */;
/*!40014 SET FOREIGN_KEY_CHECKS=@OLD_FOREIGN_KEY_CHECKS */;
/*!40014 SET UNIQUE_CHECKS=@OLD_UNIQUE_CHECKS */;
/*!40101 SET CHARACTER_SET_CLIENT=@OLD_CHARACTER_SET_CLIENT */;
/*!40101 SET CHARACTER_SET_RESULTS=@OLD_CHARACTER_SET_RESULTS */;
/*!40101 SET COLLATION_CONNECTION=@OLD_COLLATION_CONNECTION */;
/*!40111 SET SQL_NOTES=@OLD_SQL_NOTES */;

-- Dump completed on 2015-08-17 22:02:05
